question,answer
"What is the price of Amaranthus in Port Blair market of South Andaman, Andaman and Nicobar?","Commodity: Amaranthus
Variety: Amaranthus
State: Andaman and Nicobar
District: South Andaman
Market: Port Blair
Arrival Date: 04/03/2019
Minimum Price: ₹6000
Maximum Price: ₹8000
Modal Price: ₹7000"
"What is the price of Banana - Green in Port Blair market of South Andaman, Andaman and Nicobar?","Commodity: Banana - Green
Variety: Banana - Green
State: Andaman and Nicobar
District: South Andaman
Market: Port Blair
Arrival Date: 04/03/2019
Minimum Price: ₹4500
Maximum Price: ₹5500
Modal Price: ₹5000"
"What is the price of Bhindi(Ladies Finger) in Port Blair market of South Andaman, Andaman and Nicobar?","Commodity: Bhindi(Ladies Finger)
Variety: Bhindi
State: Andaman and Nicobar
District: South Andaman
Market: Port Blair
Arrival Date: 04/03/2019
Minimum Price: ₹6000
Maximum Price: ₹8000
Modal Price: ₹7000"
"What is the price of Bitter gourd in Port Blair market of South Andaman, Andaman and Nicobar?","Commodity: Bitter gourd
Variety: Other
State: Andaman and Nicobar
District: South Andaman
Market: Port Blair
Arrival Date: 04/03/2019
Minimum Price: ₹6000
Maximum Price: ₹8000
Modal Price: ₹7000"
"What is the price of Black pepper in Port Blair market of South Andaman, Andaman and Nicobar?","Commodity: Black pepper
Variety: Other
State: Andaman and Nicobar
District: South Andaman
Market: Port Blair
Arrival Date: 04/03/2019
Minimum Price: ₹110000
Maximum Price: ₹130000
Modal Price: ₹120000"
"What is the price of Bottle gourd in Port Blair market of South Andaman, Andaman and Nicobar?","Commodity: Bottle gourd
Variety: Other
State: Andaman and Nicobar
District: South Andaman
Market: Port Blair
Arrival Date: 04/03/2019
Minimum Price: ₹3000
Maximum Price: ₹4000
Modal Price: ₹3500"
"What is the price of Brinjal in Port Blair market of South Andaman, Andaman and Nicobar?","Commodity: Brinjal
Variety: Other
State: Andaman and Nicobar
District: South Andaman
Market: Port Blair
Arrival Date: 04/03/2019
Minimum Price: ₹7000
Maximum Price: ₹8000
Modal Price: ₹7500"
"What is the price of Cabbage in Port Blair market of South Andaman, Andaman and Nicobar?","Commodity: Cabbage
Variety: Other
State: Andaman and Nicobar
District: South Andaman
Market: Port Blair
Arrival Date: 04/03/2019
Minimum Price: ₹6000
Maximum Price: ₹7000
Modal Price: ₹6500"
"What is the price of Carrot in Port Blair market of South Andaman, Andaman and Nicobar?","Commodity: Carrot
Variety: Other
State: Andaman and Nicobar
District: South Andaman
Market: Port Blair
Arrival Date: 04/03/2019
Minimum Price: ₹9000
Maximum Price: ₹11000
Modal Price: ₹10000"
"What is the price of Cauliflower in Port Blair market of South Andaman, Andaman and Nicobar?","Commodity: Cauliflower
Variety: Other
State: Andaman and Nicobar
District: South Andaman
Market: Port Blair
Arrival Date: 04/03/2019
Minimum Price: ₹10000
Maximum Price: ₹12000
Modal Price: ₹11000"
"What is the price of Cluster beans in Port Blair market of South Andaman, Andaman and Nicobar?","Commodity: Cluster beans
Variety: Cluster Beans
State: Andaman and Nicobar
District: South Andaman
Market: Port Blair
Arrival Date: 04/03/2019
Minimum Price: ₹8000
Maximum Price: ₹10000
Modal Price: ₹9000"
"What is the price of Coconut in Port Blair market of South Andaman, Andaman and Nicobar?","Commodity: Coconut
Variety: Big
State: Andaman and Nicobar
District: South Andaman
Market: Port Blair
Arrival Date: 04/03/2019
Minimum Price: ₹5400
Maximum Price: ₹6000
Modal Price: ₹5600"
"What is the price of Colacasia in Port Blair market of South Andaman, Andaman and Nicobar?","Commodity: Colacasia
Variety: Other
State: Andaman and Nicobar
District: South Andaman
Market: Port Blair
Arrival Date: 04/03/2019
Minimum Price: ₹5000
Maximum Price: ₹7000
Modal Price: ₹6000"
"What is the price of Onion in Port Blair market of South Andaman, Andaman and Nicobar?","Commodity: Onion
Variety: Other
State: Andaman and Nicobar
District: South Andaman
Market: Port Blair
Arrival Date: 04/03/2019
Minimum Price: ₹2000
Maximum Price: ₹3500
Modal Price: ₹3000"
"What is the price of Potato in Port Blair market of South Andaman, Andaman and Nicobar?","Commodity: Potato
Variety: Other
State: Andaman and Nicobar
District: South Andaman
Market: Port Blair
Arrival Date: 04/03/2019
Minimum Price: ₹2000
Maximum Price: ₹3500
Modal Price: ₹3000"
"What is the price of Tomato in Kalikiri market of Chittor, Andhra Pradesh?","Commodity: Tomato
Variety: Local
State: Andhra Pradesh
District: Chittor
Market: Kalikiri
Arrival Date: 04/03/2019
Minimum Price: ₹400
Maximum Price: ₹960
Modal Price: ₹620"
"What is the price of Tomato in Mulakalacheruvu market of Chittor, Andhra Pradesh?","Commodity: Tomato
Variety: Local
State: Andhra Pradesh
District: Chittor
Market: Mulakalacheruvu
Arrival Date: 04/03/2019
Minimum Price: ₹200
Maximum Price: ₹500
Modal Price: ₹300"
"What is the price of Tomato in Vayalapadu market of Chittor, Andhra Pradesh?","Commodity: Tomato
Variety: Local
State: Andhra Pradesh
District: Chittor
Market: Vayalapadu
Arrival Date: 04/03/2019
Minimum Price: ₹400
Maximum Price: ₹1120
Modal Price: ₹760"
"What is the price of Bengal Gram(Gram)(Whole) in Banaganapalli market of Kurnool, Andhra Pradesh?","Commodity: Bengal Gram(Gram)(Whole)
Variety: Desi (Whole)
State: Andhra Pradesh
District: Kurnool
Market: Banaganapalli
Arrival Date: 04/03/2019
Minimum Price: ₹4500
Maximum Price: ₹4700
Modal Price: ₹4600"
"What is the price of Jowar(Sorghum) in Banaganapalli market of Kurnool, Andhra Pradesh?","Commodity: Jowar(Sorghum)
Variety: Jowar ( White)
State: Andhra Pradesh
District: Kurnool
Market: Banaganapalli
Arrival Date: 04/03/2019
Minimum Price: ₹1800
Maximum Price: ₹1950
Modal Price: ₹1900"
"What is the price of Paddy(Dhan)(Common) in Banaganapalli market of Kurnool, Andhra Pradesh?","Commodity: Paddy(Dhan)(Common)
Variety: Sona Mahsuri
State: Andhra Pradesh
District: Kurnool
Market: Banaganapalli
Arrival Date: 04/03/2019
Minimum Price: ₹1900
Maximum Price: ₹2000
Modal Price: ₹1950"
"What is the price of Paddy(Dhan)(Common) in Attili market of West Godavari, Andhra Pradesh?","Commodity: Paddy(Dhan)(Common)
Variety: Paddy
State: Andhra Pradesh
District: West Godavari
Market: Attili
Arrival Date: 04/03/2019
Minimum Price: ₹1750
Maximum Price: ₹1770
Modal Price: ₹1760"
"What is the price of Lentil (Masur)(Whole) in Cachar market of Cachar, Assam?","Commodity: Lentil (Masur)(Whole)
Variety: Masur Dal
State: Assam
District: Cachar
Market: Cachar
Arrival Date: 04/03/2019
Minimum Price: ₹5200
Maximum Price: ₹7200
Modal Price: ₹7000"
"What is the price of Rice in Cachar market of Cachar, Assam?","Commodity: Rice
Variety: Common
State: Assam
District: Cachar
Market: Cachar
Arrival Date: 04/03/2019
Minimum Price: ₹2200
Maximum Price: ₹2500
Modal Price: ₹2400"
"What is the price of Rice in Cachar market of Cachar, Assam?","Commodity: Rice
Variety: Fine
State: Assam
District: Cachar
Market: Cachar
Arrival Date: 04/03/2019
Minimum Price: ₹2500
Maximum Price: ₹3000
Modal Price: ₹2800"
"What is the price of Bitter gourd in Kharupetia market of Darrang, Assam?","Commodity: Bitter gourd
Variety: Bitter Gourd
State: Assam
District: Darrang
Market: Kharupetia
Arrival Date: 04/03/2019
Minimum Price: ₹6000
Maximum Price: ₹6500
Modal Price: ₹6400"
"What is the price of Bottle gourd in Kharupetia market of Darrang, Assam?","Commodity: Bottle gourd
Variety: Bottle Gourd
State: Assam
District: Darrang
Market: Kharupetia
Arrival Date: 04/03/2019
Minimum Price: ₹800
Maximum Price: ₹900
Modal Price: ₹850"
"What is the price of Brinjal in Kharupetia market of Darrang, Assam?","Commodity: Brinjal
Variety: Round
State: Assam
District: Darrang
Market: Kharupetia
Arrival Date: 04/03/2019
Minimum Price: ₹800
Maximum Price: ₹900
Modal Price: ₹850"
"What is the price of Cabbage in Kharupetia market of Darrang, Assam?","Commodity: Cabbage
Variety: Cabbage
State: Assam
District: Darrang
Market: Kharupetia
Arrival Date: 04/03/2019
Minimum Price: ₹300
Maximum Price: ₹400
Modal Price: ₹350"
"What is the price of Carrot in Kharupetia market of Darrang, Assam?","Commodity: Carrot
Variety: Carrot
State: Assam
District: Darrang
Market: Kharupetia
Arrival Date: 04/03/2019
Minimum Price: ₹1000
Maximum Price: ₹1100
Modal Price: ₹1050"
"What is the price of Cauliflower in Kharupetia market of Darrang, Assam?","Commodity: Cauliflower
Variety: Local
State: Assam
District: Darrang
Market: Kharupetia
Arrival Date: 04/03/2019
Minimum Price: ₹1400
Maximum Price: ₹1500
Modal Price: ₹1450"
"What is the price of Cluster beans in Kharupetia market of Darrang, Assam?","Commodity: Cluster beans
Variety: Cluster Beans
State: Assam
District: Darrang
Market: Kharupetia
Arrival Date: 04/03/2019
Minimum Price: ₹4000
Maximum Price: ₹4200
Modal Price: ₹4100"
"What is the price of Cucumbar(Kheera) in Kharupetia market of Darrang, Assam?","Commodity: Cucumbar(Kheera)
Variety: Cucumbar
State: Assam
District: Darrang
Market: Kharupetia
Arrival Date: 04/03/2019
Minimum Price: ₹1500
Maximum Price: ₹1600
Modal Price: ₹1550"
"What is the price of Field Pea in Kharupetia market of Darrang, Assam?","Commodity: Field Pea
Variety: Field Pea
State: Assam
District: Darrang
Market: Kharupetia
Arrival Date: 04/03/2019
Minimum Price: ₹2800
Maximum Price: ₹3000
Modal Price: ₹2900"
"What is the price of French Beans (Frasbean) in Kharupetia market of Darrang, Assam?","Commodity: French Beans (Frasbean)
Variety: French Beans (Frasbean)
State: Assam
District: Darrang
Market: Kharupetia
Arrival Date: 04/03/2019
Minimum Price: ₹2200
Maximum Price: ₹2300
Modal Price: ₹2250"
"What is the price of Green Chilli in Kharupetia market of Darrang, Assam?","Commodity: Green Chilli
Variety: Green Chilly
State: Assam
District: Darrang
Market: Kharupetia
Arrival Date: 04/03/2019
Minimum Price: ₹3500
Maximum Price: ₹3700
Modal Price: ₹3600"
"What is the price of Knool Khol in Kharupetia market of Darrang, Assam?","Commodity: Knool Khol
Variety: Knool Khol
State: Assam
District: Darrang
Market: Kharupetia
Arrival Date: 04/03/2019
Minimum Price: ₹900
Maximum Price: ₹1000
Modal Price: ₹950"
"What is the price of Potato in Kharupetia market of Darrang, Assam?","Commodity: Potato
Variety: Badshah
State: Assam
District: Darrang
Market: Kharupetia
Arrival Date: 04/03/2019
Minimum Price: ₹600
Maximum Price: ₹700
Modal Price: ₹650"
"What is the price of Pumpkin in Kharupetia market of Darrang, Assam?","Commodity: Pumpkin
Variety: Pumpkin
State: Assam
District: Darrang
Market: Kharupetia
Arrival Date: 04/03/2019
Minimum Price: ₹600
Maximum Price: ₹700
Modal Price: ₹650"
"What is the price of Raddish in Kharupetia market of Darrang, Assam?","Commodity: Raddish
Variety: Raddish
State: Assam
District: Darrang
Market: Kharupetia
Arrival Date: 04/03/2019
Minimum Price: ₹800
Maximum Price: ₹900
Modal Price: ₹850"
"What is the price of Tomato in Kharupetia market of Darrang, Assam?","Commodity: Tomato
Variety: Hybrid
State: Assam
District: Darrang
Market: Kharupetia
Arrival Date: 04/03/2019
Minimum Price: ₹1100
Maximum Price: ₹1200
Modal Price: ₹1150"
"What is the price of Black Gram (Urd Beans)(Whole) in Gauripur market of Dhubri, Assam?","Commodity: Black Gram (Urd Beans)(Whole)
Variety: Black Gram (Whole)
State: Assam
District: Dhubri
Market: Gauripur
Arrival Date: 04/03/2019
Minimum Price: ₹4300
Maximum Price: ₹4425
Modal Price: ₹4400"
"What is the price of Green Gram (Moong)(Whole) in Gauripur market of Dhubri, Assam?","Commodity: Green Gram (Moong)(Whole)
Variety: Green (Whole)
State: Assam
District: Dhubri
Market: Gauripur
Arrival Date: 04/03/2019
Minimum Price: ₹6300
Maximum Price: ₹6640
Modal Price: ₹6400"
"What is the price of Jute in Gauripur market of Dhubri, Assam?","Commodity: Jute
Variety: TD-5
State: Assam
District: Dhubri
Market: Gauripur
Arrival Date: 04/03/2019
Minimum Price: ₹2700
Maximum Price: ₹3700
Modal Price: ₹2800"
"What is the price of Maida Atta in Gauripur market of Dhubri, Assam?","Commodity: Maida Atta
Variety: Maida Atta
State: Assam
District: Dhubri
Market: Gauripur
Arrival Date: 04/03/2019
Minimum Price: ₹2260
Maximum Price: ₹2550
Modal Price: ₹2370"
"What is the price of Mustard in Gauripur market of Dhubri, Assam?","Commodity: Mustard
Variety: Mustard
State: Assam
District: Dhubri
Market: Gauripur
Arrival Date: 04/03/2019
Minimum Price: ₹2300
Maximum Price: ₹2550
Modal Price: ₹2400"
"What is the price of Rice in Gauripur market of Dhubri, Assam?","Commodity: Rice
Variety: Fine
State: Assam
District: Dhubri
Market: Gauripur
Arrival Date: 04/03/2019
Minimum Price: ₹3500
Maximum Price: ₹5000
Modal Price: ₹4500"
"What is the price of Rice in Gauripur market of Dhubri, Assam?","Commodity: Rice
Variety: Medium
State: Assam
District: Dhubri
Market: Gauripur
Arrival Date: 04/03/2019
Minimum Price: ₹1800
Maximum Price: ₹3000
Modal Price: ₹2500"
"What is the price of Wheat Atta in Gauripur market of Dhubri, Assam?","Commodity: Wheat Atta
Variety: Wheat Atta
State: Assam
District: Dhubri
Market: Gauripur
Arrival Date: 04/03/2019
Minimum Price: ₹2200
Maximum Price: ₹2400
Modal Price: ₹2300"
"What is the price of Garlic in Jorhat market of Jorhat, Assam?","Commodity: Garlic
Variety: Garlic
State: Assam
District: Jorhat
Market: Jorhat
Arrival Date: 04/03/2019
Minimum Price: ₹3500
Maximum Price: ₹6000
Modal Price: ₹5000"
"What is the price of Green Gram (Moong)(Whole) in Jorhat market of Jorhat, Assam?","Commodity: Green Gram (Moong)(Whole)
Variety: Green (Whole)
State: Assam
District: Jorhat
Market: Jorhat
Arrival Date: 04/03/2019
Minimum Price: ₹6200
Maximum Price: ₹6800
Modal Price: ₹6600"
"What is the price of Masur Dal in Jorhat market of Jorhat, Assam?","Commodity: Masur Dal
Variety: Masur Dal
State: Assam
District: Jorhat
Market: Jorhat
Arrival Date: 04/03/2019
Minimum Price: ₹5200
Maximum Price: ₹6600
Modal Price: ₹6200"
"What is the price of Onion in Jorhat market of Jorhat, Assam?","Commodity: Onion
Variety: Onion
State: Assam
District: Jorhat
Market: Jorhat
Arrival Date: 04/03/2019
Minimum Price: ₹1150
Maximum Price: ₹1250
Modal Price: ₹1200"
"What is the price of Potato in Jorhat market of Jorhat, Assam?","Commodity: Potato
Variety: Potato
State: Assam
District: Jorhat
Market: Jorhat
Arrival Date: 04/03/2019
Minimum Price: ₹500
Maximum Price: ₹580
Modal Price: ₹550"
"What is the price of Rice in Jorhat market of Jorhat, Assam?","Commodity: Rice
Variety: Common
State: Assam
District: Jorhat
Market: Jorhat
Arrival Date: 04/03/2019
Minimum Price: ₹2500
Maximum Price: ₹7000
Modal Price: ₹3200"
"What is the price of Wheat Atta in Jorhat market of Jorhat, Assam?","Commodity: Wheat Atta
Variety: Wheat Atta
State: Assam
District: Jorhat
Market: Jorhat
Arrival Date: 04/03/2019
Minimum Price: ₹2600
Maximum Price: ₹3200
Modal Price: ₹2800"
"What is the price of Bitter gourd in Pamohi(Garchuk) market of Kamrup, Assam?","Commodity: Bitter gourd
Variety: Bitter Gourd
State: Assam
District: Kamrup
Market: Pamohi(Garchuk)
Arrival Date: 04/03/2019
Minimum Price: ₹5000
Maximum Price: ₹6000
Modal Price: ₹5500"
"What is the price of Brinjal in Pamohi(Garchuk) market of Kamrup, Assam?","Commodity: Brinjal
Variety: Brinjal
State: Assam
District: Kamrup
Market: Pamohi(Garchuk)
Arrival Date: 04/03/2019
Minimum Price: ₹1200
Maximum Price: ₹1400
Modal Price: ₹1300"
"What is the price of Cabbage in Pamohi(Garchuk) market of Kamrup, Assam?","Commodity: Cabbage
Variety: Cabbage
State: Assam
District: Kamrup
Market: Pamohi(Garchuk)
Arrival Date: 04/03/2019
Minimum Price: ₹300
Maximum Price: ₹600
Modal Price: ₹500"
"What is the price of Carrot in Pamohi(Garchuk) market of Kamrup, Assam?","Commodity: Carrot
Variety: Carrot
State: Assam
District: Kamrup
Market: Pamohi(Garchuk)
Arrival Date: 04/03/2019
Minimum Price: ₹700
Maximum Price: ₹1200
Modal Price: ₹1000"
"What is the price of Cauliflower in Pamohi(Garchuk) market of Kamrup, Assam?","Commodity: Cauliflower
Variety: Cauliflower
State: Assam
District: Kamrup
Market: Pamohi(Garchuk)
Arrival Date: 04/03/2019
Minimum Price: ₹1800
Maximum Price: ₹2000
Modal Price: ₹1900"
"What is the price of Cucumbar(Kheera) in Pamohi(Garchuk) market of Kamrup, Assam?","Commodity: Cucumbar(Kheera)
Variety: Cucumbar
State: Assam
District: Kamrup
Market: Pamohi(Garchuk)
Arrival Date: 04/03/2019
Minimum Price: ₹1600
Maximum Price: ₹2200
Modal Price: ₹2000"
"What is the price of Garlic in Pamohi(Garchuk) market of Kamrup, Assam?","Commodity: Garlic
Variety: Garlic
State: Assam
District: Kamrup
Market: Pamohi(Garchuk)
Arrival Date: 04/03/2019
Minimum Price: ₹4000
Maximum Price: ₹5000
Modal Price: ₹4500"
"What is the price of Green Chilli in Pamohi(Garchuk) market of Kamrup, Assam?","Commodity: Green Chilli
Variety: Green Chilly
State: Assam
District: Kamrup
Market: Pamohi(Garchuk)
Arrival Date: 04/03/2019
Minimum Price: ₹1500
Maximum Price: ₹3000
Modal Price: ₹1600"
"What is the price of Onion in Pamohi(Garchuk) market of Kamrup, Assam?","Commodity: Onion
Variety: Onion
State: Assam
District: Kamrup
Market: Pamohi(Garchuk)
Arrival Date: 04/03/2019
Minimum Price: ₹950
Maximum Price: ₹1150
Modal Price: ₹1100"
"What is the price of Potato in Pamohi(Garchuk) market of Kamrup, Assam?","Commodity: Potato
Variety: Potato
State: Assam
District: Kamrup
Market: Pamohi(Garchuk)
Arrival Date: 04/03/2019
Minimum Price: ₹600
Maximum Price: ₹750
Modal Price: ₹700"
"What is the price of Pumpkin in Pamohi(Garchuk) market of Kamrup, Assam?","Commodity: Pumpkin
Variety: Pumpkin
State: Assam
District: Kamrup
Market: Pamohi(Garchuk)
Arrival Date: 04/03/2019
Minimum Price: ₹800
Maximum Price: ₹1000
Modal Price: ₹900"
"What is the price of Raddish in Pamohi(Garchuk) market of Kamrup, Assam?","Commodity: Raddish
Variety: Raddish
State: Assam
District: Kamrup
Market: Pamohi(Garchuk)
Arrival Date: 04/03/2019
Minimum Price: ₹1000
Maximum Price: ₹1200
Modal Price: ₹1100"
"What is the price of Ridgeguard(Tori) in Pamohi(Garchuk) market of Kamrup, Assam?","Commodity: Ridgeguard(Tori)
Variety: Ridgeguard(Tori)
State: Assam
District: Kamrup
Market: Pamohi(Garchuk)
Arrival Date: 04/03/2019
Minimum Price: ₹4000
Maximum Price: ₹4200
Modal Price: ₹4100"
"What is the price of Tomato in Pamohi(Garchuk) market of Kamrup, Assam?","Commodity: Tomato
Variety: Tomato
State: Assam
District: Kamrup
Market: Pamohi(Garchuk)
Arrival Date: 04/03/2019
Minimum Price: ₹1400
Maximum Price: ₹1500
Modal Price: ₹1450"
"What is the price of Arecanut(Betelnut/Supari) in Dhekiajuli market of Sonitpur, Assam?","Commodity: Arecanut(Betelnut/Supari)
Variety: Raw
State: Assam
District: Sonitpur
Market: Dhekiajuli
Arrival Date: 04/03/2019
Minimum Price: ₹2000
Maximum Price: ₹2200
Modal Price: ₹2200"
"What is the price of Arhar (Tur/Red Gram)(Whole) in Dhekiajuli market of Sonitpur, Assam?","Commodity: Arhar (Tur/Red Gram)(Whole)
Variety: Other
State: Assam
District: Sonitpur
Market: Dhekiajuli
Arrival Date: 04/03/2019
Minimum Price: ₹5700
Maximum Price: ₹5850
Modal Price: ₹5850"
"What is the price of Brinjal in Dhekiajuli market of Sonitpur, Assam?","Commodity: Brinjal
Variety: Other
State: Assam
District: Sonitpur
Market: Dhekiajuli
Arrival Date: 04/03/2019
Minimum Price: ₹700
Maximum Price: ₹750
Modal Price: ₹750"
"What is the price of Cabbage in Dhekiajuli market of Sonitpur, Assam?","Commodity: Cabbage
Variety: Other
State: Assam
District: Sonitpur
Market: Dhekiajuli
Arrival Date: 04/03/2019
Minimum Price: ₹650
Maximum Price: ₹700
Modal Price: ₹700"
"What is the price of Green Chilli in Dhekiajuli market of Sonitpur, Assam?","Commodity: Green Chilli
Variety: Green Chilly
State: Assam
District: Sonitpur
Market: Dhekiajuli
Arrival Date: 04/03/2019
Minimum Price: ₹1800
Maximum Price: ₹2000
Modal Price: ₹2000"
"What is the price of Jute in Dhekiajuli market of Sonitpur, Assam?","Commodity: Jute
Variety: TD-5
State: Assam
District: Sonitpur
Market: Dhekiajuli
Arrival Date: 04/03/2019
Minimum Price: ₹3600
Maximum Price: ₹3900
Modal Price: ₹3900"
"What is the price of Maize in Dhekiajuli market of Sonitpur, Assam?","Commodity: Maize
Variety: Other
State: Assam
District: Sonitpur
Market: Dhekiajuli
Arrival Date: 04/03/2019
Minimum Price: ₹1700
Maximum Price: ₹1800
Modal Price: ₹1800"
"What is the price of Mustard in Dhekiajuli market of Sonitpur, Assam?","Commodity: Mustard
Variety: Other
State: Assam
District: Sonitpur
Market: Dhekiajuli
Arrival Date: 04/03/2019
Minimum Price: ₹4000
Maximum Price: ₹4100
Modal Price: ₹4100"
"What is the price of Rice in Dhekiajuli market of Sonitpur, Assam?","Commodity: Rice
Variety: Common
State: Assam
District: Sonitpur
Market: Dhekiajuli
Arrival Date: 04/03/2019
Minimum Price: ₹2200
Maximum Price: ₹2500
Modal Price: ₹2400"
"What is the price of Rice in Dhekiajuli market of Sonitpur, Assam?","Commodity: Rice
Variety: Fine
State: Assam
District: Sonitpur
Market: Dhekiajuli
Arrival Date: 04/03/2019
Minimum Price: ₹2700
Maximum Price: ₹2900
Modal Price: ₹2800"
"What is the price of Dry Chillies in Jagdalpur market of Bastar, Chattisgarh?","Commodity: Dry Chillies
Variety: Dry
State: Chattisgarh
District: Bastar
Market: Jagdalpur
Arrival Date: 04/03/2019
Minimum Price: ₹4000
Maximum Price: ₹4410
Modal Price: ₹4200"
"What is the price of Paddy(Dhan)(Common) in Charama market of Kanker, Chattisgarh?","Commodity: Paddy(Dhan)(Common)
Variety: Other
State: Chattisgarh
District: Kanker
Market: Charama
Arrival Date: 04/03/2019
Minimum Price: ₹1500
Maximum Price: ₹1500
Modal Price: ₹1500"
"What is the price of Paddy(Dhan)(Common) in Lakhanpuri market of Kanker, Chattisgarh?","Commodity: Paddy(Dhan)(Common)
Variety: Other
State: Chattisgarh
District: Kanker
Market: Lakhanpuri
Arrival Date: 04/03/2019
Minimum Price: ₹1500
Maximum Price: ₹1500
Modal Price: ₹1500"
"What is the price of Paddy(Dhan)(Common) in Narharpur market of Kanker, Chattisgarh?","Commodity: Paddy(Dhan)(Common)
Variety: Other
State: Chattisgarh
District: Kanker
Market: Narharpur
Arrival Date: 04/03/2019
Minimum Price: ₹1500
Maximum Price: ₹1500
Modal Price: ₹1500"
"What is the price of Groundnut in Pratappur market of Surajpur, Chattisgarh?","Commodity: Groundnut
Variety: Other
State: Chattisgarh
District: Surajpur
Market: Pratappur
Arrival Date: 04/03/2019
Minimum Price: ₹4900
Maximum Price: ₹4900
Modal Price: ₹4900"
"What is the price of Arecanut(Betelnut/Supari) in Sanquelim market of North Goa, Goa?","Commodity: Arecanut(Betelnut/Supari)
Variety: Red
State: Goa
District: North Goa
Market: Sanquelim
Arrival Date: 04/03/2019
Minimum Price: ₹19000
Maximum Price: ₹20000
Modal Price: ₹19500"
"What is the price of Arecanut(Betelnut/Supari) in Sanquelim market of North Goa, Goa?","Commodity: Arecanut(Betelnut/Supari)
Variety: Supari
State: Goa
District: North Goa
Market: Sanquelim
Arrival Date: 04/03/2019
Minimum Price: ₹21500
Maximum Price: ₹23000
Modal Price: ₹22250"
"What is the price of Arecanut(Betelnut/Supari) in Sanquelim market of North Goa, Goa?","Commodity: Arecanut(Betelnut/Supari)
Variety: White
State: Goa
District: North Goa
Market: Sanquelim
Arrival Date: 04/03/2019
Minimum Price: ₹20000
Maximum Price: ₹21000
Modal Price: ₹20500"
"What is the price of Bhindi(Ladies Finger) in Damnagar market of Amreli, Gujarat?","Commodity: Bhindi(Ladies Finger)
Variety: Bhindi
State: Gujarat
District: Amreli
Market: Damnagar
Arrival Date: 04/03/2019
Minimum Price: ₹1450
Maximum Price: ₹1650
Modal Price: ₹1550"
"What is the price of Brinjal in Damnagar market of Amreli, Gujarat?","Commodity: Brinjal
Variety: Other
State: Gujarat
District: Amreli
Market: Damnagar
Arrival Date: 04/03/2019
Minimum Price: ₹1000
Maximum Price: ₹1200
Modal Price: ₹1100"
"What is the price of Capsicum in Damnagar market of Amreli, Gujarat?","Commodity: Capsicum
Variety: Capsicum
State: Gujarat
District: Amreli
Market: Damnagar
Arrival Date: 04/03/2019
Minimum Price: ₹1200
Maximum Price: ₹1400
Modal Price: ₹1300"
"What is the price of Guar in Damnagar market of Amreli, Gujarat?","Commodity: Guar
Variety: Gwar
State: Gujarat
District: Amreli
Market: Damnagar
Arrival Date: 04/03/2019
Minimum Price: ₹1500
Maximum Price: ₹1700
Modal Price: ₹1600"
"What is the price of Lemon in Damnagar market of Amreli, Gujarat?","Commodity: Lemon
Variety: Lemon
State: Gujarat
District: Amreli
Market: Damnagar
Arrival Date: 04/03/2019
Minimum Price: ₹1200
Maximum Price: ₹1400
Modal Price: ₹1300"
"What is the price of Bajra(Pearl Millet/Cumbu) in Khambhat(Grain Market) market of Anand, Gujarat?","Commodity: Bajra(Pearl Millet/Cumbu)
Variety: Other
State: Gujarat
District: Anand
Market: Khambhat(Grain Market)
Arrival Date: 04/03/2019
Minimum Price: ₹2040
Maximum Price: ₹2120
Modal Price: ₹2080"
"What is the price of Bajra(Pearl Millet/Cumbu) in Umreth market of Anand, Gujarat?","Commodity: Bajra(Pearl Millet/Cumbu)
Variety: Deshi
State: Gujarat
District: Anand
Market: Umreth
Arrival Date: 04/03/2019
Minimum Price: ₹1950
Maximum Price: ₹2025
Modal Price: ₹2015"
"What is the price of Castor Seed in Umreth market of Anand, Gujarat?","Commodity: Castor Seed
Variety: Castor seed
State: Gujarat
District: Anand
Market: Umreth
Arrival Date: 04/03/2019
Minimum Price: ₹4800
Maximum Price: ₹4950
Modal Price: ₹4870"
"What is the price of Bhindi(Ladies Finger) in Ankleshwar market of Bharuch, Gujarat?","Commodity: Bhindi(Ladies Finger)
Variety: Bhindi
State: Gujarat
District: Bharuch
Market: Ankleshwar
Arrival Date: 04/03/2019
Minimum Price: ₹2750
Maximum Price: ₹3650
Modal Price: ₹3425"
"What is the price of Bottle gourd in Ankleshwar market of Bharuch, Gujarat?","Commodity: Bottle gourd
Variety: Bottle Gourd
State: Gujarat
District: Bharuch
Market: Ankleshwar
Arrival Date: 04/03/2019
Minimum Price: ₹1400
Maximum Price: ₹2100
Modal Price: ₹1850"
"What is the price of Brinjal in Ankleshwar market of Bharuch, Gujarat?","Commodity: Brinjal
Variety: Round
State: Gujarat
District: Bharuch
Market: Ankleshwar
Arrival Date: 04/03/2019
Minimum Price: ₹425
Maximum Price: ₹875
Modal Price: ₹650"
"What is the price of Cabbage in Ankleshwar market of Bharuch, Gujarat?","Commodity: Cabbage
Variety: Cabbage
State: Gujarat
District: Bharuch
Market: Ankleshwar
Arrival Date: 04/03/2019
Minimum Price: ₹750
Maximum Price: ₹1000
Modal Price: ₹925"
"What is the price of Capsicum in Ankleshwar market of Bharuch, Gujarat?","Commodity: Capsicum
Variety: Capsicum
State: Gujarat
District: Bharuch
Market: Ankleshwar
Arrival Date: 04/03/2019
Minimum Price: ₹2150
Maximum Price: ₹3000
Modal Price: ₹2600"
"What is the price of Carrot in Ankleshwar market of Bharuch, Gujarat?","Commodity: Carrot
Variety: Carrot
State: Gujarat
District: Bharuch
Market: Ankleshwar
Arrival Date: 04/03/2019
Minimum Price: ₹650
Maximum Price: ₹875
Modal Price: ₹825"
"What is the price of Cauliflower in Ankleshwar market of Bharuch, Gujarat?","Commodity: Cauliflower
Variety: Local
State: Gujarat
District: Bharuch
Market: Ankleshwar
Arrival Date: 04/03/2019
Minimum Price: ₹650
Maximum Price: ₹1500
Modal Price: ₹1100"
"What is the price of Coriander(Leaves) in Ankleshwar market of Bharuch, Gujarat?","Commodity: Coriander(Leaves)
Variety: Coriander
State: Gujarat
District: Bharuch
Market: Ankleshwar
Arrival Date: 04/03/2019
Minimum Price: ₹550
Maximum Price: ₹1000
Modal Price: ₹825"
"What is the price of Cowpea(Veg) in Ankleshwar market of Bharuch, Gujarat?","Commodity: Cowpea(Veg)
Variety: Cowpea (Veg)
State: Gujarat
District: Bharuch
Market: Ankleshwar
Arrival Date: 04/03/2019
Minimum Price: ₹2750
Maximum Price: ₹3650
Modal Price: ₹3425"
"What is the price of Cucumbar(Kheera) in Ankleshwar market of Bharuch, Gujarat?","Commodity: Cucumbar(Kheera)
Variety: Cucumbar
State: Gujarat
District: Bharuch
Market: Ankleshwar
Arrival Date: 04/03/2019
Minimum Price: ₹1500
Maximum Price: ₹2400
Modal Price: ₹2175"
"What is the price of Drumstick in Ankleshwar market of Bharuch, Gujarat?","Commodity: Drumstick
Variety: Drumstick
State: Gujarat
District: Bharuch
Market: Ankleshwar
Arrival Date: 04/03/2019
Minimum Price: ₹2800
Maximum Price: ₹3700
Modal Price: ₹3475"
"What is the price of Elephant Yam (Suran) in Ankleshwar market of Bharuch, Gujarat?","Commodity: Elephant Yam (Suran)
Variety: Elephant Yam (Suran)
State: Gujarat
District: Bharuch
Market: Ankleshwar
Arrival Date: 04/03/2019
Minimum Price: ₹2150
Maximum Price: ₹3000
Modal Price: ₹2825"
"What is the price of Ginger(Green) in Ankleshwar market of Bharuch, Gujarat?","Commodity: Ginger(Green)
Variety: Green Ginger
State: Gujarat
District: Bharuch
Market: Ankleshwar
Arrival Date: 04/03/2019
Minimum Price: ₹5450
Maximum Price: ₹6350
Modal Price: ₹6100"
"What is the price of Green Chilli in Ankleshwar market of Bharuch, Gujarat?","Commodity: Green Chilli
Variety: Green Chilly
State: Gujarat
District: Bharuch
Market: Ankleshwar
Arrival Date: 04/03/2019
Minimum Price: ₹2600
Maximum Price: ₹3300
Modal Price: ₹3000"
"What is the price of Indian Beans (Seam) in Ankleshwar market of Bharuch, Gujarat?","Commodity: Indian Beans (Seam)
Variety: Indian Beans (Seam)
State: Gujarat
District: Bharuch
Market: Ankleshwar
Arrival Date: 04/03/2019
Minimum Price: ₹1000
Maximum Price: ₹1700
Modal Price: ₹1450"
"What is the price of Lemon in Ankleshwar market of Bharuch, Gujarat?","Commodity: Lemon
Variety: Lemon
State: Gujarat
District: Bharuch
Market: Ankleshwar
Arrival Date: 04/03/2019
Minimum Price: ₹3250
Maximum Price: ₹3950
Modal Price: ₹3700"
"What is the price of Methi(Leaves) in Ankleshwar market of Bharuch, Gujarat?","Commodity: Methi(Leaves)
Variety: Methi
State: Gujarat
District: Bharuch
Market: Ankleshwar
Arrival Date: 04/03/2019
Minimum Price: ₹600
Maximum Price: ₹1000
Modal Price: ₹825"
"What is the price of Onion Green in Ankleshwar market of Bharuch, Gujarat?","Commodity: Onion Green
Variety: Onion Green
State: Gujarat
District: Bharuch
Market: Ankleshwar
Arrival Date: 04/03/2019
Minimum Price: ₹1000
Maximum Price: ₹1400
Modal Price: ₹1225"
"What is the price of Peas cod in Ankleshwar market of Bharuch, Gujarat?","Commodity: Peas cod
Variety: Peas cod
State: Gujarat
District: Bharuch
Market: Ankleshwar
Arrival Date: 04/03/2019
Minimum Price: ₹1100
Maximum Price: ₹1500
Modal Price: ₹1325"
"What is the price of Pegeon Pea (Arhar Fali) in Ankleshwar market of Bharuch, Gujarat?","Commodity: Pegeon Pea (Arhar Fali)
Variety: Pigeon Pea (Arhar Fali)
State: Gujarat
District: Bharuch
Market: Ankleshwar
Arrival Date: 04/03/2019
Minimum Price: ₹2750
Maximum Price: ₹3650
Modal Price: ₹3475"
"What is the price of Sponge gourd in Ankleshwar market of Bharuch, Gujarat?","Commodity: Sponge gourd
Variety: Sponge gourd
State: Gujarat
District: Bharuch
Market: Ankleshwar
Arrival Date: 04/03/2019
Minimum Price: ₹1325
Maximum Price: ₹1725
Modal Price: ₹1500"
"What is the price of Surat Beans (Papadi) in Ankleshwar market of Bharuch, Gujarat?","Commodity: Surat Beans (Papadi)
Variety: Surat Beans (Papadi)
State: Gujarat
District: Bharuch
Market: Ankleshwar
Arrival Date: 04/03/2019
Minimum Price: ₹2225
Maximum Price: ₹2625
Modal Price: ₹2450"
"What is the price of Sweet Potato in Ankleshwar market of Bharuch, Gujarat?","Commodity: Sweet Potato
Variety: Sweet Potato
State: Gujarat
District: Bharuch
Market: Ankleshwar
Arrival Date: 04/03/2019
Minimum Price: ₹2225
Maximum Price: ₹3125
Modal Price: ₹2900"
"What is the price of Tinda in Ankleshwar market of Bharuch, Gujarat?","Commodity: Tinda
Variety: Tinda
State: Gujarat
District: Bharuch
Market: Ankleshwar
Arrival Date: 04/03/2019
Minimum Price: ₹2750
Maximum Price: ₹3450
Modal Price: ₹3150"
"What is the price of Tomato in Ankleshwar market of Bharuch, Gujarat?","Commodity: Tomato
Variety: Tomato
State: Gujarat
District: Bharuch
Market: Ankleshwar
Arrival Date: 04/03/2019
Minimum Price: ₹750
Maximum Price: ₹1650
Modal Price: ₹1425"
"What is the price of Guar Seed(Cluster Beans Seed) in Bachau market of Kachchh, Gujarat?","Commodity: Guar Seed(Cluster Beans Seed)
Variety: Whole
State: Gujarat
District: Kachchh
Market: Bachau
Arrival Date: 04/03/2019
Minimum Price: ₹4000
Maximum Price: ₹4025
Modal Price: ₹4010"
"What is the price of Potato in Nadiyad(Chaklasi) market of Kheda, Gujarat?","Commodity: Potato
Variety: Potato
State: Gujarat
District: Kheda
Market: Nadiyad(Chaklasi)
Arrival Date: 04/03/2019
Minimum Price: ₹600
Maximum Price: ₹800
Modal Price: ₹700"
"What is the price of Sweet Potato in Nadiyad(Chaklasi) market of Kheda, Gujarat?","Commodity: Sweet Potato
Variety: Sweet Potato
State: Gujarat
District: Kheda
Market: Nadiyad(Chaklasi)
Arrival Date: 04/03/2019
Minimum Price: ₹1250
Maximum Price: ₹1650
Modal Price: ₹1450"
"What is the price of Arhar (Tur/Red Gram)(Whole) in Gogamba market of Panchmahals, Gujarat?","Commodity: Arhar (Tur/Red Gram)(Whole)
Variety: Other
State: Gujarat
District: Panchmahals
Market: Gogamba
Arrival Date: 04/03/2019
Minimum Price: ₹4800
Maximum Price: ₹4900
Modal Price: ₹4850"
"What is the price of Cotton in Gogamba market of Panchmahals, Gujarat?","Commodity: Cotton
Variety: Other
State: Gujarat
District: Panchmahals
Market: Gogamba
Arrival Date: 04/03/2019
Minimum Price: ₹4500
Maximum Price: ₹4600
Modal Price: ₹4550"
"What is the price of Maize in Gogamba market of Panchmahals, Gujarat?","Commodity: Maize
Variety: Deshi White
State: Gujarat
District: Panchmahals
Market: Gogamba
Arrival Date: 04/03/2019
Minimum Price: ₹1850
Maximum Price: ₹1950
Modal Price: ₹1900"
"What is the price of Paddy(Dhan)(Common) in Gogamba market of Panchmahals, Gujarat?","Commodity: Paddy(Dhan)(Common)
Variety: G. R. 11
State: Gujarat
District: Panchmahals
Market: Gogamba
Arrival Date: 04/03/2019
Minimum Price: ₹1500
Maximum Price: ₹1550
Modal Price: ₹1525"
"What is the price of Wheat in Gogamba market of Panchmahals, Gujarat?","Commodity: Wheat
Variety: Other
State: Gujarat
District: Panchmahals
Market: Gogamba
Arrival Date: 04/03/2019
Minimum Price: ₹1850
Maximum Price: ₹1950
Modal Price: ₹1900"
"What is the price of Bajra(Pearl Millet/Cumbu) in Gogamba(Similiya) market of Panchmahals, Gujarat?","Commodity: Bajra(Pearl Millet/Cumbu)
Variety: Other
State: Gujarat
District: Panchmahals
Market: Gogamba(Similiya)
Arrival Date: 04/03/2019
Minimum Price: ₹1750
Maximum Price: ₹1850
Modal Price: ₹1800"
"What is the price of Maize in Gogamba(Similiya) market of Panchmahals, Gujarat?","Commodity: Maize
Variety: Deshi White
State: Gujarat
District: Panchmahals
Market: Gogamba(Similiya)
Arrival Date: 04/03/2019
Minimum Price: ₹1800
Maximum Price: ₹1900
Modal Price: ₹1850"
"What is the price of Paddy(Dhan)(Common) in Gogamba(Similiya) market of Panchmahals, Gujarat?","Commodity: Paddy(Dhan)(Common)
Variety: Other
State: Gujarat
District: Panchmahals
Market: Gogamba(Similiya)
Arrival Date: 04/03/2019
Minimum Price: ₹1400
Maximum Price: ₹1450
Modal Price: ₹1425"
"What is the price of Brinjal in Bardoli(Katod) market of Surat, Gujarat?","Commodity: Brinjal
Variety: Other
State: Gujarat
District: Surat
Market: Bardoli(Katod)
Arrival Date: 04/03/2019
Minimum Price: ₹600
Maximum Price: ₹1400
Modal Price: ₹1150"
"What is the price of Cabbage in Bardoli(Katod) market of Surat, Gujarat?","Commodity: Cabbage
Variety: Other
State: Gujarat
District: Surat
Market: Bardoli(Katod)
Arrival Date: 04/03/2019
Minimum Price: ₹700
Maximum Price: ₹1250
Modal Price: ₹1100"
"What is the price of Tomato in Bardoli(Katod) market of Surat, Gujarat?","Commodity: Tomato
Variety: Other
State: Gujarat
District: Surat
Market: Bardoli(Katod)
Arrival Date: 04/03/2019
Minimum Price: ₹700
Maximum Price: ₹1600
Modal Price: ₹1300"
"What is the price of Bhindi(Ladies Finger) in Mandvi market of Surat, Gujarat?","Commodity: Bhindi(Ladies Finger)
Variety: Other
State: Gujarat
District: Surat
Market: Mandvi
Arrival Date: 04/03/2019
Minimum Price: ₹3755
Maximum Price: ₹3755
Modal Price: ₹3755"
"What is the price of Brinjal in Mandvi market of Surat, Gujarat?","Commodity: Brinjal
Variety: Other
State: Gujarat
District: Surat
Market: Mandvi
Arrival Date: 04/03/2019
Minimum Price: ₹600
Maximum Price: ₹1765
Modal Price: ₹1182"
"What is the price of Cowpea(Veg) in Mandvi market of Surat, Gujarat?","Commodity: Cowpea(Veg)
Variety: Other
State: Gujarat
District: Surat
Market: Mandvi
Arrival Date: 04/03/2019
Minimum Price: ₹1900
Maximum Price: ₹3955
Modal Price: ₹2927"
"What is the price of Paddy(Dhan)(Common) in Mandvi market of Surat, Gujarat?","Commodity: Paddy(Dhan)(Common)
Variety: Other
State: Gujarat
District: Surat
Market: Mandvi
Arrival Date: 04/03/2019
Minimum Price: ₹1450
Maximum Price: ₹1500
Modal Price: ₹1475"
"What is the price of Pegeon Pea (Arhar Fali) in Mandvi market of Surat, Gujarat?","Commodity: Pegeon Pea (Arhar Fali)
Variety: Other
State: Gujarat
District: Surat
Market: Mandvi
Arrival Date: 04/03/2019
Minimum Price: ₹2010
Maximum Price: ₹4000
Modal Price: ₹3005"
"What is the price of Surat Beans (Papadi) in Mandvi market of Surat, Gujarat?","Commodity: Surat Beans (Papadi)
Variety: Other
State: Gujarat
District: Surat
Market: Mandvi
Arrival Date: 04/03/2019
Minimum Price: ₹2300
Maximum Price: ₹3995
Modal Price: ₹3147"
"What is the price of Tomato in Mandvi market of Surat, Gujarat?","Commodity: Tomato
Variety: Other
State: Gujarat
District: Surat
Market: Mandvi
Arrival Date: 04/03/2019
Minimum Price: ₹670
Maximum Price: ₹2105
Modal Price: ₹1387"
"What is the price of Bhindi(Ladies Finger) in S.Mandvi market of Surat, Gujarat?","Commodity: Bhindi(Ladies Finger)
Variety: Other
State: Gujarat
District: Surat
Market: S.Mandvi
Arrival Date: 04/03/2019
Minimum Price: ₹3755
Maximum Price: ₹3755
Modal Price: ₹3755"
"What is the price of Brinjal in S.Mandvi market of Surat, Gujarat?","Commodity: Brinjal
Variety: Other
State: Gujarat
District: Surat
Market: S.Mandvi
Arrival Date: 04/03/2019
Minimum Price: ₹600
Maximum Price: ₹1765
Modal Price: ₹1182"
"What is the price of Cowpea(Veg) in S.Mandvi market of Surat, Gujarat?","Commodity: Cowpea(Veg)
Variety: Other
State: Gujarat
District: Surat
Market: S.Mandvi
Arrival Date: 04/03/2019
Minimum Price: ₹1900
Maximum Price: ₹3955
Modal Price: ₹2927"
"What is the price of Paddy(Dhan)(Common) in S.Mandvi market of Surat, Gujarat?","Commodity: Paddy(Dhan)(Common)
Variety: Other
State: Gujarat
District: Surat
Market: S.Mandvi
Arrival Date: 04/03/2019
Minimum Price: ₹1450
Maximum Price: ₹1500
Modal Price: ₹1475"
"What is the price of Pegeon Pea (Arhar Fali) in S.Mandvi market of Surat, Gujarat?","Commodity: Pegeon Pea (Arhar Fali)
Variety: Other
State: Gujarat
District: Surat
Market: S.Mandvi
Arrival Date: 04/03/2019
Minimum Price: ₹2010
Maximum Price: ₹4000
Modal Price: ₹3005"
"What is the price of Surat Beans (Papadi) in S.Mandvi market of Surat, Gujarat?","Commodity: Surat Beans (Papadi)
Variety: Other
State: Gujarat
District: Surat
Market: S.Mandvi
Arrival Date: 04/03/2019
Minimum Price: ₹2300
Maximum Price: ₹3995
Modal Price: ₹3147"
"What is the price of Tomato in S.Mandvi market of Surat, Gujarat?","Commodity: Tomato
Variety: Other
State: Gujarat
District: Surat
Market: S.Mandvi
Arrival Date: 04/03/2019
Minimum Price: ₹670
Maximum Price: ₹2105
Modal Price: ₹1387"
"What is the price of Bitter gourd in Vyra market of Surat, Gujarat?","Commodity: Bitter gourd
Variety: Bitter Gourd
State: Gujarat
District: Surat
Market: Vyra
Arrival Date: 04/03/2019
Minimum Price: ₹4800
Maximum Price: ₹5250
Modal Price: ₹5025"
"What is the price of Bottle gourd in Vyra market of Surat, Gujarat?","Commodity: Bottle gourd
Variety: Other
State: Gujarat
District: Surat
Market: Vyra
Arrival Date: 04/03/2019
Minimum Price: ₹800
Maximum Price: ₹1300
Modal Price: ₹1050"
"What is the price of Brinjal in Vyra market of Surat, Gujarat?","Commodity: Brinjal
Variety: Brinjal
State: Gujarat
District: Surat
Market: Vyra
Arrival Date: 04/03/2019
Minimum Price: ₹500
Maximum Price: ₹800
Modal Price: ₹650"
"What is the price of Cabbage in Vyra market of Surat, Gujarat?","Commodity: Cabbage
Variety: Other
State: Gujarat
District: Surat
Market: Vyra
Arrival Date: 04/03/2019
Minimum Price: ₹800
Maximum Price: ₹1100
Modal Price: ₹950"
"What is the price of Cauliflower in Vyra market of Surat, Gujarat?","Commodity: Cauliflower
Variety: Other
State: Gujarat
District: Surat
Market: Vyra
Arrival Date: 04/03/2019
Minimum Price: ₹2000
Maximum Price: ₹2500
Modal Price: ₹2250"
"What is the price of Cucumbar(Kheera) in Vyra market of Surat, Gujarat?","Commodity: Cucumbar(Kheera)
Variety: Other
State: Gujarat
District: Surat
Market: Vyra
Arrival Date: 04/03/2019
Minimum Price: ₹2250
Maximum Price: ₹2750
Modal Price: ₹2500"
"What is the price of Gram Raw(Chholia) in Vyra market of Surat, Gujarat?","Commodity: Gram Raw(Chholia)
Variety: Other
State: Gujarat
District: Surat
Market: Vyra
Arrival Date: 04/03/2019
Minimum Price: ₹1750
Maximum Price: ₹2250
Modal Price: ₹2000"
"What is the price of Guar in Vyra market of Surat, Gujarat?","Commodity: Guar
Variety: Other
State: Gujarat
District: Surat
Market: Vyra
Arrival Date: 04/03/2019
Minimum Price: ₹4500
Maximum Price: ₹6000
Modal Price: ₹5200"
"What is the price of Little gourd (Kundru) in Vyra market of Surat, Gujarat?","Commodity: Little gourd (Kundru)
Variety: Other
State: Gujarat
District: Surat
Market: Vyra
Arrival Date: 04/03/2019
Minimum Price: ₹3250
Maximum Price: ₹3500
Modal Price: ₹3350"
"What is the price of Paddy(Dhan)(Common) in Vyra market of Surat, Gujarat?","Commodity: Paddy(Dhan)(Common)
Variety: Sabnam
State: Gujarat
District: Surat
Market: Vyra
Arrival Date: 04/03/2019
Minimum Price: ₹1665
Maximum Price: ₹1730
Modal Price: ₹1697"
"What is the price of Pegeon Pea (Arhar Fali) in Vyra market of Surat, Gujarat?","Commodity: Pegeon Pea (Arhar Fali)
Variety: Other
State: Gujarat
District: Surat
Market: Vyra
Arrival Date: 04/03/2019
Minimum Price: ₹2750
Maximum Price: ₹3000
Modal Price: ₹2850"
"What is the price of Ridgeguard(Tori) in Vyra market of Surat, Gujarat?","Commodity: Ridgeguard(Tori)
Variety: Other
State: Gujarat
District: Surat
Market: Vyra
Arrival Date: 04/03/2019
Minimum Price: ₹2500
Maximum Price: ₹3000
Modal Price: ₹2750"
"What is the price of Round gourd in Vyra market of Surat, Gujarat?","Commodity: Round gourd
Variety: Other
State: Gujarat
District: Surat
Market: Vyra
Arrival Date: 04/03/2019
Minimum Price: ₹1300
Maximum Price: ₹1500
Modal Price: ₹1400"
"What is the price of Tomato in Vyra market of Surat, Gujarat?","Commodity: Tomato
Variety: Other
State: Gujarat
District: Surat
Market: Vyra
Arrival Date: 04/03/2019
Minimum Price: ₹1100
Maximum Price: ₹1500
Modal Price: ₹1300"
"What is the price of Cotton in Bodeli market of Vadodara(Baroda), Gujarat?","Commodity: Cotton
Variety: Shanker 6 (B) 30mm FIne
State: Gujarat
District: Vadodara(Baroda)
Market: Bodeli
Arrival Date: 04/03/2019
Minimum Price: ₹5301
Maximum Price: ₹5520
Modal Price: ₹5400"
"What is the price of Cotton in Bodeli(Hadod) market of Vadodara(Baroda), Gujarat?","Commodity: Cotton
Variety: Shanker 6 (B) 30mm FIne
State: Gujarat
District: Vadodara(Baroda)
Market: Bodeli(Hadod)
Arrival Date: 04/03/2019
Minimum Price: ₹5301
Maximum Price: ₹5514
Modal Price: ₹5400"
"What is the price of Cotton in Bodeli(Kalediya) market of Vadodara(Baroda), Gujarat?","Commodity: Cotton
Variety: Shanker 6 (B) 30mm FIne
State: Gujarat
District: Vadodara(Baroda)
Market: Bodeli(Kalediya)
Arrival Date: 04/03/2019
Minimum Price: ₹5301
Maximum Price: ₹5517
Modal Price: ₹5400"
"What is the price of Cotton in Bodeli(Modasar) market of Vadodara(Baroda), Gujarat?","Commodity: Cotton
Variety: Shanker 6 (B) 30mm FIne
State: Gujarat
District: Vadodara(Baroda)
Market: Bodeli(Modasar)
Arrival Date: 04/03/2019
Minimum Price: ₹5301
Maximum Price: ₹5519
Modal Price: ₹5400"
"What is the price of Bhindi(Ladies Finger) in Padra market of Vadodara(Baroda), Gujarat?","Commodity: Bhindi(Ladies Finger)
Variety: Other
State: Gujarat
District: Vadodara(Baroda)
Market: Padra
Arrival Date: 04/03/2019
Minimum Price: ₹3500
Maximum Price: ₹4000
Modal Price: ₹3800"
"What is the price of Bitter gourd in Padra market of Vadodara(Baroda), Gujarat?","Commodity: Bitter gourd
Variety: Other
State: Gujarat
District: Vadodara(Baroda)
Market: Padra
Arrival Date: 04/03/2019
Minimum Price: ₹3500
Maximum Price: ₹4000
Modal Price: ₹3800"
"What is the price of Bottle gourd in Padra market of Vadodara(Baroda), Gujarat?","Commodity: Bottle gourd
Variety: Other
State: Gujarat
District: Vadodara(Baroda)
Market: Padra
Arrival Date: 04/03/2019
Minimum Price: ₹1500
Maximum Price: ₹2000
Modal Price: ₹1750"
"What is the price of Brinjal in Padra market of Vadodara(Baroda), Gujarat?","Commodity: Brinjal
Variety: Other
State: Gujarat
District: Vadodara(Baroda)
Market: Padra
Arrival Date: 04/03/2019
Minimum Price: ₹400
Maximum Price: ₹1000
Modal Price: ₹750"
"What is the price of Carrot in Padra market of Vadodara(Baroda), Gujarat?","Commodity: Carrot
Variety: Other
State: Gujarat
District: Vadodara(Baroda)
Market: Padra
Arrival Date: 04/03/2019
Minimum Price: ₹750
Maximum Price: ₹1000
Modal Price: ₹850"
"What is the price of Cauliflower in Padra market of Vadodara(Baroda), Gujarat?","Commodity: Cauliflower
Variety: Other
State: Gujarat
District: Vadodara(Baroda)
Market: Padra
Arrival Date: 04/03/2019
Minimum Price: ₹1000
Maximum Price: ₹1300
Modal Price: ₹1250"
"What is the price of Coriander(Leaves) in Padra market of Vadodara(Baroda), Gujarat?","Commodity: Coriander(Leaves)
Variety: Other
State: Gujarat
District: Vadodara(Baroda)
Market: Padra
Arrival Date: 04/03/2019
Minimum Price: ₹2500
Maximum Price: ₹3500
Modal Price: ₹3000"
"What is the price of Cowpea(Veg) in Padra market of Vadodara(Baroda), Gujarat?","Commodity: Cowpea(Veg)
Variety: Other
State: Gujarat
District: Vadodara(Baroda)
Market: Padra
Arrival Date: 04/03/2019
Minimum Price: ₹3000
Maximum Price: ₹3500
Modal Price: ₹3300"
"What is the price of Cucumbar(Kheera) in Padra market of Vadodara(Baroda), Gujarat?","Commodity: Cucumbar(Kheera)
Variety: Other
State: Gujarat
District: Vadodara(Baroda)
Market: Padra
Arrival Date: 04/03/2019
Minimum Price: ₹1250
Maximum Price: ₹2500
Modal Price: ₹1750"
"What is the price of Drumstick in Padra market of Vadodara(Baroda), Gujarat?","Commodity: Drumstick
Variety: Other
State: Gujarat
District: Vadodara(Baroda)
Market: Padra
Arrival Date: 04/03/2019
Minimum Price: ₹1250
Maximum Price: ₹1750
Modal Price: ₹1400"
"What is the price of Elephant Yam (Suran) in Padra market of Vadodara(Baroda), Gujarat?","Commodity: Elephant Yam (Suran)
Variety: Other
State: Gujarat
District: Vadodara(Baroda)
Market: Padra
Arrival Date: 04/03/2019
Minimum Price: ₹1500
Maximum Price: ₹1750
Modal Price: ₹1650"
"What is the price of Ginger(Green) in Padra market of Vadodara(Baroda), Gujarat?","Commodity: Ginger(Green)
Variety: Other
State: Gujarat
District: Vadodara(Baroda)
Market: Padra
Arrival Date: 04/03/2019
Minimum Price: ₹6000
Maximum Price: ₹6500
Modal Price: ₹6300"
"What is the price of Green Chilli in Padra market of Vadodara(Baroda), Gujarat?","Commodity: Green Chilli
Variety: Green Chilly
State: Gujarat
District: Vadodara(Baroda)
Market: Padra
Arrival Date: 04/03/2019
Minimum Price: ₹2750
Maximum Price: ₹3500
Modal Price: ₹3000"
"What is the price of Indian Beans (Seam) in Padra market of Vadodara(Baroda), Gujarat?","Commodity: Indian Beans (Seam)
Variety: Other
State: Gujarat
District: Vadodara(Baroda)
Market: Padra
Arrival Date: 04/03/2019
Minimum Price: ₹2000
Maximum Price: ₹2250
Modal Price: ₹2100"
"What is the price of Leafy Vegetable in Padra market of Vadodara(Baroda), Gujarat?","Commodity: Leafy Vegetable
Variety: Leafy Vegetables
State: Gujarat
District: Vadodara(Baroda)
Market: Padra
Arrival Date: 04/03/2019
Minimum Price: ₹500
Maximum Price: ₹1000
Modal Price: ₹750"
"What is the price of Lemon in Padra market of Vadodara(Baroda), Gujarat?","Commodity: Lemon
Variety: Other
State: Gujarat
District: Vadodara(Baroda)
Market: Padra
Arrival Date: 04/03/2019
Minimum Price: ₹3500
Maximum Price: ₹5000
Modal Price: ₹4150"
"What is the price of Methi(Leaves) in Padra market of Vadodara(Baroda), Gujarat?","Commodity: Methi(Leaves)
Variety: Other
State: Gujarat
District: Vadodara(Baroda)
Market: Padra
Arrival Date: 04/03/2019
Minimum Price: ₹700
Maximum Price: ₹1000
Modal Price: ₹850"
"What is the price of Mint(Pudina) in Padra market of Vadodara(Baroda), Gujarat?","Commodity: Mint(Pudina)
Variety: Other
State: Gujarat
District: Vadodara(Baroda)
Market: Padra
Arrival Date: 04/03/2019
Minimum Price: ₹1000
Maximum Price: ₹1500
Modal Price: ₹1300"
"What is the price of Onion in Padra market of Vadodara(Baroda), Gujarat?","Commodity: Onion
Variety: Other
State: Gujarat
District: Vadodara(Baroda)
Market: Padra
Arrival Date: 04/03/2019
Minimum Price: ₹500
Maximum Price: ₹700
Modal Price: ₹600"
"What is the price of Papaya (Raw) in Padra market of Vadodara(Baroda), Gujarat?","Commodity: Papaya (Raw)
Variety: Other
State: Gujarat
District: Vadodara(Baroda)
Market: Padra
Arrival Date: 04/03/2019
Minimum Price: ₹700
Maximum Price: ₹1000
Modal Price: ₹850"
"What is the price of Peas cod in Padra market of Vadodara(Baroda), Gujarat?","Commodity: Peas cod
Variety: Other
State: Gujarat
District: Vadodara(Baroda)
Market: Padra
Arrival Date: 04/03/2019
Minimum Price: ₹1500
Maximum Price: ₹1750
Modal Price: ₹1600"
"What is the price of Pegeon Pea (Arhar Fali) in Padra market of Vadodara(Baroda), Gujarat?","Commodity: Pegeon Pea (Arhar Fali)
Variety: Other
State: Gujarat
District: Vadodara(Baroda)
Market: Padra
Arrival Date: 04/03/2019
Minimum Price: ₹2500
Maximum Price: ₹3500
Modal Price: ₹3000"
"What is the price of Potato in Padra market of Vadodara(Baroda), Gujarat?","Commodity: Potato
Variety: Other
State: Gujarat
District: Vadodara(Baroda)
Market: Padra
Arrival Date: 04/03/2019
Minimum Price: ₹600
Maximum Price: ₹750
Modal Price: ₹700"
"What is the price of Pumpkin in Padra market of Vadodara(Baroda), Gujarat?","Commodity: Pumpkin
Variety: Other
State: Gujarat
District: Vadodara(Baroda)
Market: Padra
Arrival Date: 04/03/2019
Minimum Price: ₹500
Maximum Price: ₹2000
Modal Price: ₹950"
"What is the price of Raddish in Padra market of Vadodara(Baroda), Gujarat?","Commodity: Raddish
Variety: Other
State: Gujarat
District: Vadodara(Baroda)
Market: Padra
Arrival Date: 04/03/2019
Minimum Price: ₹800
Maximum Price: ₹1000
Modal Price: ₹850"
"What is the price of Spinach in Padra market of Vadodara(Baroda), Gujarat?","Commodity: Spinach
Variety: Other
State: Gujarat
District: Vadodara(Baroda)
Market: Padra
Arrival Date: 04/03/2019
Minimum Price: ₹450
Maximum Price: ₹500
Modal Price: ₹475"
"What is the price of Sponge gourd in Padra market of Vadodara(Baroda), Gujarat?","Commodity: Sponge gourd
Variety: Other
State: Gujarat
District: Vadodara(Baroda)
Market: Padra
Arrival Date: 04/03/2019
Minimum Price: ₹1750
Maximum Price: ₹2250
Modal Price: ₹1950"
"What is the price of Surat Beans (Papadi) in Padra market of Vadodara(Baroda), Gujarat?","Commodity: Surat Beans (Papadi)
Variety: Other
State: Gujarat
District: Vadodara(Baroda)
Market: Padra
Arrival Date: 04/03/2019
Minimum Price: ₹2000
Maximum Price: ₹3000
Modal Price: ₹2500"
"What is the price of Sweet Potato in Padra market of Vadodara(Baroda), Gujarat?","Commodity: Sweet Potato
Variety: Other
State: Gujarat
District: Vadodara(Baroda)
Market: Padra
Arrival Date: 04/03/2019
Minimum Price: ₹1500
Maximum Price: ₹2000
Modal Price: ₹1700"
"What is the price of Tomato in Padra market of Vadodara(Baroda), Gujarat?","Commodity: Tomato
Variety: Other
State: Gujarat
District: Vadodara(Baroda)
Market: Padra
Arrival Date: 04/03/2019
Minimum Price: ₹1200
Maximum Price: ₹1500
Modal Price: ₹1350"
"What is the price of Bitter gourd in Chikli(Khorgam) market of Valsad, Gujarat?","Commodity: Bitter gourd
Variety: Other
State: Gujarat
District: Valsad
Market: Chikli(Khorgam)
Arrival Date: 04/03/2019
Minimum Price: ₹5500
Maximum Price: ₹6250
Modal Price: ₹5875"
"What is the price of Bottle gourd in Chikli(Khorgam) market of Valsad, Gujarat?","Commodity: Bottle gourd
Variety: Other
State: Gujarat
District: Valsad
Market: Chikli(Khorgam)
Arrival Date: 04/03/2019
Minimum Price: ₹1250
Maximum Price: ₹1500
Modal Price: ₹1375"
"What is the price of Pointed gourd (Parval) in Chikli(Khorgam) market of Valsad, Gujarat?","Commodity: Pointed gourd (Parval)
Variety: Other
State: Gujarat
District: Valsad
Market: Chikli(Khorgam)
Arrival Date: 04/03/2019
Minimum Price: ₹5000
Maximum Price: ₹5500
Modal Price: ₹5250"
"What is the price of Tinda in Chikli(Khorgam) market of Valsad, Gujarat?","Commodity: Tinda
Variety: Other
State: Gujarat
District: Valsad
Market: Chikli(Khorgam)
Arrival Date: 04/03/2019
Minimum Price: ₹2750
Maximum Price: ₹3000
Modal Price: ₹2875"
"What is the price of Banana in Shahzadpur market of Ambala, Haryana?","Commodity: Banana
Variety: Other
State: Haryana
District: Ambala
Market: Shahzadpur
Arrival Date: 04/03/2019
Minimum Price: ₹3000
Maximum Price: ₹3000
Modal Price: ₹3000"
"What is the price of Ber(Zizyphus/Borehannu) in Shahzadpur market of Ambala, Haryana?","Commodity: Ber(Zizyphus/Borehannu)
Variety: Ber(Zizyphus)
State: Haryana
District: Ambala
Market: Shahzadpur
Arrival Date: 04/03/2019
Minimum Price: ₹2000
Maximum Price: ₹4000
Modal Price: ₹3000"
"What is the price of Carrot in Shahzadpur market of Ambala, Haryana?","Commodity: Carrot
Variety: Carrot
State: Haryana
District: Ambala
Market: Shahzadpur
Arrival Date: 04/03/2019
Minimum Price: ₹700
Maximum Price: ₹700
Modal Price: ₹700"
"What is the price of Coriander(Leaves) in Shahzadpur market of Ambala, Haryana?","Commodity: Coriander(Leaves)
Variety: Coriander
State: Haryana
District: Ambala
Market: Shahzadpur
Arrival Date: 04/03/2019
Minimum Price: ₹1000
Maximum Price: ₹1805
Modal Price: ₹1805"
"What is the price of Garlic in Shahzadpur market of Ambala, Haryana?","Commodity: Garlic
Variety: Desi
State: Haryana
District: Ambala
Market: Shahzadpur
Arrival Date: 04/03/2019
Minimum Price: ₹3000
Maximum Price: ₹3000
Modal Price: ₹3000"
"What is the price of Ginger(Green) in Shahzadpur market of Ambala, Haryana?","Commodity: Ginger(Green)
Variety: Green Ginger
State: Haryana
District: Ambala
Market: Shahzadpur
Arrival Date: 04/03/2019
Minimum Price: ₹8000
Maximum Price: ₹8000
Modal Price: ₹8000"
"What is the price of Grapes in Shahzadpur market of Ambala, Haryana?","Commodity: Grapes
Variety: Green
State: Haryana
District: Ambala
Market: Shahzadpur
Arrival Date: 04/03/2019
Minimum Price: ₹4000
Maximum Price: ₹4000
Modal Price: ₹4000"
"What is the price of Green Chilli in Shahzadpur market of Ambala, Haryana?","Commodity: Green Chilli
Variety: Green Chilly
State: Haryana
District: Ambala
Market: Shahzadpur
Arrival Date: 04/03/2019
Minimum Price: ₹4500
Maximum Price: ₹5200
Modal Price: ₹5000"
"What is the price of Kinnow in Shahzadpur market of Ambala, Haryana?","Commodity: Kinnow
Variety: Other
State: Haryana
District: Ambala
Market: Shahzadpur
Arrival Date: 04/03/2019
Minimum Price: ₹1200
Maximum Price: ₹2000
Modal Price: ₹1500"
"What is the price of Leafy Vegetable in Shahzadpur market of Ambala, Haryana?","Commodity: Leafy Vegetable
Variety: Leafy Vegetables
State: Haryana
District: Ambala
Market: Shahzadpur
Arrival Date: 04/03/2019
Minimum Price: ₹1000
Maximum Price: ₹1000
Modal Price: ₹1000"
"What is the price of Methi(Leaves) in Shahzadpur market of Ambala, Haryana?","Commodity: Methi(Leaves)
Variety: Methi
State: Haryana
District: Ambala
Market: Shahzadpur
Arrival Date: 04/03/2019
Minimum Price: ₹1200
Maximum Price: ₹1500
Modal Price: ₹1410"
"What is the price of Peas Wet in Shahzadpur market of Ambala, Haryana?","Commodity: Peas Wet
Variety: Peas Wet
State: Haryana
District: Ambala
Market: Shahzadpur
Arrival Date: 04/03/2019
Minimum Price: ₹1000
Maximum Price: ₹1400
Modal Price: ₹1200"
"What is the price of Potato in Shahzadpur market of Ambala, Haryana?","Commodity: Potato
Variety: Local
State: Haryana
District: Ambala
Market: Shahzadpur
Arrival Date: 04/03/2019
Minimum Price: ₹325
Maximum Price: ₹350
Modal Price: ₹325"
"What is the price of Raddish in Shahzadpur market of Ambala, Haryana?","Commodity: Raddish
Variety: Raddish
State: Haryana
District: Ambala
Market: Shahzadpur
Arrival Date: 04/03/2019
Minimum Price: ₹500
Maximum Price: ₹600
Modal Price: ₹600"
"What is the price of Spinach in Shahzadpur market of Ambala, Haryana?","Commodity: Spinach
Variety: Spinach
State: Haryana
District: Ambala
Market: Shahzadpur
Arrival Date: 04/03/2019
Minimum Price: ₹600
Maximum Price: ₹715
Modal Price: ₹715"
"What is the price of Apple in Faridabad market of Faridabad, Haryana?","Commodity: Apple
Variety: Other
State: Haryana
District: Faridabad
Market: Faridabad
Arrival Date: 04/03/2019
Minimum Price: ₹4000
Maximum Price: ₹6000
Modal Price: ₹5000"
"What is the price of Cabbage in Faridabad market of Faridabad, Haryana?","Commodity: Cabbage
Variety: Other
State: Haryana
District: Faridabad
Market: Faridabad
Arrival Date: 04/03/2019
Minimum Price: ₹400
Maximum Price: ₹500
Modal Price: ₹450"
"What is the price of Carrot in Faridabad market of Faridabad, Haryana?","Commodity: Carrot
Variety: Other
State: Haryana
District: Faridabad
Market: Faridabad
Arrival Date: 04/03/2019
Minimum Price: ₹400
Maximum Price: ₹500
Modal Price: ₹450"
"What is the price of Cauliflower in Faridabad market of Faridabad, Haryana?","Commodity: Cauliflower
Variety: Cauliflower
State: Haryana
District: Faridabad
Market: Faridabad
Arrival Date: 04/03/2019
Minimum Price: ₹1500
Maximum Price: ₹2500
Modal Price: ₹2000"
"What is the price of Grapes in Faridabad market of Faridabad, Haryana?","Commodity: Grapes
Variety: Other
State: Haryana
District: Faridabad
Market: Faridabad
Arrival Date: 04/03/2019
Minimum Price: ₹3000
Maximum Price: ₹5000
Modal Price: ₹4000"
"What is the price of Green Chilli in Faridabad market of Faridabad, Haryana?","Commodity: Green Chilli
Variety: Other
State: Haryana
District: Faridabad
Market: Faridabad
Arrival Date: 04/03/2019
Minimum Price: ₹2800
Maximum Price: ₹3000
Modal Price: ₹2900"
"What is the price of Kinnow in Faridabad market of Faridabad, Haryana?","Commodity: Kinnow
Variety: Kinnow
State: Haryana
District: Faridabad
Market: Faridabad
Arrival Date: 04/03/2019
Minimum Price: ₹1000
Maximum Price: ₹1500
Modal Price: ₹1250"
"What is the price of Orange in Faridabad market of Faridabad, Haryana?","Commodity: Orange
Variety: Other
State: Haryana
District: Faridabad
Market: Faridabad
Arrival Date: 04/03/2019
Minimum Price: ₹1500
Maximum Price: ₹2500
Modal Price: ₹2000"
"What is the price of Peas Wet in Faridabad market of Faridabad, Haryana?","Commodity: Peas Wet
Variety: Other
State: Haryana
District: Faridabad
Market: Faridabad
Arrival Date: 04/03/2019
Minimum Price: ₹800
Maximum Price: ₹1000
Modal Price: ₹900"
"What is the price of Pomegranate in Faridabad market of Faridabad, Haryana?","Commodity: Pomegranate
Variety: Other
State: Haryana
District: Faridabad
Market: Faridabad
Arrival Date: 04/03/2019
Minimum Price: ₹3000
Maximum Price: ₹6000
Modal Price: ₹4500"
"What is the price of Potato in Faridabad market of Faridabad, Haryana?","Commodity: Potato
Variety: Other
State: Haryana
District: Faridabad
Market: Faridabad
Arrival Date: 04/03/2019
Minimum Price: ₹500
Maximum Price: ₹600
Modal Price: ₹550"
"What is the price of Raddish in Faridabad market of Faridabad, Haryana?","Commodity: Raddish
Variety: Other
State: Haryana
District: Faridabad
Market: Faridabad
Arrival Date: 04/03/2019
Minimum Price: ₹800
Maximum Price: ₹1000
Modal Price: ₹900"
"What is the price of Tomato in Faridabad market of Faridabad, Haryana?","Commodity: Tomato
Variety: Other
State: Haryana
District: Faridabad
Market: Faridabad
Arrival Date: 04/03/2019
Minimum Price: ₹1500
Maximum Price: ₹2000
Modal Price: ₹1750"
"What is the price of Banana in Pataudi market of Gurgaon, Haryana?","Commodity: Banana
Variety: Other
State: Haryana
District: Gurgaon
Market: Pataudi
Arrival Date: 04/03/2019
Minimum Price: ₹3000
Maximum Price: ₹3000
Modal Price: ₹3000"
"What is the price of Bottle gourd in Pataudi market of Gurgaon, Haryana?","Commodity: Bottle gourd
Variety: Other
State: Haryana
District: Gurgaon
Market: Pataudi
Arrival Date: 04/03/2019
Minimum Price: ₹2700
Maximum Price: ₹2700
Modal Price: ₹2700"
"What is the price of Cabbage in Pataudi market of Gurgaon, Haryana?","Commodity: Cabbage
Variety: Other
State: Haryana
District: Gurgaon
Market: Pataudi
Arrival Date: 04/03/2019
Minimum Price: ₹500
Maximum Price: ₹600
Modal Price: ₹550"
"What is the price of Carrot in Pataudi market of Gurgaon, Haryana?","Commodity: Carrot
Variety: Other
State: Haryana
District: Gurgaon
Market: Pataudi
Arrival Date: 04/03/2019
Minimum Price: ₹300
Maximum Price: ₹500
Modal Price: ₹400"
"What is the price of Cauliflower in Pataudi market of Gurgaon, Haryana?","Commodity: Cauliflower
Variety: Other
State: Haryana
District: Gurgaon
Market: Pataudi
Arrival Date: 04/03/2019
Minimum Price: ₹1400
Maximum Price: ₹1500
Modal Price: ₹1450"
"What is the price of Cucumbar(Kheera) in Pataudi market of Gurgaon, Haryana?","Commodity: Cucumbar(Kheera)
Variety: Other
State: Haryana
District: Gurgaon
Market: Pataudi
Arrival Date: 04/03/2019
Minimum Price: ₹1400
Maximum Price: ₹1400
Modal Price: ₹1400"
"What is the price of Grapes in Pataudi market of Gurgaon, Haryana?","Commodity: Grapes
Variety: Other
State: Haryana
District: Gurgaon
Market: Pataudi
Arrival Date: 04/03/2019
Minimum Price: ₹3000
Maximum Price: ₹4000
Modal Price: ₹3500"
"What is the price of Onion in Pataudi market of Gurgaon, Haryana?","Commodity: Onion
Variety: Other
State: Haryana
District: Gurgaon
Market: Pataudi
Arrival Date: 04/03/2019
Minimum Price: ₹800
Maximum Price: ₹1200
Modal Price: ₹1000"
"What is the price of Orange in Pataudi market of Gurgaon, Haryana?","Commodity: Orange
Variety: Other
State: Haryana
District: Gurgaon
Market: Pataudi
Arrival Date: 04/03/2019
Minimum Price: ₹1400
Maximum Price: ₹3000
Modal Price: ₹2200"
"What is the price of Papaya in Pataudi market of Gurgaon, Haryana?","Commodity: Papaya
Variety: Other
State: Haryana
District: Gurgaon
Market: Pataudi
Arrival Date: 04/03/2019
Minimum Price: ₹1500
Maximum Price: ₹1800
Modal Price: ₹1650"
"What is the price of Peas Wet in Pataudi market of Gurgaon, Haryana?","Commodity: Peas Wet
Variety: Other
State: Haryana
District: Gurgaon
Market: Pataudi
Arrival Date: 04/03/2019
Minimum Price: ₹1000
Maximum Price: ₹2000
Modal Price: ₹1500"
"What is the price of Pomegranate in Pataudi market of Gurgaon, Haryana?","Commodity: Pomegranate
Variety: Other
State: Haryana
District: Gurgaon
Market: Pataudi
Arrival Date: 04/03/2019
Minimum Price: ₹3500
Maximum Price: ₹5000
Modal Price: ₹4250"
"What is the price of Potato in Pataudi market of Gurgaon, Haryana?","Commodity: Potato
Variety: Other
State: Haryana
District: Gurgaon
Market: Pataudi
Arrival Date: 04/03/2019
Minimum Price: ₹600
Maximum Price: ₹700
Modal Price: ₹650"
"What is the price of Raddish in Pataudi market of Gurgaon, Haryana?","Commodity: Raddish
Variety: Other
State: Haryana
District: Gurgaon
Market: Pataudi
Arrival Date: 04/03/2019
Minimum Price: ₹500
Maximum Price: ₹1000
Modal Price: ₹750"
"What is the price of Spinach in Pataudi market of Gurgaon, Haryana?","Commodity: Spinach
Variety: Other
State: Haryana
District: Gurgaon
Market: Pataudi
Arrival Date: 04/03/2019
Minimum Price: ₹500
Maximum Price: ₹1000
Modal Price: ₹750"
"What is the price of Tinda in Pataudi market of Gurgaon, Haryana?","Commodity: Tinda
Variety: Other
State: Haryana
District: Gurgaon
Market: Pataudi
Arrival Date: 04/03/2019
Minimum Price: ₹1500
Maximum Price: ₹1600
Modal Price: ₹1550"
"What is the price of Tomato in Pataudi market of Gurgaon, Haryana?","Commodity: Tomato
Variety: Other
State: Haryana
District: Gurgaon
Market: Pataudi
Arrival Date: 04/03/2019
Minimum Price: ₹1200
Maximum Price: ₹1800
Modal Price: ₹1500"
"What is the price of Potato in Pipli market of Kurukshetra, Haryana?","Commodity: Potato
Variety: Badshah
State: Haryana
District: Kurukshetra
Market: Pipli
Arrival Date: 04/03/2019
Minimum Price: ₹100
Maximum Price: ₹400
Modal Price: ₹296"
"What is the price of Apple in Taura market of Mewat, Haryana?","Commodity: Apple
Variety: Other
State: Haryana
District: Mewat
Market: Taura
Arrival Date: 04/03/2019
Minimum Price: ₹8000
Maximum Price: ₹8000
Modal Price: ₹8000"
"What is the price of Banana in Taura market of Mewat, Haryana?","Commodity: Banana
Variety: Other
State: Haryana
District: Mewat
Market: Taura
Arrival Date: 04/03/2019
Minimum Price: ₹2000
Maximum Price: ₹2000
Modal Price: ₹2000"
"What is the price of Ber(Zizyphus/Borehannu) in Taura market of Mewat, Haryana?","Commodity: Ber(Zizyphus/Borehannu)
Variety: Other
State: Haryana
District: Mewat
Market: Taura
Arrival Date: 04/03/2019
Minimum Price: ₹1200
Maximum Price: ₹1300
Modal Price: ₹1300"
"What is the price of Bhindi(Ladies Finger) in Taura market of Mewat, Haryana?","Commodity: Bhindi(Ladies Finger)
Variety: Bhindi
State: Haryana
District: Mewat
Market: Taura
Arrival Date: 04/03/2019
Minimum Price: ₹6000
Maximum Price: ₹6000
Modal Price: ₹6000"
"What is the price of Carrot in Taura market of Mewat, Haryana?","Commodity: Carrot
Variety: Carrot
State: Haryana
District: Mewat
Market: Taura
Arrival Date: 04/03/2019
Minimum Price: ₹600
Maximum Price: ₹700
Modal Price: ₹700"
"What is the price of Chikoos(Sapota) in Taura market of Mewat, Haryana?","Commodity: Chikoos(Sapota)
Variety: Other
State: Haryana
District: Mewat
Market: Taura
Arrival Date: 04/03/2019
Minimum Price: ₹3000
Maximum Price: ₹3500
Modal Price: ₹3500"
"What is the price of Cucumbar(Kheera) in Taura market of Mewat, Haryana?","Commodity: Cucumbar(Kheera)
Variety: Other
State: Haryana
District: Mewat
Market: Taura
Arrival Date: 04/03/2019
Minimum Price: ₹3000
Maximum Price: ₹3000
Modal Price: ₹3000"
"What is the price of Ginger(Green) in Taura market of Mewat, Haryana?","Commodity: Ginger(Green)
Variety: Other
State: Haryana
District: Mewat
Market: Taura
Arrival Date: 04/03/2019
Minimum Price: ₹9000
Maximum Price: ₹9000
Modal Price: ₹9000"
"What is the price of Grapes in Taura market of Mewat, Haryana?","Commodity: Grapes
Variety: Other
State: Haryana
District: Mewat
Market: Taura
Arrival Date: 04/03/2019
Minimum Price: ₹3000
Maximum Price: ₹3000
Modal Price: ₹3000"
"What is the price of Kinnow in Taura market of Mewat, Haryana?","Commodity: Kinnow
Variety: Other
State: Haryana
District: Mewat
Market: Taura
Arrival Date: 04/03/2019
Minimum Price: ₹1500
Maximum Price: ₹1500
Modal Price: ₹1500"
"What is the price of Orange in Taura market of Mewat, Haryana?","Commodity: Orange
Variety: Other
State: Haryana
District: Mewat
Market: Taura
Arrival Date: 04/03/2019
Minimum Price: ₹3000
Maximum Price: ₹3000
Modal Price: ₹3000"
"What is the price of Pomegranate in Taura market of Mewat, Haryana?","Commodity: Pomegranate
Variety: Other
State: Haryana
District: Mewat
Market: Taura
Arrival Date: 04/03/2019
Minimum Price: ₹5000
Maximum Price: ₹5000
Modal Price: ₹5000"
"What is the price of Potato in Taura market of Mewat, Haryana?","Commodity: Potato
Variety: Potato
State: Haryana
District: Mewat
Market: Taura
Arrival Date: 04/03/2019
Minimum Price: ₹700
Maximum Price: ₹700
Modal Price: ₹700"
"What is the price of Raddish in Taura market of Mewat, Haryana?","Commodity: Raddish
Variety: Other
State: Haryana
District: Mewat
Market: Taura
Arrival Date: 04/03/2019
Minimum Price: ₹800
Maximum Price: ₹800
Modal Price: ₹800"
"What is the price of Tomato in Taura market of Mewat, Haryana?","Commodity: Tomato
Variety: Tomato
State: Haryana
District: Mewat
Market: Taura
Arrival Date: 04/03/2019
Minimum Price: ₹1500
Maximum Price: ₹1500
Modal Price: ₹1500"
"What is the price of Cauliflower in Madlauda market of Panipat, Haryana?","Commodity: Cauliflower
Variety: Cauliflower
State: Haryana
District: Panipat
Market: Madlauda
Arrival Date: 04/03/2019
Minimum Price: ₹800
Maximum Price: ₹800
Modal Price: ₹800"
"What is the price of Onion in Madlauda market of Panipat, Haryana?","Commodity: Onion
Variety: Other
State: Haryana
District: Panipat
Market: Madlauda
Arrival Date: 04/03/2019
Minimum Price: ₹1500
Maximum Price: ₹1500
Modal Price: ₹1500"
"What is the price of Potato in Madlauda market of Panipat, Haryana?","Commodity: Potato
Variety: Other
State: Haryana
District: Panipat
Market: Madlauda
Arrival Date: 04/03/2019
Minimum Price: ₹1000
Maximum Price: ₹1000
Modal Price: ₹1000"
"What is the price of Tomato in Madlauda market of Panipat, Haryana?","Commodity: Tomato
Variety: Other
State: Haryana
District: Panipat
Market: Madlauda
Arrival Date: 04/03/2019
Minimum Price: ₹1500
Maximum Price: ₹1500
Modal Price: ₹1500"
"What is the price of Apple in Kangra(Jaisinghpur) market of Kangra, Himachal Pradesh?","Commodity: Apple
Variety: Apple
State: Himachal Pradesh
District: Kangra
Market: Kangra(Jaisinghpur)
Arrival Date: 04/03/2019
Minimum Price: ₹7000
Maximum Price: ₹7500
Modal Price: ₹7500"
"What is the price of Bottle gourd in Kangra(Jaisinghpur) market of Kangra, Himachal Pradesh?","Commodity: Bottle gourd
Variety: Bottle Gourd
State: Himachal Pradesh
District: Kangra
Market: Kangra(Jaisinghpur)
Arrival Date: 04/03/2019
Minimum Price: ₹2600
Maximum Price: ₹3000
Modal Price: ₹2800"
"What is the price of Brinjal in Kangra(Jaisinghpur) market of Kangra, Himachal Pradesh?","Commodity: Brinjal
Variety: Brinjal
State: Himachal Pradesh
District: Kangra
Market: Kangra(Jaisinghpur)
Arrival Date: 04/03/2019
Minimum Price: ₹2400
Maximum Price: ₹2600
Modal Price: ₹2500"
"What is the price of Cabbage in Kangra(Jaisinghpur) market of Kangra, Himachal Pradesh?","Commodity: Cabbage
Variety: Cabbage
State: Himachal Pradesh
District: Kangra
Market: Kangra(Jaisinghpur)
Arrival Date: 04/03/2019
Minimum Price: ₹700
Maximum Price: ₹900
Modal Price: ₹800"
"What is the price of Capsicum in Kangra(Jaisinghpur) market of Kangra, Himachal Pradesh?","Commodity: Capsicum
Variety: Capsicum
State: Himachal Pradesh
District: Kangra
Market: Kangra(Jaisinghpur)
Arrival Date: 04/03/2019
Minimum Price: ₹4500
Maximum Price: ₹5000
Modal Price: ₹4800"
"What is the price of Carrot in Kangra(Jaisinghpur) market of Kangra, Himachal Pradesh?","Commodity: Carrot
Variety: Carrot
State: Himachal Pradesh
District: Kangra
Market: Kangra(Jaisinghpur)
Arrival Date: 04/03/2019
Minimum Price: ₹900
Maximum Price: ₹1000
Modal Price: ₹1000"
"What is the price of Cauliflower in Kangra(Jaisinghpur) market of Kangra, Himachal Pradesh?","Commodity: Cauliflower
Variety: Cauliflower
State: Himachal Pradesh
District: Kangra
Market: Kangra(Jaisinghpur)
Arrival Date: 04/03/2019
Minimum Price: ₹900
Maximum Price: ₹1100
Modal Price: ₹1000"
"What is the price of Coriander(Leaves) in Kangra(Jaisinghpur) market of Kangra, Himachal Pradesh?","Commodity: Coriander(Leaves)
Variety: Coriander
State: Himachal Pradesh
District: Kangra
Market: Kangra(Jaisinghpur)
Arrival Date: 04/03/2019
Minimum Price: ₹2500
Maximum Price: ₹2500
Modal Price: ₹2500"
"What is the price of Kinnow in Kangra(Jaisinghpur) market of Kangra, Himachal Pradesh?","Commodity: Kinnow
Variety: Kinnow
State: Himachal Pradesh
District: Kangra
Market: Kangra(Jaisinghpur)
Arrival Date: 04/03/2019
Minimum Price: ₹2000
Maximum Price: ₹2400
Modal Price: ₹2200"
"What is the price of Peas Wet in Kangra(Jaisinghpur) market of Kangra, Himachal Pradesh?","Commodity: Peas Wet
Variety: Peas Wet
State: Himachal Pradesh
District: Kangra
Market: Kangra(Jaisinghpur)
Arrival Date: 04/03/2019
Minimum Price: ₹1700
Maximum Price: ₹1800
Modal Price: ₹1800"
"What is the price of Pomegranate in Kangra(Jaisinghpur) market of Kangra, Himachal Pradesh?","Commodity: Pomegranate
Variety: Other
State: Himachal Pradesh
District: Kangra
Market: Kangra(Jaisinghpur)
Arrival Date: 04/03/2019
Minimum Price: ₹7500
Maximum Price: ₹7500
Modal Price: ₹7500"
"What is the price of Potato in Kangra(Jaisinghpur) market of Kangra, Himachal Pradesh?","Commodity: Potato
Variety: Potato
State: Himachal Pradesh
District: Kangra
Market: Kangra(Jaisinghpur)
Arrival Date: 04/03/2019
Minimum Price: ₹700
Maximum Price: ₹800
Modal Price: ₹800"
"What is the price of Raddish in Kangra(Jaisinghpur) market of Kangra, Himachal Pradesh?","Commodity: Raddish
Variety: Raddish
State: Himachal Pradesh
District: Kangra
Market: Kangra(Jaisinghpur)
Arrival Date: 04/03/2019
Minimum Price: ₹0
Maximum Price: ₹700
Modal Price: ₹600"
"What is the price of Spinach in Kangra(Jaisinghpur) market of Kangra, Himachal Pradesh?","Commodity: Spinach
Variety: Other
State: Himachal Pradesh
District: Kangra
Market: Kangra(Jaisinghpur)
Arrival Date: 04/03/2019
Minimum Price: ₹1400
Maximum Price: ₹0
Modal Price: ₹1500"
"What is the price of Tomato in Kangra(Jaisinghpur) market of Kangra, Himachal Pradesh?","Commodity: Tomato
Variety: Tomato
State: Himachal Pradesh
District: Kangra
Market: Kangra(Jaisinghpur)
Arrival Date: 04/03/2019
Minimum Price: ₹1800
Maximum Price: ₹2200
Modal Price: ₹2000"
"What is the price of Apple in Kangra(Jassour) market of Kangra, Himachal Pradesh?","Commodity: Apple
Variety: Other
State: Himachal Pradesh
District: Kangra
Market: Kangra(Jassour)
Arrival Date: 04/03/2019
Minimum Price: ₹4000
Maximum Price: ₹6000
Modal Price: ₹5000"
"What is the price of Banana in Kangra(Jassour) market of Kangra, Himachal Pradesh?","Commodity: Banana
Variety: Other
State: Himachal Pradesh
District: Kangra
Market: Kangra(Jassour)
Arrival Date: 04/03/2019
Minimum Price: ₹2300
Maximum Price: ₹2500
Modal Price: ₹2400"
"What is the price of Bhindi(Ladies Finger) in Kangra(Jassour) market of Kangra, Himachal Pradesh?","Commodity: Bhindi(Ladies Finger)
Variety: Other
State: Himachal Pradesh
District: Kangra
Market: Kangra(Jassour)
Arrival Date: 04/03/2019
Minimum Price: ₹4000
Maximum Price: ₹4500
Modal Price: ₹4250"
"What is the price of Bottle gourd in Kangra(Jassour) market of Kangra, Himachal Pradesh?","Commodity: Bottle gourd
Variety: Other
State: Himachal Pradesh
District: Kangra
Market: Kangra(Jassour)
Arrival Date: 04/03/2019
Minimum Price: ₹2000
Maximum Price: ₹2500
Modal Price: ₹2250"
"What is the price of Brinjal in Kangra(Jassour) market of Kangra, Himachal Pradesh?","Commodity: Brinjal
Variety: Other
State: Himachal Pradesh
District: Kangra
Market: Kangra(Jassour)
Arrival Date: 04/03/2019
Minimum Price: ₹1200
Maximum Price: ₹1500
Modal Price: ₹1350"
"What is the price of Cabbage in Kangra(Jassour) market of Kangra, Himachal Pradesh?","Commodity: Cabbage
Variety: Other
State: Himachal Pradesh
District: Kangra
Market: Kangra(Jassour)
Arrival Date: 04/03/2019
Minimum Price: ₹400
Maximum Price: ₹500
Modal Price: ₹450"
"What is the price of Capsicum in Kangra(Jassour) market of Kangra, Himachal Pradesh?","Commodity: Capsicum
Variety: Other
State: Himachal Pradesh
District: Kangra
Market: Kangra(Jassour)
Arrival Date: 04/03/2019
Minimum Price: ₹4000
Maximum Price: ₹4500
Modal Price: ₹4250"
"What is the price of Carrot in Kangra(Jassour) market of Kangra, Himachal Pradesh?","Commodity: Carrot
Variety: Other
State: Himachal Pradesh
District: Kangra
Market: Kangra(Jassour)
Arrival Date: 04/03/2019
Minimum Price: ₹600
Maximum Price: ₹700
Modal Price: ₹650"
"What is the price of Cauliflower in Kangra(Jassour) market of Kangra, Himachal Pradesh?","Commodity: Cauliflower
Variety: Other
State: Himachal Pradesh
District: Kangra
Market: Kangra(Jassour)
Arrival Date: 04/03/2019
Minimum Price: ₹1200
Maximum Price: ₹1500
Modal Price: ₹1350"
"What is the price of Coriander(Leaves) in Kangra(Jassour) market of Kangra, Himachal Pradesh?","Commodity: Coriander(Leaves)
Variety: Other
State: Himachal Pradesh
District: Kangra
Market: Kangra(Jassour)
Arrival Date: 04/03/2019
Minimum Price: ₹1200
Maximum Price: ₹1500
Modal Price: ₹1350"
"What is the price of French Beans (Frasbean) in Kangra(Jassour) market of Kangra, Himachal Pradesh?","Commodity: French Beans (Frasbean)
Variety: Other
State: Himachal Pradesh
District: Kangra
Market: Kangra(Jassour)
Arrival Date: 04/03/2019
Minimum Price: ₹3800
Maximum Price: ₹4000
Modal Price: ₹3900"
"What is the price of Ginger(Green) in Kangra(Jassour) market of Kangra, Himachal Pradesh?","Commodity: Ginger(Green)
Variety: Other
State: Himachal Pradesh
District: Kangra
Market: Kangra(Jassour)
Arrival Date: 04/03/2019
Minimum Price: ₹8500
Maximum Price: ₹9000
Modal Price: ₹8750"
"What is the price of Grapes in Kangra(Jassour) market of Kangra, Himachal Pradesh?","Commodity: Grapes
Variety: Other
State: Himachal Pradesh
District: Kangra
Market: Kangra(Jassour)
Arrival Date: 04/03/2019
Minimum Price: ₹4000
Maximum Price: ₹5000
Modal Price: ₹4250"
"What is the price of Green Chilli in Kangra(Jassour) market of Kangra, Himachal Pradesh?","Commodity: Green Chilli
Variety: Other
State: Himachal Pradesh
District: Kangra
Market: Kangra(Jassour)
Arrival Date: 04/03/2019
Minimum Price: ₹6000
Maximum Price: ₹6500
Modal Price: ₹6250"
"What is the price of Kinnow in Kangra(Jassour) market of Kangra, Himachal Pradesh?","Commodity: Kinnow
Variety: Other
State: Himachal Pradesh
District: Kangra
Market: Kangra(Jassour)
Arrival Date: 04/03/2019
Minimum Price: ₹1500
Maximum Price: ₹1700
Modal Price: ₹1600"
"What is the price of Lemon in Kangra(Jassour) market of Kangra, Himachal Pradesh?","Commodity: Lemon
Variety: Other
State: Himachal Pradesh
District: Kangra
Market: Kangra(Jassour)
Arrival Date: 04/03/2019
Minimum Price: ₹3800
Maximum Price: ₹4000
Modal Price: ₹3900"
"What is the price of Mashrooms in Kangra(Jassour) market of Kangra, Himachal Pradesh?","Commodity: Mashrooms
Variety: Other
State: Himachal Pradesh
District: Kangra
Market: Kangra(Jassour)
Arrival Date: 04/03/2019
Minimum Price: ₹9000
Maximum Price: ₹10000
Modal Price: ₹9500"
"What is the price of Methi(Leaves) in Kangra(Jassour) market of Kangra, Himachal Pradesh?","Commodity: Methi(Leaves)
Variety: Other
State: Himachal Pradesh
District: Kangra
Market: Kangra(Jassour)
Arrival Date: 04/03/2019
Minimum Price: ₹900
Maximum Price: ₹1000
Modal Price: ₹950"
"What is the price of Mousambi(Sweet Lime) in Kangra(Jassour) market of Kangra, Himachal Pradesh?","Commodity: Mousambi(Sweet Lime)
Variety: Other
State: Himachal Pradesh
District: Kangra
Market: Kangra(Jassour)
Arrival Date: 04/03/2019
Minimum Price: ₹3500
Maximum Price: ₹4000
Modal Price: ₹3750"
"What is the price of Onion in Kangra(Jassour) market of Kangra, Himachal Pradesh?","Commodity: Onion
Variety: Other
State: Himachal Pradesh
District: Kangra
Market: Kangra(Jassour)
Arrival Date: 04/03/2019
Minimum Price: ₹700
Maximum Price: ₹800
Modal Price: ₹750"
"What is the price of Orange in Kangra(Jassour) market of Kangra, Himachal Pradesh?","Commodity: Orange
Variety: Other
State: Himachal Pradesh
District: Kangra
Market: Kangra(Jassour)
Arrival Date: 04/03/2019
Minimum Price: ₹3000
Maximum Price: ₹3500
Modal Price: ₹3250"
"What is the price of Papaya in Kangra(Jassour) market of Kangra, Himachal Pradesh?","Commodity: Papaya
Variety: Other
State: Himachal Pradesh
District: Kangra
Market: Kangra(Jassour)
Arrival Date: 04/03/2019
Minimum Price: ₹2000
Maximum Price: ₹2500
Modal Price: ₹2250"
"What is the price of Peas cod in Kangra(Jassour) market of Kangra, Himachal Pradesh?","Commodity: Peas cod
Variety: Other
State: Himachal Pradesh
District: Kangra
Market: Kangra(Jassour)
Arrival Date: 04/03/2019
Minimum Price: ₹1600
Maximum Price: ₹1700
Modal Price: ₹1650"
"What is the price of Pineapple in Kangra(Jassour) market of Kangra, Himachal Pradesh?","Commodity: Pineapple
Variety: Other
State: Himachal Pradesh
District: Kangra
Market: Kangra(Jassour)
Arrival Date: 04/03/2019
Minimum Price: ₹2000
Maximum Price: ₹2500
Modal Price: ₹2250"
"What is the price of Pomegranate in Kangra(Jassour) market of Kangra, Himachal Pradesh?","Commodity: Pomegranate
Variety: Other
State: Himachal Pradesh
District: Kangra
Market: Kangra(Jassour)
Arrival Date: 04/03/2019
Minimum Price: ₹4000
Maximum Price: ₹4500
Modal Price: ₹4250"
"What is the price of Potato in Kangra(Jassour) market of Kangra, Himachal Pradesh?","Commodity: Potato
Variety: Other
State: Himachal Pradesh
District: Kangra
Market: Kangra(Jassour)
Arrival Date: 04/03/2019
Minimum Price: ₹700
Maximum Price: ₹800
Modal Price: ₹750"
"What is the price of Raddish in Kangra(Jassour) market of Kangra, Himachal Pradesh?","Commodity: Raddish
Variety: Other
State: Himachal Pradesh
District: Kangra
Market: Kangra(Jassour)
Arrival Date: 04/03/2019
Minimum Price: ₹500
Maximum Price: ₹600
Modal Price: ₹550"
"What is the price of Spinach in Kangra(Jassour) market of Kangra, Himachal Pradesh?","Commodity: Spinach
Variety: Other
State: Himachal Pradesh
District: Kangra
Market: Kangra(Jassour)
Arrival Date: 04/03/2019
Minimum Price: ₹900
Maximum Price: ₹1000
Modal Price: ₹950"
"What is the price of Tomato in Kangra(Jassour) market of Kangra, Himachal Pradesh?","Commodity: Tomato
Variety: Other
State: Himachal Pradesh
District: Kangra
Market: Kangra(Jassour)
Arrival Date: 04/03/2019
Minimum Price: ₹2200
Maximum Price: ₹2500
Modal Price: ₹2350"
"What is the price of Apple in Palampur market of Kangra, Himachal Pradesh?","Commodity: Apple
Variety: Apple
State: Himachal Pradesh
District: Kangra
Market: Palampur
Arrival Date: 04/03/2019
Minimum Price: ₹7500
Maximum Price: ₹8000
Modal Price: ₹8000"
"What is the price of Ber(Zizyphus/Borehannu) in Palampur market of Kangra, Himachal Pradesh?","Commodity: Ber(Zizyphus/Borehannu)
Variety: Other
State: Himachal Pradesh
District: Kangra
Market: Palampur
Arrival Date: 04/03/2019
Minimum Price: ₹2400
Maximum Price: ₹2500
Modal Price: ₹2500"
"What is the price of Bhindi(Ladies Finger) in Palampur market of Kangra, Himachal Pradesh?","Commodity: Bhindi(Ladies Finger)
Variety: Other
State: Himachal Pradesh
District: Kangra
Market: Palampur
Arrival Date: 04/03/2019
Minimum Price: ₹6000
Maximum Price: ₹6500
Modal Price: ₹6500"
"What is the price of Bottle gourd in Palampur market of Kangra, Himachal Pradesh?","Commodity: Bottle gourd
Variety: Bottle Gourd
State: Himachal Pradesh
District: Kangra
Market: Palampur
Arrival Date: 04/03/2019
Minimum Price: ₹2800
Maximum Price: ₹3000
Modal Price: ₹3000"
"What is the price of Brinjal in Palampur market of Kangra, Himachal Pradesh?","Commodity: Brinjal
Variety: Other
State: Himachal Pradesh
District: Kangra
Market: Palampur
Arrival Date: 04/03/2019
Minimum Price: ₹2500
Maximum Price: ₹2500
Modal Price: ₹2500"
"What is the price of Cabbage in Palampur market of Kangra, Himachal Pradesh?","Commodity: Cabbage
Variety: Cabbage
State: Himachal Pradesh
District: Kangra
Market: Palampur
Arrival Date: 04/03/2019
Minimum Price: ₹800
Maximum Price: ₹900
Modal Price: ₹900"
"What is the price of Capsicum in Palampur market of Kangra, Himachal Pradesh?","Commodity: Capsicum
Variety: Capsicum
State: Himachal Pradesh
District: Kangra
Market: Palampur
Arrival Date: 04/03/2019
Minimum Price: ₹4500
Maximum Price: ₹4800
Modal Price: ₹4500"
"What is the price of Carrot in Palampur market of Kangra, Himachal Pradesh?","Commodity: Carrot
Variety: Carrot
State: Himachal Pradesh
District: Kangra
Market: Palampur
Arrival Date: 04/03/2019
Minimum Price: ₹800
Maximum Price: ₹900
Modal Price: ₹900"
"What is the price of Cauliflower in Palampur market of Kangra, Himachal Pradesh?","Commodity: Cauliflower
Variety: Cauliflower
State: Himachal Pradesh
District: Kangra
Market: Palampur
Arrival Date: 04/03/2019
Minimum Price: ₹1000
Maximum Price: ₹1100
Modal Price: ₹1100"
"What is the price of Cucumbar(Kheera) in Palampur market of Kangra, Himachal Pradesh?","Commodity: Cucumbar(Kheera)
Variety: Other
State: Himachal Pradesh
District: Kangra
Market: Palampur
Arrival Date: 04/03/2019
Minimum Price: ₹5000
Maximum Price: ₹5500
Modal Price: ₹5500"
"What is the price of French Beans (Frasbean) in Palampur market of Kangra, Himachal Pradesh?","Commodity: French Beans (Frasbean)
Variety: Other
State: Himachal Pradesh
District: Kangra
Market: Palampur
Arrival Date: 04/03/2019
Minimum Price: ₹5000
Maximum Price: ₹6000
Modal Price: ₹5500"
"What is the price of Ginger(Green) in Palampur market of Kangra, Himachal Pradesh?","Commodity: Ginger(Green)
Variety: Other
State: Himachal Pradesh
District: Kangra
Market: Palampur
Arrival Date: 04/03/2019
Minimum Price: ₹8000
Maximum Price: ₹9000
Modal Price: ₹9000"
"What is the price of Grapes in Palampur market of Kangra, Himachal Pradesh?","Commodity: Grapes
Variety: Other
State: Himachal Pradesh
District: Kangra
Market: Palampur
Arrival Date: 04/03/2019
Minimum Price: ₹6500
Maximum Price: ₹7000
Modal Price: ₹7000"
"What is the price of Green Chilli in Palampur market of Kangra, Himachal Pradesh?","Commodity: Green Chilli
Variety: Green Chilly
State: Himachal Pradesh
District: Kangra
Market: Palampur
Arrival Date: 04/03/2019
Minimum Price: ₹4500
Maximum Price: ₹5000
Modal Price: ₹5000"
"What is the price of Guava in Palampur market of Kangra, Himachal Pradesh?","Commodity: Guava
Variety: Other
State: Himachal Pradesh
District: Kangra
Market: Palampur
Arrival Date: 04/03/2019
Minimum Price: ₹4000
Maximum Price: ₹5000
Modal Price: ₹4500"
"What is the price of Kinnow in Palampur market of Kangra, Himachal Pradesh?","Commodity: Kinnow
Variety: Other
State: Himachal Pradesh
District: Kangra
Market: Palampur
Arrival Date: 04/03/2019
Minimum Price: ₹2000
Maximum Price: ₹2400
Modal Price: ₹2200"
"What is the price of Lemon in Palampur market of Kangra, Himachal Pradesh?","Commodity: Lemon
Variety: Other
State: Himachal Pradesh
District: Kangra
Market: Palampur
Arrival Date: 04/03/2019
Minimum Price: ₹5000
Maximum Price: ₹0
Modal Price: ₹5500"
"What is the price of Mashrooms in Palampur market of Kangra, Himachal Pradesh?","Commodity: Mashrooms
Variety: Other
State: Himachal Pradesh
District: Kangra
Market: Palampur
Arrival Date: 04/03/2019
Minimum Price: ₹15000
Maximum Price: ₹20000
Modal Price: ₹20000"
"What is the price of Mousambi(Sweet Lime) in Palampur market of Kangra, Himachal Pradesh?","Commodity: Mousambi(Sweet Lime)
Variety: Other
State: Himachal Pradesh
District: Kangra
Market: Palampur
Arrival Date: 04/03/2019
Minimum Price: ₹5000
Maximum Price: ₹0
Modal Price: ₹5500"
"What is the price of Onion in Palampur market of Kangra, Himachal Pradesh?","Commodity: Onion
Variety: Other
State: Himachal Pradesh
District: Kangra
Market: Palampur
Arrival Date: 04/03/2019
Minimum Price: ₹1000
Maximum Price: ₹1100
Modal Price: ₹1100"
"What is the price of Orange in Palampur market of Kangra, Himachal Pradesh?","Commodity: Orange
Variety: Other
State: Himachal Pradesh
District: Kangra
Market: Palampur
Arrival Date: 04/03/2019
Minimum Price: ₹4000
Maximum Price: ₹4500
Modal Price: ₹4500"
"What is the price of Papaya in Palampur market of Kangra, Himachal Pradesh?","Commodity: Papaya
Variety: Other
State: Himachal Pradesh
District: Kangra
Market: Palampur
Arrival Date: 04/03/2019
Minimum Price: ₹2400
Maximum Price: ₹2600
Modal Price: ₹2500"
"What is the price of Peas Wet in Palampur market of Kangra, Himachal Pradesh?","Commodity: Peas Wet
Variety: Other
State: Himachal Pradesh
District: Kangra
Market: Palampur
Arrival Date: 04/03/2019
Minimum Price: ₹1700
Maximum Price: ₹1800
Modal Price: ₹1800"
"What is the price of Pineapple in Palampur market of Kangra, Himachal Pradesh?","Commodity: Pineapple
Variety: Other
State: Himachal Pradesh
District: Kangra
Market: Palampur
Arrival Date: 04/03/2019
Minimum Price: ₹3500
Maximum Price: ₹4000
Modal Price: ₹4000"
"What is the price of Pomegranate in Palampur market of Kangra, Himachal Pradesh?","Commodity: Pomegranate
Variety: Other
State: Himachal Pradesh
District: Kangra
Market: Palampur
Arrival Date: 04/03/2019
Minimum Price: ₹7000
Maximum Price: ₹7500
Modal Price: ₹7500"
"What is the price of Potato in Palampur market of Kangra, Himachal Pradesh?","Commodity: Potato
Variety: Other
State: Himachal Pradesh
District: Kangra
Market: Palampur
Arrival Date: 04/03/2019
Minimum Price: ₹700
Maximum Price: ₹800
Modal Price: ₹800"
"What is the price of Pumpkin in Palampur market of Kangra, Himachal Pradesh?","Commodity: Pumpkin
Variety: Other
State: Himachal Pradesh
District: Kangra
Market: Palampur
Arrival Date: 04/03/2019
Minimum Price: ₹1600
Maximum Price: ₹1800
Modal Price: ₹1700"
"What is the price of Raddish in Palampur market of Kangra, Himachal Pradesh?","Commodity: Raddish
Variety: Raddish
State: Himachal Pradesh
District: Kangra
Market: Palampur
Arrival Date: 04/03/2019
Minimum Price: ₹700
Maximum Price: ₹800
Modal Price: ₹800"
"What is the price of Spinach in Palampur market of Kangra, Himachal Pradesh?","Commodity: Spinach
Variety: Spinach
State: Himachal Pradesh
District: Kangra
Market: Palampur
Arrival Date: 04/03/2019
Minimum Price: ₹1600
Maximum Price: ₹1800
Modal Price: ₹1700"
"What is the price of Tomato in Palampur market of Kangra, Himachal Pradesh?","Commodity: Tomato
Variety: Tomato
State: Himachal Pradesh
District: Kangra
Market: Palampur
Arrival Date: 04/03/2019
Minimum Price: ₹2000
Maximum Price: ₹2200
Modal Price: ₹2200"
"What is the price of Turnip in Palampur market of Kangra, Himachal Pradesh?","Commodity: Turnip
Variety: Other
State: Himachal Pradesh
District: Kangra
Market: Palampur
Arrival Date: 04/03/2019
Minimum Price: ₹1000
Maximum Price: ₹1200
Modal Price: ₹1200"
"What is the price of Banana in Bhuntar market of Kullu, Himachal Pradesh?","Commodity: Banana
Variety: Other
State: Himachal Pradesh
District: Kullu
Market: Bhuntar
Arrival Date: 04/03/2019
Minimum Price: ₹2340
Maximum Price: ₹2400
Modal Price: ₹2370"
"What is the price of Bhindi(Ladies Finger) in Bhuntar market of Kullu, Himachal Pradesh?","Commodity: Bhindi(Ladies Finger)
Variety: Other
State: Himachal Pradesh
District: Kullu
Market: Bhuntar
Arrival Date: 04/03/2019
Minimum Price: ₹5500
Maximum Price: ₹5800
Modal Price: ₹5650"
"What is the price of Bottle gourd in Bhuntar market of Kullu, Himachal Pradesh?","Commodity: Bottle gourd
Variety: Other
State: Himachal Pradesh
District: Kullu
Market: Bhuntar
Arrival Date: 04/03/2019
Minimum Price: ₹2500
Maximum Price: ₹2700
Modal Price: ₹2600"
"What is the price of Brinjal in Bhuntar market of Kullu, Himachal Pradesh?","Commodity: Brinjal
Variety: Other
State: Himachal Pradesh
District: Kullu
Market: Bhuntar
Arrival Date: 04/03/2019
Minimum Price: ₹2400
Maximum Price: ₹2600
Modal Price: ₹2500"
"What is the price of Cabbage in Bhuntar market of Kullu, Himachal Pradesh?","Commodity: Cabbage
Variety: Other
State: Himachal Pradesh
District: Kullu
Market: Bhuntar
Arrival Date: 04/03/2019
Minimum Price: ₹800
Maximum Price: ₹1000
Modal Price: ₹900"
"What is the price of Capsicum in Bhuntar market of Kullu, Himachal Pradesh?","Commodity: Capsicum
Variety: Other
State: Himachal Pradesh
District: Kullu
Market: Bhuntar
Arrival Date: 04/03/2019
Minimum Price: ₹5500
Maximum Price: ₹5800
Modal Price: ₹5650"
"What is the price of Carrot in Bhuntar market of Kullu, Himachal Pradesh?","Commodity: Carrot
Variety: Other
State: Himachal Pradesh
District: Kullu
Market: Bhuntar
Arrival Date: 04/03/2019
Minimum Price: ₹1100
Maximum Price: ₹1200
Modal Price: ₹1150"
"What is the price of Cauliflower in Bhuntar market of Kullu, Himachal Pradesh?","Commodity: Cauliflower
Variety: Other
State: Himachal Pradesh
District: Kullu
Market: Bhuntar
Arrival Date: 04/03/2019
Minimum Price: ₹1600
Maximum Price: ₹1700
Modal Price: ₹1650"
"What is the price of Coriander(Leaves) in Bhuntar market of Kullu, Himachal Pradesh?","Commodity: Coriander(Leaves)
Variety: Other
State: Himachal Pradesh
District: Kullu
Market: Bhuntar
Arrival Date: 04/03/2019
Minimum Price: ₹1000
Maximum Price: ₹1500
Modal Price: ₹1300"
"What is the price of Cucumbar(Kheera) in Bhuntar market of Kullu, Himachal Pradesh?","Commodity: Cucumbar(Kheera)
Variety: Other
State: Himachal Pradesh
District: Kullu
Market: Bhuntar
Arrival Date: 04/03/2019
Minimum Price: ₹4500
Maximum Price: ₹5000
Modal Price: ₹4800"
"What is the price of French Beans (Frasbean) in Bhuntar market of Kullu, Himachal Pradesh?","Commodity: French Beans (Frasbean)
Variety: Other
State: Himachal Pradesh
District: Kullu
Market: Bhuntar
Arrival Date: 04/03/2019
Minimum Price: ₹5200
Maximum Price: ₹5300
Modal Price: ₹5250"
"What is the price of Garlic in Bhuntar market of Kullu, Himachal Pradesh?","Commodity: Garlic
Variety: Other
State: Himachal Pradesh
District: Kullu
Market: Bhuntar
Arrival Date: 04/03/2019
Minimum Price: ₹5000
Maximum Price: ₹5500
Modal Price: ₹5300"
"What is the price of Ginger(Dry) in Bhuntar market of Kullu, Himachal Pradesh?","Commodity: Ginger(Dry)
Variety: Other
State: Himachal Pradesh
District: Kullu
Market: Bhuntar
Arrival Date: 04/03/2019
Minimum Price: ₹9500
Maximum Price: ₹10000
Modal Price: ₹9800"
"What is the price of Grapes in Bhuntar market of Kullu, Himachal Pradesh?","Commodity: Grapes
Variety: Other
State: Himachal Pradesh
District: Kullu
Market: Bhuntar
Arrival Date: 04/03/2019
Minimum Price: ₹7000
Maximum Price: ₹8000
Modal Price: ₹7500"
"What is the price of Green Chilli in Bhuntar market of Kullu, Himachal Pradesh?","Commodity: Green Chilli
Variety: Other
State: Himachal Pradesh
District: Kullu
Market: Bhuntar
Arrival Date: 04/03/2019
Minimum Price: ₹6000
Maximum Price: ₹6500
Modal Price: ₹6300"
"What is the price of Guava in Bhuntar market of Kullu, Himachal Pradesh?","Commodity: Guava
Variety: Other
State: Himachal Pradesh
District: Kullu
Market: Bhuntar
Arrival Date: 04/03/2019
Minimum Price: ₹6000
Maximum Price: ₹6300
Modal Price: ₹6150"
"What is the price of Kinnow in Bhuntar market of Kullu, Himachal Pradesh?","Commodity: Kinnow
Variety: Other
State: Himachal Pradesh
District: Kullu
Market: Bhuntar
Arrival Date: 04/03/2019
Minimum Price: ₹2600
Maximum Price: ₹2700
Modal Price: ₹2650"
"What is the price of Lemon in Bhuntar market of Kullu, Himachal Pradesh?","Commodity: Lemon
Variety: Other
State: Himachal Pradesh
District: Kullu
Market: Bhuntar
Arrival Date: 04/03/2019
Minimum Price: ₹6000
Maximum Price: ₹7000
Modal Price: ₹6500"
"What is the price of Onion in Bhuntar market of Kullu, Himachal Pradesh?","Commodity: Onion
Variety: Other
State: Himachal Pradesh
District: Kullu
Market: Bhuntar
Arrival Date: 04/03/2019
Minimum Price: ₹1200
Maximum Price: ₹1300
Modal Price: ₹1250"
"What is the price of Papaya in Bhuntar market of Kullu, Himachal Pradesh?","Commodity: Papaya
Variety: Other
State: Himachal Pradesh
District: Kullu
Market: Bhuntar
Arrival Date: 04/03/2019
Minimum Price: ₹2800
Maximum Price: ₹3000
Modal Price: ₹2900"
"What is the price of Peas Wet in Bhuntar market of Kullu, Himachal Pradesh?","Commodity: Peas Wet
Variety: Other
State: Himachal Pradesh
District: Kullu
Market: Bhuntar
Arrival Date: 04/03/2019
Minimum Price: ₹2600
Maximum Price: ₹2700
Modal Price: ₹2650"
"What is the price of Potato in Bhuntar market of Kullu, Himachal Pradesh?","Commodity: Potato
Variety: Other
State: Himachal Pradesh
District: Kullu
Market: Bhuntar
Arrival Date: 04/03/2019
Minimum Price: ₹900
Maximum Price: ₹1800
Modal Price: ₹1400"
"What is the price of Pumpkin in Bhuntar market of Kullu, Himachal Pradesh?","Commodity: Pumpkin
Variety: Other
State: Himachal Pradesh
District: Kullu
Market: Bhuntar
Arrival Date: 04/03/2019
Minimum Price: ₹1700
Maximum Price: ₹1800
Modal Price: ₹1750"
"What is the price of Raddish in Bhuntar market of Kullu, Himachal Pradesh?","Commodity: Raddish
Variety: Other
State: Himachal Pradesh
District: Kullu
Market: Bhuntar
Arrival Date: 04/03/2019
Minimum Price: ₹500
Maximum Price: ₹900
Modal Price: ₹700"
"What is the price of Spinach in Bhuntar market of Kullu, Himachal Pradesh?","Commodity: Spinach
Variety: Other
State: Himachal Pradesh
District: Kullu
Market: Bhuntar
Arrival Date: 04/03/2019
Minimum Price: ₹800
Maximum Price: ₹1000
Modal Price: ₹900"
"What is the price of Squash(Chappal Kadoo) in Bhuntar market of Kullu, Himachal Pradesh?","Commodity: Squash(Chappal Kadoo)
Variety: Other
State: Himachal Pradesh
District: Kullu
Market: Bhuntar
Arrival Date: 04/03/2019
Minimum Price: ₹1800
Maximum Price: ₹2000
Modal Price: ₹1900"
"What is the price of Tomato in Bhuntar market of Kullu, Himachal Pradesh?","Commodity: Tomato
Variety: Other
State: Himachal Pradesh
District: Kullu
Market: Bhuntar
Arrival Date: 04/03/2019
Minimum Price: ₹2500
Maximum Price: ₹2600
Modal Price: ₹2550"
"What is the price of Cauliflower in Zaloosa-Chararishrief (F&V) market of Badgam, Jammu and Kashmir?","Commodity: Cauliflower
Variety: Cauliflower
State: Jammu and Kashmir
District: Badgam
Market: Zaloosa-Chararishrief (F&V)
Arrival Date: 04/03/2019
Minimum Price: ₹700
Maximum Price: ₹900
Modal Price: ₹800"
"What is the price of Cucumbar(Kheera) in Zaloosa-Chararishrief (F&V) market of Badgam, Jammu and Kashmir?","Commodity: Cucumbar(Kheera)
Variety: Cucumbar
State: Jammu and Kashmir
District: Badgam
Market: Zaloosa-Chararishrief (F&V)
Arrival Date: 04/03/2019
Minimum Price: ₹1500
Maximum Price: ₹1700
Modal Price: ₹1600"
"What is the price of Knool Khol in Zaloosa-Chararishrief (F&V) market of Badgam, Jammu and Kashmir?","Commodity: Knool Khol
Variety: Knool Khol
State: Jammu and Kashmir
District: Badgam
Market: Zaloosa-Chararishrief (F&V)
Arrival Date: 04/03/2019
Minimum Price: ₹1200
Maximum Price: ₹1300
Modal Price: ₹1250"
"What is the price of Beans in Ramanagara market of Bangalore, Karnataka?","Commodity: Beans
Variety: Beans (Whole)
State: Karnataka
District: Bangalore
Market: Ramanagara
Arrival Date: 04/03/2019
Minimum Price: ₹3200
Maximum Price: ₹4000
Modal Price: ₹3600"
"What is the price of Beetroot in Ramanagara market of Bangalore, Karnataka?","Commodity: Beetroot
Variety: Beetroot
State: Karnataka
District: Bangalore
Market: Ramanagara
Arrival Date: 04/03/2019
Minimum Price: ₹1400
Maximum Price: ₹1800
Modal Price: ₹1600"
"What is the price of Bhindi(Ladies Finger) in Ramanagara market of Bangalore, Karnataka?","Commodity: Bhindi(Ladies Finger)
Variety: Bhindi
State: Karnataka
District: Bangalore
Market: Ramanagara
Arrival Date: 04/03/2019
Minimum Price: ₹3200
Maximum Price: ₹3600
Modal Price: ₹3400"
"What is the price of Bitter gourd in Ramanagara market of Bangalore, Karnataka?","Commodity: Bitter gourd
Variety: Bitter Gourd
State: Karnataka
District: Bangalore
Market: Ramanagara
Arrival Date: 04/03/2019
Minimum Price: ₹3600
Maximum Price: ₹4000
Modal Price: ₹3800"
"What is the price of Brinjal in Ramanagara market of Bangalore, Karnataka?","Commodity: Brinjal
Variety: Brinjal
State: Karnataka
District: Bangalore
Market: Ramanagara
Arrival Date: 04/03/2019
Minimum Price: ₹1000
Maximum Price: ₹1600
Modal Price: ₹1300"
"What is the price of Cabbage in Ramanagara market of Bangalore, Karnataka?","Commodity: Cabbage
Variety: Cabbage
State: Karnataka
District: Bangalore
Market: Ramanagara
Arrival Date: 04/03/2019
Minimum Price: ₹1200
Maximum Price: ₹1600
Modal Price: ₹1400"
"What is the price of Carrot in Ramanagara market of Bangalore, Karnataka?","Commodity: Carrot
Variety: Carrot
State: Karnataka
District: Bangalore
Market: Ramanagara
Arrival Date: 04/03/2019
Minimum Price: ₹1400
Maximum Price: ₹1800
Modal Price: ₹1600"
"What is the price of Chilly Capsicum in Ramanagara market of Bangalore, Karnataka?","Commodity: Chilly Capsicum
Variety: Chilly Capsicum
State: Karnataka
District: Bangalore
Market: Ramanagara
Arrival Date: 04/03/2019
Minimum Price: ₹5000
Maximum Price: ₹6000
Modal Price: ₹5500"
"What is the price of Cucumbar(Kheera) in Ramanagara market of Bangalore, Karnataka?","Commodity: Cucumbar(Kheera)
Variety: Cucumbar
State: Karnataka
District: Bangalore
Market: Ramanagara
Arrival Date: 04/03/2019
Minimum Price: ₹1700
Maximum Price: ₹1800
Modal Price: ₹1750"
"What is the price of Drumstick in Ramanagara market of Bangalore, Karnataka?","Commodity: Drumstick
Variety: Drumstick
State: Karnataka
District: Bangalore
Market: Ramanagara
Arrival Date: 04/03/2019
Minimum Price: ₹2800
Maximum Price: ₹3000
Modal Price: ₹2900"
"What is the price of Ginger(Green) in Ramanagara market of Bangalore, Karnataka?","Commodity: Ginger(Green)
Variety: Green Ginger
State: Karnataka
District: Bangalore
Market: Ramanagara
Arrival Date: 04/03/2019
Minimum Price: ₹5000
Maximum Price: ₹6000
Modal Price: ₹5500"
"What is the price of Green Avare (W) in Ramanagara market of Bangalore, Karnataka?","Commodity: Green Avare (W)
Variety: Green Avare (W)
State: Karnataka
District: Bangalore
Market: Ramanagara
Arrival Date: 04/03/2019
Minimum Price: ₹2800
Maximum Price: ₹3000
Modal Price: ₹2900"
"What is the price of Green Chilli in Ramanagara market of Bangalore, Karnataka?","Commodity: Green Chilli
Variety: Green Chilly
State: Karnataka
District: Bangalore
Market: Ramanagara
Arrival Date: 04/03/2019
Minimum Price: ₹3600
Maximum Price: ₹4000
Modal Price: ₹3800"
"What is the price of Knool Khol in Ramanagara market of Bangalore, Karnataka?","Commodity: Knool Khol
Variety: Knool Khol
State: Karnataka
District: Bangalore
Market: Ramanagara
Arrival Date: 04/03/2019
Minimum Price: ₹1600
Maximum Price: ₹2000
Modal Price: ₹1800"
"What is the price of Papaya in Ramanagara market of Bangalore, Karnataka?","Commodity: Papaya
Variety: Papaya
State: Karnataka
District: Bangalore
Market: Ramanagara
Arrival Date: 04/03/2019
Minimum Price: ₹1200
Maximum Price: ₹1400
Modal Price: ₹1300"
"What is the price of Peas Wet in Ramanagara market of Bangalore, Karnataka?","Commodity: Peas Wet
Variety: Peas Wet
State: Karnataka
District: Bangalore
Market: Ramanagara
Arrival Date: 04/03/2019
Minimum Price: ₹2800
Maximum Price: ₹3200
Modal Price: ₹3000"
"What is the price of Raddish in Ramanagara market of Bangalore, Karnataka?","Commodity: Raddish
Variety: Raddish
State: Karnataka
District: Bangalore
Market: Ramanagara
Arrival Date: 04/03/2019
Minimum Price: ₹1600
Maximum Price: ₹2000
Modal Price: ₹1800"
"What is the price of Ridgeguard(Tori) in Ramanagara market of Bangalore, Karnataka?","Commodity: Ridgeguard(Tori)
Variety: Ridgeguard(Tori)
State: Karnataka
District: Bangalore
Market: Ramanagara
Arrival Date: 04/03/2019
Minimum Price: ₹3200
Maximum Price: ₹4000
Modal Price: ₹3600"
"What is the price of Seemebadnekai in Ramanagara market of Bangalore, Karnataka?","Commodity: Seemebadnekai
Variety: Seemebadanekai
State: Karnataka
District: Bangalore
Market: Ramanagara
Arrival Date: 04/03/2019
Minimum Price: ₹1400
Maximum Price: ₹1600
Modal Price: ₹1500"
"What is the price of Snakeguard in Ramanagara market of Bangalore, Karnataka?","Commodity: Snakeguard
Variety: Snakeguard
State: Karnataka
District: Bangalore
Market: Ramanagara
Arrival Date: 04/03/2019
Minimum Price: ₹1200
Maximum Price: ₹1600
Modal Price: ₹1400"
"What is the price of Suvarna Gadde in Ramanagara market of Bangalore, Karnataka?","Commodity: Suvarna Gadde
Variety: Suvarnagadde
State: Karnataka
District: Bangalore
Market: Ramanagara
Arrival Date: 04/03/2019
Minimum Price: ₹2400
Maximum Price: ₹2600
Modal Price: ₹2500"
"What is the price of Tomato in Ramanagara market of Bangalore, Karnataka?","Commodity: Tomato
Variety: Tomato
State: Karnataka
District: Bangalore
Market: Ramanagara
Arrival Date: 04/03/2019
Minimum Price: ₹800
Maximum Price: ₹1000
Modal Price: ₹900"
"What is the price of Water Melon in Ramanagara market of Bangalore, Karnataka?","Commodity: Water Melon
Variety: Water Melon
State: Karnataka
District: Bangalore
Market: Ramanagara
Arrival Date: 04/03/2019
Minimum Price: ₹1200
Maximum Price: ₹1600
Modal Price: ₹1400"
"What is the price of Beans in Kolar market of Kolar, Karnataka?","Commodity: Beans
Variety: Beans (Whole)
State: Karnataka
District: Kolar
Market: Kolar
Arrival Date: 04/03/2019
Minimum Price: ₹3000
Maximum Price: ₹3200
Modal Price: ₹3100"
"What is the price of Beetroot in Kolar market of Kolar, Karnataka?","Commodity: Beetroot
Variety: Beetroot
State: Karnataka
District: Kolar
Market: Kolar
Arrival Date: 04/03/2019
Minimum Price: ₹1300
Maximum Price: ₹1500
Modal Price: ₹1400"
"What is the price of Cabbage in Kolar market of Kolar, Karnataka?","Commodity: Cabbage
Variety: Cabbage
State: Karnataka
District: Kolar
Market: Kolar
Arrival Date: 04/03/2019
Minimum Price: ₹1000
Maximum Price: ₹1300
Modal Price: ₹1100"
"What is the price of Capsicum in Kolar market of Kolar, Karnataka?","Commodity: Capsicum
Variety: Capsicum
State: Karnataka
District: Kolar
Market: Kolar
Arrival Date: 04/03/2019
Minimum Price: ₹3500
Maximum Price: ₹4000
Modal Price: ₹3800"
"What is the price of Carrot in Kolar market of Kolar, Karnataka?","Commodity: Carrot
Variety: Carrot
State: Karnataka
District: Kolar
Market: Kolar
Arrival Date: 04/03/2019
Minimum Price: ₹1000
Maximum Price: ₹1400
Modal Price: ₹1200"
"What is the price of Cauliflower in Kolar market of Kolar, Karnataka?","Commodity: Cauliflower
Variety: Local
State: Karnataka
District: Kolar
Market: Kolar
Arrival Date: 04/03/2019
Minimum Price: ₹1000
Maximum Price: ₹1400
Modal Price: ₹1200"
"What is the price of Chilly Capsicum in Kolar market of Kolar, Karnataka?","Commodity: Chilly Capsicum
Variety: Chilly Capsicum
State: Karnataka
District: Kolar
Market: Kolar
Arrival Date: 04/03/2019
Minimum Price: ₹2500
Maximum Price: ₹3500
Modal Price: ₹3000"
"What is the price of Knool Khol in Kolar market of Kolar, Karnataka?","Commodity: Knool Khol
Variety: Knool Khol
State: Karnataka
District: Kolar
Market: Kolar
Arrival Date: 04/03/2019
Minimum Price: ₹800
Maximum Price: ₹1200
Modal Price: ₹1000"
"What is the price of Raddish in Kolar market of Kolar, Karnataka?","Commodity: Raddish
Variety: Raddish
State: Karnataka
District: Kolar
Market: Kolar
Arrival Date: 04/03/2019
Minimum Price: ₹300
Maximum Price: ₹600
Modal Price: ₹400"
"What is the price of Ridgeguard(Tori) in Kolar market of Kolar, Karnataka?","Commodity: Ridgeguard(Tori)
Variety: Ridgeguard(Tori)
State: Karnataka
District: Kolar
Market: Kolar
Arrival Date: 04/03/2019
Minimum Price: ₹3500
Maximum Price: ₹4200
Modal Price: ₹3800"
"What is the price of Tomato in Kolar market of Kolar, Karnataka?","Commodity: Tomato
Variety: Hybrid
State: Karnataka
District: Kolar
Market: Kolar
Arrival Date: 04/03/2019
Minimum Price: ₹367
Maximum Price: ₹1633
Modal Price: ₹1000"
"What is the price of Tomato in Kolar market of Kolar, Karnataka?","Commodity: Tomato
Variety: Tomato
State: Karnataka
District: Kolar
Market: Kolar
Arrival Date: 04/03/2019
Minimum Price: ₹334
Maximum Price: ₹1000
Modal Price: ₹667"
"What is the price of Copra in Gubbi market of Tumkur, Karnataka?","Commodity: Copra
Variety: other
State: Karnataka
District: Tumkur
Market: Gubbi
Arrival Date: 04/03/2019
Minimum Price: ₹9000
Maximum Price: ₹9000
Modal Price: ₹9000"
"What is the price of Amphophalus in Aroor market of Alappuzha, Kerala?","Commodity: Amphophalus
Variety: Amphophalus
State: Kerala
District: Alappuzha
Market: Aroor
Arrival Date: 04/03/2019
Minimum Price: ₹1800
Maximum Price: ₹2000
Modal Price: ₹1900"
"What is the price of Apple in Aroor market of Alappuzha, Kerala?","Commodity: Apple
Variety: Other
State: Kerala
District: Alappuzha
Market: Aroor
Arrival Date: 04/03/2019
Minimum Price: ₹10000
Maximum Price: ₹11200
Modal Price: ₹11000"
"What is the price of Ashgourd in Aroor market of Alappuzha, Kerala?","Commodity: Ashgourd
Variety: Other
State: Kerala
District: Alappuzha
Market: Aroor
Arrival Date: 04/03/2019
Minimum Price: ₹1000
Maximum Price: ₹1200
Modal Price: ₹1100"
"What is the price of Banana in Aroor market of Alappuzha, Kerala?","Commodity: Banana
Variety: Nendra Bale
State: Kerala
District: Alappuzha
Market: Aroor
Arrival Date: 04/03/2019
Minimum Price: ₹4200
Maximum Price: ₹4400
Modal Price: ₹4300"
"What is the price of Banana in Aroor market of Alappuzha, Kerala?","Commodity: Banana
Variety: Palayamthodan
State: Kerala
District: Alappuzha
Market: Aroor
Arrival Date: 04/03/2019
Minimum Price: ₹2800
Maximum Price: ₹3000
Modal Price: ₹2900"
"What is the price of Banana in Aroor market of Alappuzha, Kerala?","Commodity: Banana
Variety: Robusta
State: Kerala
District: Alappuzha
Market: Aroor
Arrival Date: 04/03/2019
Minimum Price: ₹2000
Maximum Price: ₹2200
Modal Price: ₹2100"
"What is the price of Banana - Green in Aroor market of Alappuzha, Kerala?","Commodity: Banana - Green
Variety: Banana - Green
State: Kerala
District: Alappuzha
Market: Aroor
Arrival Date: 04/03/2019
Minimum Price: ₹4000
Maximum Price: ₹4200
Modal Price: ₹4100"
"What is the price of Amphophalus in Chengannur market of Alappuzha, Kerala?","Commodity: Amphophalus
Variety: Other
State: Kerala
District: Alappuzha
Market: Chengannur
Arrival Date: 04/03/2019
Minimum Price: ₹2300
Maximum Price: ₹2600
Modal Price: ₹2400"
"What is the price of Ashgourd in Chengannur market of Alappuzha, Kerala?","Commodity: Ashgourd
Variety: Other
State: Kerala
District: Alappuzha
Market: Chengannur
Arrival Date: 04/03/2019
Minimum Price: ₹1100
Maximum Price: ₹1400
Modal Price: ₹1200"
"What is the price of Banana - Green in Chengannur market of Alappuzha, Kerala?","Commodity: Banana - Green
Variety: Other
State: Kerala
District: Alappuzha
Market: Chengannur
Arrival Date: 04/03/2019
Minimum Price: ₹3700
Maximum Price: ₹4000
Modal Price: ₹3800"
"What is the price of Beetroot in Chengannur market of Alappuzha, Kerala?","Commodity: Beetroot
Variety: Other
State: Kerala
District: Alappuzha
Market: Chengannur
Arrival Date: 04/03/2019
Minimum Price: ₹1800
Maximum Price: ₹2100
Modal Price: ₹2000"
"What is the price of Bhindi(Ladies Finger) in Chengannur market of Alappuzha, Kerala?","Commodity: Bhindi(Ladies Finger)
Variety: Other
State: Kerala
District: Alappuzha
Market: Chengannur
Arrival Date: 04/03/2019
Minimum Price: ₹4000
Maximum Price: ₹4200
Modal Price: ₹4000"
"What is the price of Bitter gourd in Chengannur market of Alappuzha, Kerala?","Commodity: Bitter gourd
Variety: Other
State: Kerala
District: Alappuzha
Market: Chengannur
Arrival Date: 04/03/2019
Minimum Price: ₹4000
Maximum Price: ₹4600
Modal Price: ₹4500"
"What is the price of Bottle gourd in Chengannur market of Alappuzha, Kerala?","Commodity: Bottle gourd
Variety: Other
State: Kerala
District: Alappuzha
Market: Chengannur
Arrival Date: 04/03/2019
Minimum Price: ₹1000
Maximum Price: ₹1300
Modal Price: ₹1100"
"What is the price of Capsicum in Chengannur market of Alappuzha, Kerala?","Commodity: Capsicum
Variety: Other
State: Kerala
District: Alappuzha
Market: Chengannur
Arrival Date: 04/03/2019
Minimum Price: ₹5700
Maximum Price: ₹6200
Modal Price: ₹6000"
"What is the price of Carrot in Chengannur market of Alappuzha, Kerala?","Commodity: Carrot
Variety: Other
State: Kerala
District: Alappuzha
Market: Chengannur
Arrival Date: 04/03/2019
Minimum Price: ₹3400
Maximum Price: ₹3700
Modal Price: ₹3600"
"What is the price of Cowpea(Veg) in Chengannur market of Alappuzha, Kerala?","Commodity: Cowpea(Veg)
Variety: Cowpea (Veg)
State: Kerala
District: Alappuzha
Market: Chengannur
Arrival Date: 04/03/2019
Minimum Price: ₹4000
Maximum Price: ₹4300
Modal Price: ₹4200"
"What is the price of Cucumbar(Kheera) in Chengannur market of Alappuzha, Kerala?","Commodity: Cucumbar(Kheera)
Variety: Other
State: Kerala
District: Alappuzha
Market: Chengannur
Arrival Date: 04/03/2019
Minimum Price: ₹1600
Maximum Price: ₹2200
Modal Price: ₹2000"
"What is the price of Amphophalus in Mannar market of Alappuzha, Kerala?","Commodity: Amphophalus
Variety: Other
State: Kerala
District: Alappuzha
Market: Mannar
Arrival Date: 04/03/2019
Minimum Price: ₹3500
Maximum Price: ₹3700
Modal Price: ₹3600"
"What is the price of Ashgourd in Mannar market of Alappuzha, Kerala?","Commodity: Ashgourd
Variety: Other
State: Kerala
District: Alappuzha
Market: Mannar
Arrival Date: 04/03/2019
Minimum Price: ₹1000
Maximum Price: ₹1300
Modal Price: ₹1100"
"What is the price of Banana - Green in Mannar market of Alappuzha, Kerala?","Commodity: Banana - Green
Variety: Other
State: Kerala
District: Alappuzha
Market: Mannar
Arrival Date: 04/03/2019
Minimum Price: ₹4000
Maximum Price: ₹4200
Modal Price: ₹4100"
"What is the price of Bhindi(Ladies Finger) in Mannar market of Alappuzha, Kerala?","Commodity: Bhindi(Ladies Finger)
Variety: Other
State: Kerala
District: Alappuzha
Market: Mannar
Arrival Date: 04/03/2019
Minimum Price: ₹3000
Maximum Price: ₹3200
Modal Price: ₹3100"
"What is the price of Bitter gourd in Mannar market of Alappuzha, Kerala?","Commodity: Bitter gourd
Variety: Other
State: Kerala
District: Alappuzha
Market: Mannar
Arrival Date: 04/03/2019
Minimum Price: ₹4000
Maximum Price: ₹4200
Modal Price: ₹4100"
"What is the price of Brinjal in Mannar market of Alappuzha, Kerala?","Commodity: Brinjal
Variety: Other
State: Kerala
District: Alappuzha
Market: Mannar
Arrival Date: 04/03/2019
Minimum Price: ₹3200
Maximum Price: ₹3600
Modal Price: ₹3500"
"What is the price of Cabbage in Mannar market of Alappuzha, Kerala?","Commodity: Cabbage
Variety: Other
State: Kerala
District: Alappuzha
Market: Mannar
Arrival Date: 04/03/2019
Minimum Price: ₹3000
Maximum Price: ₹3300
Modal Price: ₹3200"
"What is the price of Capsicum in Mannar market of Alappuzha, Kerala?","Commodity: Capsicum
Variety: Other
State: Kerala
District: Alappuzha
Market: Mannar
Arrival Date: 04/03/2019
Minimum Price: ₹8000
Maximum Price: ₹8300
Modal Price: ₹8200"
"What is the price of Carrot in Mannar market of Alappuzha, Kerala?","Commodity: Carrot
Variety: Other
State: Kerala
District: Alappuzha
Market: Mannar
Arrival Date: 04/03/2019
Minimum Price: ₹3700
Maximum Price: ₹3900
Modal Price: ₹3800"
"What is the price of Amaranthus in Piravam market of Ernakulam, Kerala?","Commodity: Amaranthus
Variety: Other
State: Kerala
District: Ernakulam
Market: Piravam
Arrival Date: 04/03/2019
Minimum Price: ₹1500
Maximum Price: ₹2000
Modal Price: ₹1800"
"What is the price of Amphophalus in Piravam market of Ernakulam, Kerala?","Commodity: Amphophalus
Variety: Other
State: Kerala
District: Ernakulam
Market: Piravam
Arrival Date: 04/03/2019
Minimum Price: ₹2000
Maximum Price: ₹3000
Modal Price: ₹2500"
"What is the price of Ashgourd in Piravam market of Ernakulam, Kerala?","Commodity: Ashgourd
Variety: Other
State: Kerala
District: Ernakulam
Market: Piravam
Arrival Date: 04/03/2019
Minimum Price: ₹1500
Maximum Price: ₹2000
Modal Price: ₹1800"
"What is the price of Banana - Green in Piravam market of Ernakulam, Kerala?","Commodity: Banana - Green
Variety: Other
State: Kerala
District: Ernakulam
Market: Piravam
Arrival Date: 04/03/2019
Minimum Price: ₹3000
Maximum Price: ₹4000
Modal Price: ₹3500"
"What is the price of Beetroot in Piravam market of Ernakulam, Kerala?","Commodity: Beetroot
Variety: Other
State: Kerala
District: Ernakulam
Market: Piravam
Arrival Date: 04/03/2019
Minimum Price: ₹2000
Maximum Price: ₹2500
Modal Price: ₹2200"
"What is the price of Bitter gourd in Piravam market of Ernakulam, Kerala?","Commodity: Bitter gourd
Variety: Other
State: Kerala
District: Ernakulam
Market: Piravam
Arrival Date: 04/03/2019
Minimum Price: ₹4000
Maximum Price: ₹5000
Modal Price: ₹4500"
"What is the price of Brinjal in Piravam market of Ernakulam, Kerala?","Commodity: Brinjal
Variety: Other
State: Kerala
District: Ernakulam
Market: Piravam
Arrival Date: 04/03/2019
Minimum Price: ₹2000
Maximum Price: ₹2500
Modal Price: ₹2200"
"What is the price of Cowpea(Veg) in Piravam market of Ernakulam, Kerala?","Commodity: Cowpea(Veg)
Variety: Other
State: Kerala
District: Ernakulam
Market: Piravam
Arrival Date: 04/03/2019
Minimum Price: ₹4000
Maximum Price: ₹5000
Modal Price: ₹4500"
"What is the price of Potato in Piravam market of Ernakulam, Kerala?","Commodity: Potato
Variety: Other
State: Kerala
District: Ernakulam
Market: Piravam
Arrival Date: 04/03/2019
Minimum Price: ₹2000
Maximum Price: ₹3000
Modal Price: ₹2500"
"What is the price of Tomato in Piravam market of Ernakulam, Kerala?","Commodity: Tomato
Variety: Other
State: Kerala
District: Ernakulam
Market: Piravam
Arrival Date: 04/03/2019
Minimum Price: ₹1500
Maximum Price: ₹2000
Modal Price: ₹1800"
"What is the price of Arecanut(Betelnut/Supari) in Taliparamba market of Kannur, Kerala?","Commodity: Arecanut(Betelnut/Supari)
Variety: Other
State: Kerala
District: Kannur
Market: Taliparamba
Arrival Date: 04/03/2019
Minimum Price: ₹19500
Maximum Price: ₹20000
Modal Price: ₹19750"
"What is the price of Black pepper in Taliparamba market of Kannur, Kerala?","Commodity: Black pepper
Variety: Other
State: Kerala
District: Kannur
Market: Taliparamba
Arrival Date: 04/03/2019
Minimum Price: ₹29000
Maximum Price: ₹29500
Modal Price: ₹29250"
"What is the price of Coconut in Taliparamba market of Kannur, Kerala?","Commodity: Coconut
Variety: Other
State: Kerala
District: Kannur
Market: Taliparamba
Arrival Date: 04/03/2019
Minimum Price: ₹3200
Maximum Price: ₹3400
Modal Price: ₹3300"
"What is the price of Coconut Oil in Taliparamba market of Kannur, Kerala?","Commodity: Coconut Oil
Variety: Other
State: Kerala
District: Kannur
Market: Taliparamba
Arrival Date: 04/03/2019
Minimum Price: ₹18000
Maximum Price: ₹18300
Modal Price: ₹18150"
"What is the price of Copra in Taliparamba market of Kannur, Kerala?","Commodity: Copra
Variety: other
State: Kerala
District: Kannur
Market: Taliparamba
Arrival Date: 04/03/2019
Minimum Price: ₹10100
Maximum Price: ₹10300
Modal Price: ₹10250"
"What is the price of Rubber in Taliparamba market of Kannur, Kerala?","Commodity: Rubber
Variety: Other
State: Kerala
District: Kannur
Market: Taliparamba
Arrival Date: 04/03/2019
Minimum Price: ₹12300
Maximum Price: ₹12400
Modal Price: ₹12350"
"What is the price of Amaranthus in Kasargod market of Kasargod, Kerala?","Commodity: Amaranthus
Variety: Other
State: Kerala
District: Kasargod
Market: Kasargod
Arrival Date: 04/03/2019
Minimum Price: ₹1500
Maximum Price: ₹1600
Modal Price: ₹1550"
"What is the price of Arecanut(Betelnut/Supari) in Kasargod market of Kasargod, Kerala?","Commodity: Arecanut(Betelnut/Supari)
Variety: Other
State: Kerala
District: Kasargod
Market: Kasargod
Arrival Date: 04/03/2019
Minimum Price: ₹21000
Maximum Price: ₹22000
Modal Price: ₹21500"
"What is the price of Banana in Kasargod market of Kasargod, Kerala?","Commodity: Banana
Variety: Medium
State: Kerala
District: Kasargod
Market: Kasargod
Arrival Date: 04/03/2019
Minimum Price: ₹2200
Maximum Price: ₹2300
Modal Price: ₹2250"
"What is the price of Banana in Kasargod market of Kasargod, Kerala?","Commodity: Banana
Variety: Nendra Bale
State: Kerala
District: Kasargod
Market: Kasargod
Arrival Date: 04/03/2019
Minimum Price: ₹3000
Maximum Price: ₹3100
Modal Price: ₹3050"
"What is the price of Bhindi(Ladies Finger) in Kasargod market of Kasargod, Kerala?","Commodity: Bhindi(Ladies Finger)
Variety: Other
State: Kerala
District: Kasargod
Market: Kasargod
Arrival Date: 04/03/2019
Minimum Price: ₹5500
Maximum Price: ₹5600
Modal Price: ₹5550"
"What is the price of Cashewnuts in Kasargod market of Kasargod, Kerala?","Commodity: Cashewnuts
Variety: Other
State: Kerala
District: Kasargod
Market: Kasargod
Arrival Date: 04/03/2019
Minimum Price: ₹10000
Maximum Price: ₹10200
Modal Price: ₹10100"
"What is the price of Copra in Kasargod market of Kasargod, Kerala?","Commodity: Copra
Variety: other
State: Kerala
District: Kasargod
Market: Kasargod
Arrival Date: 04/03/2019
Minimum Price: ₹10200
Maximum Price: ₹10400
Modal Price: ₹10300"
"What is the price of Cowpea(Veg) in Kasargod market of Kasargod, Kerala?","Commodity: Cowpea(Veg)
Variety: Other
State: Kerala
District: Kasargod
Market: Kasargod
Arrival Date: 04/03/2019
Minimum Price: ₹2000
Maximum Price: ₹2150
Modal Price: ₹2100"
"What is the price of Cucumbar(Kheera) in Kasargod market of Kasargod, Kerala?","Commodity: Cucumbar(Kheera)
Variety: Other
State: Kerala
District: Kasargod
Market: Kasargod
Arrival Date: 04/03/2019
Minimum Price: ₹1000
Maximum Price: ₹1200
Modal Price: ₹1100"
"What is the price of Paddy(Dhan)(Common) in Kasargod market of Kasargod, Kerala?","Commodity: Paddy(Dhan)(Common)
Variety: Other
State: Kerala
District: Kasargod
Market: Kasargod
Arrival Date: 04/03/2019
Minimum Price: ₹1800
Maximum Price: ₹1900
Modal Price: ₹1850"
"What is the price of Pepper garbled in Kasargod market of Kasargod, Kerala?","Commodity: Pepper garbled
Variety: Other
State: Kerala
District: Kasargod
Market: Kasargod
Arrival Date: 04/03/2019
Minimum Price: ₹32000
Maximum Price: ₹33000
Modal Price: ₹32500"
"What is the price of Pumpkin in Kasargod market of Kasargod, Kerala?","Commodity: Pumpkin
Variety: Other
State: Kerala
District: Kasargod
Market: Kasargod
Arrival Date: 04/03/2019
Minimum Price: ₹800
Maximum Price: ₹900
Modal Price: ₹850"
"What is the price of Amaranthus in Manjeswaram market of Kasargod, Kerala?","Commodity: Amaranthus
Variety: Amaranthus
State: Kerala
District: Kasargod
Market: Manjeswaram
Arrival Date: 04/03/2019
Minimum Price: ₹2400
Maximum Price: ₹3400
Modal Price: ₹2900"
"What is the price of Arecanut(Betelnut/Supari) in Manjeswaram market of Kasargod, Kerala?","Commodity: Arecanut(Betelnut/Supari)
Variety: Other
State: Kerala
District: Kasargod
Market: Manjeswaram
Arrival Date: 04/03/2019
Minimum Price: ₹21500
Maximum Price: ₹22000
Modal Price: ₹21750"
"What is the price of Ashgourd in Manjeswaram market of Kasargod, Kerala?","Commodity: Ashgourd
Variety: Ashgourd
State: Kerala
District: Kasargod
Market: Manjeswaram
Arrival Date: 04/03/2019
Minimum Price: ₹2400
Maximum Price: ₹3000
Modal Price: ₹2700"
"What is the price of Banana - Green in Manjeswaram market of Kasargod, Kerala?","Commodity: Banana - Green
Variety: Other
State: Kerala
District: Kasargod
Market: Manjeswaram
Arrival Date: 04/03/2019
Minimum Price: ₹4200
Maximum Price: ₹5000
Modal Price: ₹4600"
"What is the price of Beetroot in Manjeswaram market of Kasargod, Kerala?","Commodity: Beetroot
Variety: Beetroot
State: Kerala
District: Kasargod
Market: Manjeswaram
Arrival Date: 04/03/2019
Minimum Price: ₹2200
Maximum Price: ₹3000
Modal Price: ₹2600"
"What is the price of Bhindi(Ladies Finger) in Manjeswaram market of Kasargod, Kerala?","Commodity: Bhindi(Ladies Finger)
Variety: Bhindi
State: Kerala
District: Kasargod
Market: Manjeswaram
Arrival Date: 04/03/2019
Minimum Price: ₹6000
Maximum Price: ₹7000
Modal Price: ₹6500"
"What is the price of Bitter gourd in Manjeswaram market of Kasargod, Kerala?","Commodity: Bitter gourd
Variety: Bitter Gourd
State: Kerala
District: Kasargod
Market: Manjeswaram
Arrival Date: 04/03/2019
Minimum Price: ₹5500
Maximum Price: ₹6000
Modal Price: ₹5750"
"What is the price of Bottle gourd in Manjeswaram market of Kasargod, Kerala?","Commodity: Bottle gourd
Variety: Bottle Gourd
State: Kerala
District: Kasargod
Market: Manjeswaram
Arrival Date: 04/03/2019
Minimum Price: ₹1600
Maximum Price: ₹2000
Modal Price: ₹1800"
"What is the price of Brinjal in Manjeswaram market of Kasargod, Kerala?","Commodity: Brinjal
Variety: Brinjal
State: Kerala
District: Kasargod
Market: Manjeswaram
Arrival Date: 04/03/2019
Minimum Price: ₹3200
Maximum Price: ₹4000
Modal Price: ₹3600"
"What is the price of Cabbage in Manjeswaram market of Kasargod, Kerala?","Commodity: Cabbage
Variety: Cabbage
State: Kerala
District: Kasargod
Market: Manjeswaram
Arrival Date: 04/03/2019
Minimum Price: ₹2000
Maximum Price: ₹3000
Modal Price: ₹2500"
"What is the price of Carrot in Manjeswaram market of Kasargod, Kerala?","Commodity: Carrot
Variety: Carrot
State: Kerala
District: Kasargod
Market: Manjeswaram
Arrival Date: 04/03/2019
Minimum Price: ₹2400
Maximum Price: ₹3000
Modal Price: ₹2700"
"What is the price of Coconut Seed in Manjeswaram market of Kasargod, Kerala?","Commodity: Coconut Seed
Variety: Other
State: Kerala
District: Kasargod
Market: Manjeswaram
Arrival Date: 04/03/2019
Minimum Price: ₹3400
Maximum Price: ₹3500
Modal Price: ₹3450"
"What is the price of Copra in Manjeswaram market of Kasargod, Kerala?","Commodity: Copra
Variety: Copra
State: Kerala
District: Kasargod
Market: Manjeswaram
Arrival Date: 04/03/2019
Minimum Price: ₹10000
Maximum Price: ₹10200
Modal Price: ₹10100"
"What is the price of Cowpea(Veg) in Manjeswaram market of Kasargod, Kerala?","Commodity: Cowpea(Veg)
Variety: Cowpea (Veg)
State: Kerala
District: Kasargod
Market: Manjeswaram
Arrival Date: 04/03/2019
Minimum Price: ₹4500
Maximum Price: ₹5500
Modal Price: ₹5000"
"What is the price of Cucumbar(Kheera) in Manjeswaram market of Kasargod, Kerala?","Commodity: Cucumbar(Kheera)
Variety: Cucumbar
State: Kerala
District: Kasargod
Market: Manjeswaram
Arrival Date: 04/03/2019
Minimum Price: ₹2400
Maximum Price: ₹3000
Modal Price: ₹2700"
"What is the price of Drumstick in Manjeswaram market of Kasargod, Kerala?","Commodity: Drumstick
Variety: Drumstick
State: Kerala
District: Kasargod
Market: Manjeswaram
Arrival Date: 04/03/2019
Minimum Price: ₹5500
Maximum Price: ₹6500
Modal Price: ₹6000"
"What is the price of Ginger(Green) in Manjeswaram market of Kasargod, Kerala?","Commodity: Ginger(Green)
Variety: Green Ginger
State: Kerala
District: Kasargod
Market: Manjeswaram
Arrival Date: 04/03/2019
Minimum Price: ₹8000
Maximum Price: ₹9000
Modal Price: ₹8500"
"What is the price of Green Chilli in Manjeswaram market of Kasargod, Kerala?","Commodity: Green Chilli
Variety: Green Chilly
State: Kerala
District: Kasargod
Market: Manjeswaram
Arrival Date: 04/03/2019
Minimum Price: ₹4500
Maximum Price: ₹5500
Modal Price: ₹5000"
"What is the price of Indian Beans (Seam) in Manjeswaram market of Kasargod, Kerala?","Commodity: Indian Beans (Seam)
Variety: Other
State: Kerala
District: Kasargod
Market: Manjeswaram
Arrival Date: 04/03/2019
Minimum Price: ₹4200
Maximum Price: ₹5000
Modal Price: ₹4600"
"What is the price of Little gourd (Kundru) in Manjeswaram market of Kasargod, Kerala?","Commodity: Little gourd (Kundru)
Variety: Other
State: Kerala
District: Kasargod
Market: Manjeswaram
Arrival Date: 04/03/2019
Minimum Price: ₹4200
Maximum Price: ₹5000
Modal Price: ₹4600"
"What is the price of Long Melon(Kakri) in Manjeswaram market of Kasargod, Kerala?","Commodity: Long Melon(Kakri)
Variety: Other
State: Kerala
District: Kasargod
Market: Manjeswaram
Arrival Date: 04/03/2019
Minimum Price: ₹2400
Maximum Price: ₹3000
Modal Price: ₹2700"
"What is the price of Pepper garbled in Manjeswaram market of Kasargod, Kerala?","Commodity: Pepper garbled
Variety: Other
State: Kerala
District: Kasargod
Market: Manjeswaram
Arrival Date: 04/03/2019
Minimum Price: ₹27500
Maximum Price: ₹28000
Modal Price: ₹27750"
"What is the price of Potato in Manjeswaram market of Kasargod, Kerala?","Commodity: Potato
Variety: Other
State: Kerala
District: Kasargod
Market: Manjeswaram
Arrival Date: 04/03/2019
Minimum Price: ₹2200
Maximum Price: ₹2600
Modal Price: ₹2400"
"What is the price of Pumpkin in Manjeswaram market of Kasargod, Kerala?","Commodity: Pumpkin
Variety: Pumpkin
State: Kerala
District: Kasargod
Market: Manjeswaram
Arrival Date: 04/03/2019
Minimum Price: ₹2400
Maximum Price: ₹3000
Modal Price: ₹2700"
"What is the price of Ridgeguard(Tori) in Manjeswaram market of Kasargod, Kerala?","Commodity: Ridgeguard(Tori)
Variety: Ridgeguard(Tori)
State: Kerala
District: Kasargod
Market: Manjeswaram
Arrival Date: 04/03/2019
Minimum Price: ₹4500
Maximum Price: ₹5500
Modal Price: ₹5000"
"What is the price of Snakeguard in Manjeswaram market of Kasargod, Kerala?","Commodity: Snakeguard
Variety: Snakeguard
State: Kerala
District: Kasargod
Market: Manjeswaram
Arrival Date: 04/03/2019
Minimum Price: ₹3200
Maximum Price: ₹4000
Modal Price: ₹3600"
"What is the price of Sweet Potato in Manjeswaram market of Kasargod, Kerala?","Commodity: Sweet Potato
Variety: Sweet Potato
State: Kerala
District: Kasargod
Market: Manjeswaram
Arrival Date: 04/03/2019
Minimum Price: ₹2600
Maximum Price: ₹3400
Modal Price: ₹3000"
"What is the price of Tapioca in Manjeswaram market of Kasargod, Kerala?","Commodity: Tapioca
Variety: Other
State: Kerala
District: Kasargod
Market: Manjeswaram
Arrival Date: 04/03/2019
Minimum Price: ₹2400
Maximum Price: ₹3400
Modal Price: ₹2900"
"What is the price of Tomato in Manjeswaram market of Kasargod, Kerala?","Commodity: Tomato
Variety: Tomato
State: Kerala
District: Kasargod
Market: Manjeswaram
Arrival Date: 04/03/2019
Minimum Price: ₹1600
Maximum Price: ₹2000
Modal Price: ₹1800"
"What is the price of Amaranthus in Anchal market of Kollam, Kerala?","Commodity: Amaranthus
Variety: Other
State: Kerala
District: Kollam
Market: Anchal
Arrival Date: 04/03/2019
Minimum Price: ₹4500
Maximum Price: ₹4700
Modal Price: ₹4600"
"What is the price of Ashgourd in Anchal market of Kollam, Kerala?","Commodity: Ashgourd
Variety: Other
State: Kerala
District: Kollam
Market: Anchal
Arrival Date: 04/03/2019
Minimum Price: ₹5600
Maximum Price: ₹5800
Modal Price: ₹5700"
"What is the price of Banana in Anchal market of Kollam, Kerala?","Commodity: Banana
Variety: Nendra Bale
State: Kerala
District: Kollam
Market: Anchal
Arrival Date: 04/03/2019
Minimum Price: ₹6000
Maximum Price: ₹6200
Modal Price: ₹6100"
"What is the price of Banana in Anchal market of Kollam, Kerala?","Commodity: Banana
Variety: Palayamthodan
State: Kerala
District: Kollam
Market: Anchal
Arrival Date: 04/03/2019
Minimum Price: ₹2600
Maximum Price: ₹2800
Modal Price: ₹2700"
"What is the price of Banana in Anchal market of Kollam, Kerala?","Commodity: Banana
Variety: Poovan
State: Kerala
District: Kollam
Market: Anchal
Arrival Date: 04/03/2019
Minimum Price: ₹5800
Maximum Price: ₹6000
Modal Price: ₹5900"
"What is the price of Banana in Anchal market of Kollam, Kerala?","Commodity: Banana
Variety: Red Banana
State: Kerala
District: Kollam
Market: Anchal
Arrival Date: 04/03/2019
Minimum Price: ₹4700
Maximum Price: ₹4900
Modal Price: ₹4800"
"What is the price of Banana in Anchal market of Kollam, Kerala?","Commodity: Banana
Variety: Robusta
State: Kerala
District: Kollam
Market: Anchal
Arrival Date: 04/03/2019
Minimum Price: ₹2300
Maximum Price: ₹2500
Modal Price: ₹2400"
"What is the price of Beetroot in Anchal market of Kollam, Kerala?","Commodity: Beetroot
Variety: Other
State: Kerala
District: Kollam
Market: Anchal
Arrival Date: 04/03/2019
Minimum Price: ₹3100
Maximum Price: ₹3300
Modal Price: ₹3200"
"What is the price of Bhindi(Ladies Finger) in Anchal market of Kollam, Kerala?","Commodity: Bhindi(Ladies Finger)
Variety: Other
State: Kerala
District: Kollam
Market: Anchal
Arrival Date: 04/03/2019
Minimum Price: ₹3700
Maximum Price: ₹3900
Modal Price: ₹3800"
"What is the price of Bitter gourd in Anchal market of Kollam, Kerala?","Commodity: Bitter gourd
Variety: Other
State: Kerala
District: Kollam
Market: Anchal
Arrival Date: 04/03/2019
Minimum Price: ₹6000
Maximum Price: ₹6200
Modal Price: ₹6100"
"What is the price of Bottle gourd in Anchal market of Kollam, Kerala?","Commodity: Bottle gourd
Variety: Other
State: Kerala
District: Kollam
Market: Anchal
Arrival Date: 04/03/2019
Minimum Price: ₹1200
Maximum Price: ₹1400
Modal Price: ₹1300"
"What is the price of Cabbage in Anchal market of Kollam, Kerala?","Commodity: Cabbage
Variety: Other
State: Kerala
District: Kollam
Market: Anchal
Arrival Date: 04/03/2019
Minimum Price: ₹1500
Maximum Price: ₹1700
Modal Price: ₹1600"
"What is the price of Carrot in Anchal market of Kollam, Kerala?","Commodity: Carrot
Variety: Carrot
State: Kerala
District: Kollam
Market: Anchal
Arrival Date: 04/03/2019
Minimum Price: ₹5500
Maximum Price: ₹5700
Modal Price: ₹5600"
"What is the price of Cauliflower in Anchal market of Kollam, Kerala?","Commodity: Cauliflower
Variety: Cauliflower
State: Kerala
District: Kollam
Market: Anchal
Arrival Date: 04/03/2019
Minimum Price: ₹3500
Maximum Price: ₹3700
Modal Price: ₹3600"
"What is the price of Colacasia in Anchal market of Kollam, Kerala?","Commodity: Colacasia
Variety: Other
State: Kerala
District: Kollam
Market: Anchal
Arrival Date: 04/03/2019
Minimum Price: ₹4000
Maximum Price: ₹4200
Modal Price: ₹4100"
"What is the price of Drumstick in Anchal market of Kollam, Kerala?","Commodity: Drumstick
Variety: Other
State: Kerala
District: Kollam
Market: Anchal
Arrival Date: 04/03/2019
Minimum Price: ₹3400
Maximum Price: ₹3600
Modal Price: ₹3500"
"What is the price of Potato in Anchal market of Kollam, Kerala?","Commodity: Potato
Variety: Other
State: Kerala
District: Kollam
Market: Anchal
Arrival Date: 04/03/2019
Minimum Price: ₹1800
Maximum Price: ₹2000
Modal Price: ₹1900"
"What is the price of Pumpkin in Anchal market of Kollam, Kerala?","Commodity: Pumpkin
Variety: Other
State: Kerala
District: Kollam
Market: Anchal
Arrival Date: 04/03/2019
Minimum Price: ₹1000
Maximum Price: ₹1200
Modal Price: ₹1100"
"What is the price of Snakeguard in Anchal market of Kollam, Kerala?","Commodity: Snakeguard
Variety: Other
State: Kerala
District: Kollam
Market: Anchal
Arrival Date: 04/03/2019
Minimum Price: ₹2200
Maximum Price: ₹2400
Modal Price: ₹2300"
"What is the price of Banana in Chathanoor market of Kollam, Kerala?","Commodity: Banana
Variety: Banana - Ripe
State: Kerala
District: Kollam
Market: Chathanoor
Arrival Date: 04/03/2019
Minimum Price: ₹4000
Maximum Price: ₹4400
Modal Price: ₹4200"
"What is the price of Banana in Chathanoor market of Kollam, Kerala?","Commodity: Banana
Variety: Palayamthodan
State: Kerala
District: Kollam
Market: Chathanoor
Arrival Date: 04/03/2019
Minimum Price: ₹1800
Maximum Price: ₹2200
Modal Price: ₹2000"
"What is the price of Banana in Chathanoor market of Kollam, Kerala?","Commodity: Banana
Variety: Poovan
State: Kerala
District: Kollam
Market: Chathanoor
Arrival Date: 04/03/2019
Minimum Price: ₹4300
Maximum Price: ₹4700
Modal Price: ₹4500"
"What is the price of Banana in Chathanoor market of Kollam, Kerala?","Commodity: Banana
Variety: Red Banana
State: Kerala
District: Kollam
Market: Chathanoor
Arrival Date: 04/03/2019
Minimum Price: ₹4300
Maximum Price: ₹4700
Modal Price: ₹4500"
"What is the price of Bhindi(Ladies Finger) in Chathanoor market of Kollam, Kerala?","Commodity: Bhindi(Ladies Finger)
Variety: Other
State: Kerala
District: Kollam
Market: Chathanoor
Arrival Date: 04/03/2019
Minimum Price: ₹4800
Maximum Price: ₹5200
Modal Price: ₹5000"
"What is the price of Brinjal in Chathanoor market of Kollam, Kerala?","Commodity: Brinjal
Variety: Other
State: Kerala
District: Kollam
Market: Chathanoor
Arrival Date: 04/03/2019
Minimum Price: ₹3300
Maximum Price: ₹3700
Modal Price: ₹3500"
"What is the price of Ginger(Green) in Chathanoor market of Kollam, Kerala?","Commodity: Ginger(Green)
Variety: Other
State: Kerala
District: Kollam
Market: Chathanoor
Arrival Date: 04/03/2019
Minimum Price: ₹6800
Maximum Price: ₹7200
Modal Price: ₹7000"
"What is the price of Little gourd (Kundru) in Chathanoor market of Kollam, Kerala?","Commodity: Little gourd (Kundru)
Variety: Other
State: Kerala
District: Kollam
Market: Chathanoor
Arrival Date: 04/03/2019
Minimum Price: ₹3800
Maximum Price: ₹4200
Modal Price: ₹4000"
"What is the price of Tomato in Chathanoor market of Kollam, Kerala?","Commodity: Tomato
Variety: Other
State: Kerala
District: Kollam
Market: Chathanoor
Arrival Date: 04/03/2019
Minimum Price: ₹3300
Maximum Price: ₹3700
Modal Price: ₹3500"
"What is the price of Amaranthus in Kaliyanchanda market of Kollam, Kerala?","Commodity: Amaranthus
Variety: Amaranthus
State: Kerala
District: Kollam
Market: Kaliyanchanda
Arrival Date: 04/03/2019
Minimum Price: ₹1300
Maximum Price: ₹1500
Modal Price: ₹1400"
"What is the price of Banana - Green in Kaliyanchanda market of Kollam, Kerala?","Commodity: Banana - Green
Variety: Banana - Green
State: Kerala
District: Kollam
Market: Kaliyanchanda
Arrival Date: 04/03/2019
Minimum Price: ₹5500
Maximum Price: ₹6000
Modal Price: ₹5800"
"What is the price of Bhindi(Ladies Finger) in Kaliyanchanda market of Kollam, Kerala?","Commodity: Bhindi(Ladies Finger)
Variety: Bhindi
State: Kerala
District: Kollam
Market: Kaliyanchanda
Arrival Date: 04/03/2019
Minimum Price: ₹4000
Maximum Price: ₹4500
Modal Price: ₹4200"
"What is the price of Bitter gourd in Kaliyanchanda market of Kollam, Kerala?","Commodity: Bitter gourd
Variety: Bitter Gourd
State: Kerala
District: Kollam
Market: Kaliyanchanda
Arrival Date: 04/03/2019
Minimum Price: ₹9600
Maximum Price: ₹10100
Modal Price: ₹9800"
"What is the price of Cucumbar(Kheera) in Kaliyanchanda market of Kollam, Kerala?","Commodity: Cucumbar(Kheera)
Variety: Cucumbar
State: Kerala
District: Kollam
Market: Kaliyanchanda
Arrival Date: 04/03/2019
Minimum Price: ₹3600
Maximum Price: ₹3900
Modal Price: ₹3800"
"What is the price of Elephant Yam (Suran) in Kaliyanchanda market of Kollam, Kerala?","Commodity: Elephant Yam (Suran)
Variety: Elephant Yam (Suran)
State: Kerala
District: Kollam
Market: Kaliyanchanda
Arrival Date: 04/03/2019
Minimum Price: ₹3100
Maximum Price: ₹3300
Modal Price: ₹3200"
"What is the price of Ginger(Green) in Kaliyanchanda market of Kollam, Kerala?","Commodity: Ginger(Green)
Variety: Green Ginger
State: Kerala
District: Kollam
Market: Kaliyanchanda
Arrival Date: 04/03/2019
Minimum Price: ₹8500
Maximum Price: ₹9000
Modal Price: ₹8800"
"What is the price of Snakeguard in Kaliyanchanda market of Kollam, Kerala?","Commodity: Snakeguard
Variety: Other
State: Kerala
District: Kollam
Market: Kaliyanchanda
Arrival Date: 04/03/2019
Minimum Price: ₹1700
Maximum Price: ₹1900
Modal Price: ₹1800"
"What is the price of Tapioca in Kaliyanchanda market of Kollam, Kerala?","Commodity: Tapioca
Variety: Other
State: Kerala
District: Kollam
Market: Kaliyanchanda
Arrival Date: 04/03/2019
Minimum Price: ₹2400
Maximum Price: ₹2500
Modal Price: ₹2450"
"What is the price of Turmeric (raw) in Kaliyanchanda market of Kollam, Kerala?","Commodity: Turmeric (raw)
Variety: Other
State: Kerala
District: Kollam
Market: Kaliyanchanda
Arrival Date: 04/03/2019
Minimum Price: ₹2000
Maximum Price: ₹2200
Modal Price: ₹2100"
"What is the price of Ashgourd in Ettumanoor market of Kottayam, Kerala?","Commodity: Ashgourd
Variety: Other
State: Kerala
District: Kottayam
Market: Ettumanoor
Arrival Date: 04/03/2019
Minimum Price: ₹1300
Maximum Price: ₹1400
Modal Price: ₹1400"
"What is the price of Banana in Ettumanoor market of Kottayam, Kerala?","Commodity: Banana
Variety: Banana - Ripe
State: Kerala
District: Kottayam
Market: Ettumanoor
Arrival Date: 04/03/2019
Minimum Price: ₹3800
Maximum Price: ₹3800
Modal Price: ₹3800"
"What is the price of Banana - Green in Ettumanoor market of Kottayam, Kerala?","Commodity: Banana - Green
Variety: Banana - Green
State: Kerala
District: Kottayam
Market: Ettumanoor
Arrival Date: 04/03/2019
Minimum Price: ₹2000
Maximum Price: ₹2100
Modal Price: ₹2100"
"What is the price of Beetroot in Ettumanoor market of Kottayam, Kerala?","Commodity: Beetroot
Variety: Other
State: Kerala
District: Kottayam
Market: Ettumanoor
Arrival Date: 04/03/2019
Minimum Price: ₹2100
Maximum Price: ₹2200
Modal Price: ₹2200"
"What is the price of Bhindi(Ladies Finger) in Ettumanoor market of Kottayam, Kerala?","Commodity: Bhindi(Ladies Finger)
Variety: Other
State: Kerala
District: Kottayam
Market: Ettumanoor
Arrival Date: 04/03/2019
Minimum Price: ₹2600
Maximum Price: ₹2800
Modal Price: ₹2700"
"What is the price of Bitter gourd in Ettumanoor market of Kottayam, Kerala?","Commodity: Bitter gourd
Variety: Other
State: Kerala
District: Kottayam
Market: Ettumanoor
Arrival Date: 04/03/2019
Minimum Price: ₹3300
Maximum Price: ₹3500
Modal Price: ₹3400"
"What is the price of Brinjal in Ettumanoor market of Kottayam, Kerala?","Commodity: Brinjal
Variety: Other
State: Kerala
District: Kottayam
Market: Ettumanoor
Arrival Date: 04/03/2019
Minimum Price: ₹2200
Maximum Price: ₹2400
Modal Price: ₹2300"
"What is the price of Cabbage in Ettumanoor market of Kottayam, Kerala?","Commodity: Cabbage
Variety: Other
State: Kerala
District: Kottayam
Market: Ettumanoor
Arrival Date: 04/03/2019
Minimum Price: ₹2000
Maximum Price: ₹2200
Modal Price: ₹2100"
"What is the price of Carrot in Ettumanoor market of Kottayam, Kerala?","Commodity: Carrot
Variety: Carrot
State: Kerala
District: Kottayam
Market: Ettumanoor
Arrival Date: 04/03/2019
Minimum Price: ₹2500
Maximum Price: ₹2800
Modal Price: ₹2600"
"What is the price of Cluster beans in Ettumanoor market of Kottayam, Kerala?","Commodity: Cluster beans
Variety: Other
State: Kerala
District: Kottayam
Market: Ettumanoor
Arrival Date: 04/03/2019
Minimum Price: ₹3300
Maximum Price: ₹3500
Modal Price: ₹3400"
"What is the price of Coconut in Ettumanoor market of Kottayam, Kerala?","Commodity: Coconut
Variety: Medium
State: Kerala
District: Kottayam
Market: Ettumanoor
Arrival Date: 04/03/2019
Minimum Price: ₹3500
Maximum Price: ₹3700
Modal Price: ₹3600"
"What is the price of Colacasia in Ettumanoor market of Kottayam, Kerala?","Commodity: Colacasia
Variety: Other
State: Kerala
District: Kottayam
Market: Ettumanoor
Arrival Date: 04/03/2019
Minimum Price: ₹5500
Maximum Price: ₹5700
Modal Price: ₹5700"
"What is the price of Cucumbar(Kheera) in Ettumanoor market of Kottayam, Kerala?","Commodity: Cucumbar(Kheera)
Variety: Cucumbar
State: Kerala
District: Kottayam
Market: Ettumanoor
Arrival Date: 04/03/2019
Minimum Price: ₹1800
Maximum Price: ₹2000
Modal Price: ₹2000"
"What is the price of Drumstick in Ettumanoor market of Kottayam, Kerala?","Commodity: Drumstick
Variety: Drumstick
State: Kerala
District: Kottayam
Market: Ettumanoor
Arrival Date: 04/03/2019
Minimum Price: ₹5500
Maximum Price: ₹5800
Modal Price: ₹5800"
"What is the price of Elephant Yam (Suran) in Ettumanoor market of Kottayam, Kerala?","Commodity: Elephant Yam (Suran)
Variety: Other
State: Kerala
District: Kottayam
Market: Ettumanoor
Arrival Date: 04/03/2019
Minimum Price: ₹2200
Maximum Price: ₹2400
Modal Price: ₹2300"
"What is the price of Ginger(Green) in Ettumanoor market of Kottayam, Kerala?","Commodity: Ginger(Green)
Variety: Green Ginger
State: Kerala
District: Kottayam
Market: Ettumanoor
Arrival Date: 04/03/2019
Minimum Price: ₹8500
Maximum Price: ₹8600
Modal Price: ₹8600"
"What is the price of Green Chilli in Ettumanoor market of Kottayam, Kerala?","Commodity: Green Chilli
Variety: Green Chilly
State: Kerala
District: Kottayam
Market: Ettumanoor
Arrival Date: 04/03/2019
Minimum Price: ₹3600
Maximum Price: ₹3800
Modal Price: ₹3800"
"What is the price of Little gourd (Kundru) in Ettumanoor market of Kottayam, Kerala?","Commodity: Little gourd (Kundru)
Variety: Other
State: Kerala
District: Kottayam
Market: Ettumanoor
Arrival Date: 04/03/2019
Minimum Price: ₹3300
Maximum Price: ₹3500
Modal Price: ₹3400"
"What is the price of Mango (Raw-Ripe) in Ettumanoor market of Kottayam, Kerala?","Commodity: Mango (Raw-Ripe)
Variety: Mango - Raw-Ripe
State: Kerala
District: Kottayam
Market: Ettumanoor
Arrival Date: 04/03/2019
Minimum Price: ₹3300
Maximum Price: ₹3500
Modal Price: ₹3400"
"What is the price of Onion in Ettumanoor market of Kottayam, Kerala?","Commodity: Onion
Variety: Big
State: Kerala
District: Kottayam
Market: Ettumanoor
Arrival Date: 04/03/2019
Minimum Price: ₹3300
Maximum Price: ₹3500
Modal Price: ₹3500"
"What is the price of Onion in Ettumanoor market of Kottayam, Kerala?","Commodity: Onion
Variety: Onion
State: Kerala
District: Kottayam
Market: Ettumanoor
Arrival Date: 04/03/2019
Minimum Price: ₹1300
Maximum Price: ₹1500
Modal Price: ₹1400"
"What is the price of Potato in Ettumanoor market of Kottayam, Kerala?","Commodity: Potato
Variety: Potato
State: Kerala
District: Kottayam
Market: Ettumanoor
Arrival Date: 04/03/2019
Minimum Price: ₹2800
Maximum Price: ₹3000
Modal Price: ₹2800"
"What is the price of Pumpkin in Ettumanoor market of Kottayam, Kerala?","Commodity: Pumpkin
Variety: Pumpkin
State: Kerala
District: Kottayam
Market: Ettumanoor
Arrival Date: 04/03/2019
Minimum Price: ₹1000
Maximum Price: ₹1100
Modal Price: ₹1100"
"What is the price of Snakeguard in Ettumanoor market of Kottayam, Kerala?","Commodity: Snakeguard
Variety: Snakeguard
State: Kerala
District: Kottayam
Market: Ettumanoor
Arrival Date: 04/03/2019
Minimum Price: ₹1900
Maximum Price: ₹2000
Modal Price: ₹1900"
"What is the price of Tapioca in Ettumanoor market of Kottayam, Kerala?","Commodity: Tapioca
Variety: Tapioca
State: Kerala
District: Kottayam
Market: Ettumanoor
Arrival Date: 04/03/2019
Minimum Price: ₹2300
Maximum Price: ₹2500
Modal Price: ₹2500"
"What is the price of Tomato in Ettumanoor market of Kottayam, Kerala?","Commodity: Tomato
Variety: Tomato
State: Kerala
District: Kottayam
Market: Ettumanoor
Arrival Date: 04/03/2019
Minimum Price: ₹2100
Maximum Price: ₹2300
Modal Price: ₹2200"
"What is the price of Banana in Kottayam market of Kottayam, Kerala?","Commodity: Banana
Variety: Banana - Ripe
State: Kerala
District: Kottayam
Market: Kottayam
Arrival Date: 04/03/2019
Minimum Price: ₹3800
Maximum Price: ₹4100
Modal Price: ₹4000"
"What is the price of Banana in Kottayam market of Kottayam, Kerala?","Commodity: Banana
Variety: Palayamthodan
State: Kerala
District: Kottayam
Market: Kottayam
Arrival Date: 04/03/2019
Minimum Price: ₹1600
Maximum Price: ₹1900
Modal Price: ₹1800"
"What is the price of Banana in Kottayam market of Kottayam, Kerala?","Commodity: Banana
Variety: Poovan
State: Kerala
District: Kottayam
Market: Kottayam
Arrival Date: 04/03/2019
Minimum Price: ₹2800
Maximum Price: ₹3100
Modal Price: ₹3000"
"What is the price of Amaranthus in Kondotty market of Malappuram, Kerala?","Commodity: Amaranthus
Variety: Other
State: Kerala
District: Malappuram
Market: Kondotty
Arrival Date: 04/03/2019
Minimum Price: ₹1700
Maximum Price: ₹1900
Modal Price: ₹1800"
"What is the price of Amla(Nelli Kai) in Kondotty market of Malappuram, Kerala?","Commodity: Amla(Nelli Kai)
Variety: Other
State: Kerala
District: Malappuram
Market: Kondotty
Arrival Date: 04/03/2019
Minimum Price: ₹3700
Maximum Price: ₹3900
Modal Price: ₹3800"
"What is the price of Amphophalus in Kondotty market of Malappuram, Kerala?","Commodity: Amphophalus
Variety: Other
State: Kerala
District: Malappuram
Market: Kondotty
Arrival Date: 04/03/2019
Minimum Price: ₹2200
Maximum Price: ₹2400
Modal Price: ₹2300"
"What is the price of Ashgourd in Kondotty market of Malappuram, Kerala?","Commodity: Ashgourd
Variety: Other
State: Kerala
District: Malappuram
Market: Kondotty
Arrival Date: 04/03/2019
Minimum Price: ₹1200
Maximum Price: ₹1400
Modal Price: ₹1300"
"What is the price of Beetroot in Kondotty market of Malappuram, Kerala?","Commodity: Beetroot
Variety: Other
State: Kerala
District: Malappuram
Market: Kondotty
Arrival Date: 04/03/2019
Minimum Price: ₹1800
Maximum Price: ₹2000
Modal Price: ₹1900"
"What is the price of Bhindi(Ladies Finger) in Kondotty market of Malappuram, Kerala?","Commodity: Bhindi(Ladies Finger)
Variety: Other
State: Kerala
District: Malappuram
Market: Kondotty
Arrival Date: 04/03/2019
Minimum Price: ₹3000
Maximum Price: ₹3400
Modal Price: ₹3200"
"What is the price of Bitter gourd in Kondotty market of Malappuram, Kerala?","Commodity: Bitter gourd
Variety: Other
State: Kerala
District: Malappuram
Market: Kondotty
Arrival Date: 04/03/2019
Minimum Price: ₹3000
Maximum Price: ₹3200
Modal Price: ₹3100"
"What is the price of Bottle gourd in Kondotty market of Malappuram, Kerala?","Commodity: Bottle gourd
Variety: Other
State: Kerala
District: Malappuram
Market: Kondotty
Arrival Date: 04/03/2019
Minimum Price: ₹1600
Maximum Price: ₹1800
Modal Price: ₹1700"
"What is the price of Brinjal in Kondotty market of Malappuram, Kerala?","Commodity: Brinjal
Variety: Other
State: Kerala
District: Malappuram
Market: Kondotty
Arrival Date: 04/03/2019
Minimum Price: ₹1800
Maximum Price: ₹2000
Modal Price: ₹1900"
"What is the price of Cabbage in Kondotty market of Malappuram, Kerala?","Commodity: Cabbage
Variety: Other
State: Kerala
District: Malappuram
Market: Kondotty
Arrival Date: 04/03/2019
Minimum Price: ₹1200
Maximum Price: ₹1400
Modal Price: ₹1300"
"What is the price of Carrot in Kondotty market of Malappuram, Kerala?","Commodity: Carrot
Variety: Other
State: Kerala
District: Malappuram
Market: Kondotty
Arrival Date: 04/03/2019
Minimum Price: ₹2000
Maximum Price: ₹2200
Modal Price: ₹2100"
"What is the price of Cauliflower in Kondotty market of Malappuram, Kerala?","Commodity: Cauliflower
Variety: Other
State: Kerala
District: Malappuram
Market: Kondotty
Arrival Date: 04/03/2019
Minimum Price: ₹2000
Maximum Price: ₹2200
Modal Price: ₹2100"
"What is the price of Cowpea(Veg) in Kondotty market of Malappuram, Kerala?","Commodity: Cowpea(Veg)
Variety: Other
State: Kerala
District: Malappuram
Market: Kondotty
Arrival Date: 04/03/2019
Minimum Price: ₹3000
Maximum Price: ₹3200
Modal Price: ₹3100"
"What is the price of Cucumbar(Kheera) in Kondotty market of Malappuram, Kerala?","Commodity: Cucumbar(Kheera)
Variety: Other
State: Kerala
District: Malappuram
Market: Kondotty
Arrival Date: 04/03/2019
Minimum Price: ₹1200
Maximum Price: ₹1400
Modal Price: ₹1300"
"What is the price of Drumstick in Kondotty market of Malappuram, Kerala?","Commodity: Drumstick
Variety: Other
State: Kerala
District: Malappuram
Market: Kondotty
Arrival Date: 04/03/2019
Minimum Price: ₹6000
Maximum Price: ₹6200
Modal Price: ₹6100"
"What is the price of French Beans (Frasbean) in Kondotty market of Malappuram, Kerala?","Commodity: French Beans (Frasbean)
Variety: Other
State: Kerala
District: Malappuram
Market: Kondotty
Arrival Date: 04/03/2019
Minimum Price: ₹3000
Maximum Price: ₹3200
Modal Price: ₹3100"
"What is the price of Garlic in Kondotty market of Malappuram, Kerala?","Commodity: Garlic
Variety: Other
State: Kerala
District: Malappuram
Market: Kondotty
Arrival Date: 04/03/2019
Minimum Price: ₹7000
Maximum Price: ₹7200
Modal Price: ₹7100"
"What is the price of Ginger(Green) in Kondotty market of Malappuram, Kerala?","Commodity: Ginger(Green)
Variety: Other
State: Kerala
District: Malappuram
Market: Kondotty
Arrival Date: 04/03/2019
Minimum Price: ₹8800
Maximum Price: ₹9000
Modal Price: ₹8900"
"What is the price of Green Chilli in Kondotty market of Malappuram, Kerala?","Commodity: Green Chilli
Variety: Other
State: Kerala
District: Malappuram
Market: Kondotty
Arrival Date: 04/03/2019
Minimum Price: ₹3000
Maximum Price: ₹3200
Modal Price: ₹3100"
"What is the price of Lemon in Kondotty market of Malappuram, Kerala?","Commodity: Lemon
Variety: Other
State: Kerala
District: Malappuram
Market: Kondotty
Arrival Date: 04/03/2019
Minimum Price: ₹4000
Maximum Price: ₹4200
Modal Price: ₹4100"
"What is the price of Onion in Kondotty market of Malappuram, Kerala?","Commodity: Onion
Variety: Other
State: Kerala
District: Malappuram
Market: Kondotty
Arrival Date: 04/03/2019
Minimum Price: ₹1300
Maximum Price: ₹1500
Modal Price: ₹1400"
"What is the price of Orange in Kondotty market of Malappuram, Kerala?","Commodity: Orange
Variety: Other
State: Kerala
District: Malappuram
Market: Kondotty
Arrival Date: 04/03/2019
Minimum Price: ₹5800
Maximum Price: ₹6000
Modal Price: ₹5900"
"What is the price of Potato in Kondotty market of Malappuram, Kerala?","Commodity: Potato
Variety: Other
State: Kerala
District: Malappuram
Market: Kondotty
Arrival Date: 04/03/2019
Minimum Price: ₹2000
Maximum Price: ₹2200
Modal Price: ₹2100"
"What is the price of Pumpkin in Kondotty market of Malappuram, Kerala?","Commodity: Pumpkin
Variety: Other
State: Kerala
District: Malappuram
Market: Kondotty
Arrival Date: 04/03/2019
Minimum Price: ₹1200
Maximum Price: ₹1400
Modal Price: ₹1300"
"What is the price of Snakeguard in Kondotty market of Malappuram, Kerala?","Commodity: Snakeguard
Variety: Other
State: Kerala
District: Malappuram
Market: Kondotty
Arrival Date: 04/03/2019
Minimum Price: ₹1600
Maximum Price: ₹1800
Modal Price: ₹1700"
"What is the price of Tomato in Kondotty market of Malappuram, Kerala?","Commodity: Tomato
Variety: Other
State: Kerala
District: Malappuram
Market: Kondotty
Arrival Date: 04/03/2019
Minimum Price: ₹1000
Maximum Price: ₹1200
Modal Price: ₹1100"
"What is the price of Amaranthus in Chelakkara market of Thirssur, Kerala?","Commodity: Amaranthus
Variety: Other
State: Kerala
District: Thirssur
Market: Chelakkara
Arrival Date: 04/03/2019
Minimum Price: ₹1600
Maximum Price: ₹1800
Modal Price: ₹1700"
"What is the price of Ashgourd in Chelakkara market of Thirssur, Kerala?","Commodity: Ashgourd
Variety: Other
State: Kerala
District: Thirssur
Market: Chelakkara
Arrival Date: 04/03/2019
Minimum Price: ₹1800
Maximum Price: ₹2000
Modal Price: ₹1900"
"What is the price of Banana - Green in Chelakkara market of Thirssur, Kerala?","Commodity: Banana - Green
Variety: Other
State: Kerala
District: Thirssur
Market: Chelakkara
Arrival Date: 04/03/2019
Minimum Price: ₹4200
Maximum Price: ₹4400
Modal Price: ₹4300"
"What is the price of Beetroot in Chelakkara market of Thirssur, Kerala?","Commodity: Beetroot
Variety: Other
State: Kerala
District: Thirssur
Market: Chelakkara
Arrival Date: 04/03/2019
Minimum Price: ₹2000
Maximum Price: ₹2200
Modal Price: ₹2100"
"What is the price of Bhindi(Ladies Finger) in Chelakkara market of Thirssur, Kerala?","Commodity: Bhindi(Ladies Finger)
Variety: Other
State: Kerala
District: Thirssur
Market: Chelakkara
Arrival Date: 04/03/2019
Minimum Price: ₹2200
Maximum Price: ₹2400
Modal Price: ₹2300"
"What is the price of Bitter gourd in Chelakkara market of Thirssur, Kerala?","Commodity: Bitter gourd
Variety: Other
State: Kerala
District: Thirssur
Market: Chelakkara
Arrival Date: 04/03/2019
Minimum Price: ₹2600
Maximum Price: ₹2800
Modal Price: ₹2700"
"What is the price of Brinjal in Chelakkara market of Thirssur, Kerala?","Commodity: Brinjal
Variety: Other
State: Kerala
District: Thirssur
Market: Chelakkara
Arrival Date: 04/03/2019
Minimum Price: ₹1600
Maximum Price: ₹1800
Modal Price: ₹1700"
"What is the price of Cabbage in Chelakkara market of Thirssur, Kerala?","Commodity: Cabbage
Variety: Other
State: Kerala
District: Thirssur
Market: Chelakkara
Arrival Date: 04/03/2019
Minimum Price: ₹2000
Maximum Price: ₹2200
Modal Price: ₹2100"
"What is the price of Carrot in Chelakkara market of Thirssur, Kerala?","Commodity: Carrot
Variety: Other
State: Kerala
District: Thirssur
Market: Chelakkara
Arrival Date: 04/03/2019
Minimum Price: ₹3400
Maximum Price: ₹3600
Modal Price: ₹3500"
"What is the price of Cauliflower in Chelakkara market of Thirssur, Kerala?","Commodity: Cauliflower
Variety: Other
State: Kerala
District: Thirssur
Market: Chelakkara
Arrival Date: 04/03/2019
Minimum Price: ₹3500
Maximum Price: ₹3800
Modal Price: ₹3600"
"What is the price of Coconut Seed in Chelakkara market of Thirssur, Kerala?","Commodity: Coconut Seed
Variety: Other
State: Kerala
District: Thirssur
Market: Chelakkara
Arrival Date: 04/03/2019
Minimum Price: ₹3400
Maximum Price: ₹3600
Modal Price: ₹3500"
"What is the price of Cowpea(Veg) in Chelakkara market of Thirssur, Kerala?","Commodity: Cowpea(Veg)
Variety: Other
State: Kerala
District: Thirssur
Market: Chelakkara
Arrival Date: 04/03/2019
Minimum Price: ₹2000
Maximum Price: ₹2200
Modal Price: ₹2100"
"What is the price of Cucumbar(Kheera) in Chelakkara market of Thirssur, Kerala?","Commodity: Cucumbar(Kheera)
Variety: Other
State: Kerala
District: Thirssur
Market: Chelakkara
Arrival Date: 04/03/2019
Minimum Price: ₹2200
Maximum Price: ₹2400
Modal Price: ₹2300"
"What is the price of Drumstick in Chelakkara market of Thirssur, Kerala?","Commodity: Drumstick
Variety: Other
State: Kerala
District: Thirssur
Market: Chelakkara
Arrival Date: 04/03/2019
Minimum Price: ₹3000
Maximum Price: ₹3300
Modal Price: ₹3200"
"What is the price of Duster Beans in Chelakkara market of Thirssur, Kerala?","Commodity: Duster Beans
Variety: Other
State: Kerala
District: Thirssur
Market: Chelakkara
Arrival Date: 04/03/2019
Minimum Price: ₹3500
Maximum Price: ₹3800
Modal Price: ₹3600"
"What is the price of Elephant Yam (Suran) in Chelakkara market of Thirssur, Kerala?","Commodity: Elephant Yam (Suran)
Variety: Other
State: Kerala
District: Thirssur
Market: Chelakkara
Arrival Date: 04/03/2019
Minimum Price: ₹2500
Maximum Price: ₹2800
Modal Price: ₹2600"
"What is the price of Ginger(Green) in Chelakkara market of Thirssur, Kerala?","Commodity: Ginger(Green)
Variety: Other
State: Kerala
District: Thirssur
Market: Chelakkara
Arrival Date: 04/03/2019
Minimum Price: ₹8000
Maximum Price: ₹8400
Modal Price: ₹8200"
"What is the price of Green Chilli in Chelakkara market of Thirssur, Kerala?","Commodity: Green Chilli
Variety: Other
State: Kerala
District: Thirssur
Market: Chelakkara
Arrival Date: 04/03/2019
Minimum Price: ₹2000
Maximum Price: ₹2200
Modal Price: ₹2100"
"What is the price of Mango (Raw-Ripe) in Chelakkara market of Thirssur, Kerala?","Commodity: Mango (Raw-Ripe)
Variety: Other
State: Kerala
District: Thirssur
Market: Chelakkara
Arrival Date: 04/03/2019
Minimum Price: ₹2000
Maximum Price: ₹2200
Modal Price: ₹2100"
"What is the price of Onion in Chelakkara market of Thirssur, Kerala?","Commodity: Onion
Variety: Other
State: Kerala
District: Thirssur
Market: Chelakkara
Arrival Date: 04/03/2019
Minimum Price: ₹1800
Maximum Price: ₹2000
Modal Price: ₹1900"
"What is the price of Potato in Chelakkara market of Thirssur, Kerala?","Commodity: Potato
Variety: Other
State: Kerala
District: Thirssur
Market: Chelakkara
Arrival Date: 04/03/2019
Minimum Price: ₹2500
Maximum Price: ₹2800
Modal Price: ₹2600"
"What is the price of Pumpkin in Chelakkara market of Thirssur, Kerala?","Commodity: Pumpkin
Variety: Other
State: Kerala
District: Thirssur
Market: Chelakkara
Arrival Date: 04/03/2019
Minimum Price: ₹1600
Maximum Price: ₹1800
Modal Price: ₹1700"
"What is the price of Snakeguard in Chelakkara market of Thirssur, Kerala?","Commodity: Snakeguard
Variety: Other
State: Kerala
District: Thirssur
Market: Chelakkara
Arrival Date: 04/03/2019
Minimum Price: ₹1800
Maximum Price: ₹2000
Modal Price: ₹1900"
"What is the price of Tapioca in Chelakkara market of Thirssur, Kerala?","Commodity: Tapioca
Variety: Other
State: Kerala
District: Thirssur
Market: Chelakkara
Arrival Date: 04/03/2019
Minimum Price: ₹2400
Maximum Price: ₹2600
Modal Price: ₹2500"
"What is the price of Tomato in Chelakkara market of Thirssur, Kerala?","Commodity: Tomato
Variety: Other
State: Kerala
District: Thirssur
Market: Chelakkara
Arrival Date: 04/03/2019
Minimum Price: ₹2000
Maximum Price: ₹2200
Modal Price: ₹2100"
"What is the price of Ashgourd in Irinjalakkuda market of Thirssur, Kerala?","Commodity: Ashgourd
Variety: Other
State: Kerala
District: Thirssur
Market: Irinjalakkuda
Arrival Date: 04/03/2019
Minimum Price: ₹2200
Maximum Price: ₹2200
Modal Price: ₹2200"
"What is the price of Banana in Irinjalakkuda market of Thirssur, Kerala?","Commodity: Banana
Variety: Other
State: Kerala
District: Thirssur
Market: Irinjalakkuda
Arrival Date: 04/03/2019
Minimum Price: ₹6000
Maximum Price: ₹6000
Modal Price: ₹6000"
"What is the price of Banana - Green in Irinjalakkuda market of Thirssur, Kerala?","Commodity: Banana - Green
Variety: Other
State: Kerala
District: Thirssur
Market: Irinjalakkuda
Arrival Date: 04/03/2019
Minimum Price: ₹6200
Maximum Price: ₹6200
Modal Price: ₹6200"
"What is the price of Beetroot in Irinjalakkuda market of Thirssur, Kerala?","Commodity: Beetroot
Variety: Other
State: Kerala
District: Thirssur
Market: Irinjalakkuda
Arrival Date: 04/03/2019
Minimum Price: ₹3000
Maximum Price: ₹3000
Modal Price: ₹3000"
"What is the price of Bhindi(Ladies Finger) in Irinjalakkuda market of Thirssur, Kerala?","Commodity: Bhindi(Ladies Finger)
Variety: Other
State: Kerala
District: Thirssur
Market: Irinjalakkuda
Arrival Date: 04/03/2019
Minimum Price: ₹3200
Maximum Price: ₹3200
Modal Price: ₹3200"
"What is the price of Bitter gourd in Irinjalakkuda market of Thirssur, Kerala?","Commodity: Bitter gourd
Variety: Other
State: Kerala
District: Thirssur
Market: Irinjalakkuda
Arrival Date: 04/03/2019
Minimum Price: ₹4000
Maximum Price: ₹4000
Modal Price: ₹4000"
"What is the price of Bottle gourd in Irinjalakkuda market of Thirssur, Kerala?","Commodity: Bottle gourd
Variety: Other
State: Kerala
District: Thirssur
Market: Irinjalakkuda
Arrival Date: 04/03/2019
Minimum Price: ₹2400
Maximum Price: ₹2400
Modal Price: ₹2400"
"What is the price of Brinjal in Irinjalakkuda market of Thirssur, Kerala?","Commodity: Brinjal
Variety: Other
State: Kerala
District: Thirssur
Market: Irinjalakkuda
Arrival Date: 04/03/2019
Minimum Price: ₹2500
Maximum Price: ₹2500
Modal Price: ₹2500"
"What is the price of Cabbage in Irinjalakkuda market of Thirssur, Kerala?","Commodity: Cabbage
Variety: Other
State: Kerala
District: Thirssur
Market: Irinjalakkuda
Arrival Date: 04/03/2019
Minimum Price: ₹3000
Maximum Price: ₹3000
Modal Price: ₹3000"
"What is the price of Carrot in Irinjalakkuda market of Thirssur, Kerala?","Commodity: Carrot
Variety: Other
State: Kerala
District: Thirssur
Market: Irinjalakkuda
Arrival Date: 04/03/2019
Minimum Price: ₹3800
Maximum Price: ₹3800
Modal Price: ₹3800"
"What is the price of Cauliflower in Irinjalakkuda market of Thirssur, Kerala?","Commodity: Cauliflower
Variety: Other
State: Kerala
District: Thirssur
Market: Irinjalakkuda
Arrival Date: 04/03/2019
Minimum Price: ₹2700
Maximum Price: ₹2700
Modal Price: ₹2700"
"What is the price of Coconut in Irinjalakkuda market of Thirssur, Kerala?","Commodity: Coconut
Variety: Other
State: Kerala
District: Thirssur
Market: Irinjalakkuda
Arrival Date: 04/03/2019
Minimum Price: ₹4000
Maximum Price: ₹4000
Modal Price: ₹4000"
"What is the price of Cowpea(Veg) in Irinjalakkuda market of Thirssur, Kerala?","Commodity: Cowpea(Veg)
Variety: Other
State: Kerala
District: Thirssur
Market: Irinjalakkuda
Arrival Date: 04/03/2019
Minimum Price: ₹3500
Maximum Price: ₹3500
Modal Price: ₹3500"
"What is the price of Cucumbar(Kheera) in Irinjalakkuda market of Thirssur, Kerala?","Commodity: Cucumbar(Kheera)
Variety: Other
State: Kerala
District: Thirssur
Market: Irinjalakkuda
Arrival Date: 04/03/2019
Minimum Price: ₹2000
Maximum Price: ₹2000
Modal Price: ₹2000"
"What is the price of Drumstick in Irinjalakkuda market of Thirssur, Kerala?","Commodity: Drumstick
Variety: Other
State: Kerala
District: Thirssur
Market: Irinjalakkuda
Arrival Date: 04/03/2019
Minimum Price: ₹2600
Maximum Price: ₹2600
Modal Price: ₹2600"
"What is the price of Elephant Yam (Suran) in Irinjalakkuda market of Thirssur, Kerala?","Commodity: Elephant Yam (Suran)
Variety: Other
State: Kerala
District: Thirssur
Market: Irinjalakkuda
Arrival Date: 04/03/2019
Minimum Price: ₹2400
Maximum Price: ₹2400
Modal Price: ₹2400"
"What is the price of Ginger(Green) in Irinjalakkuda market of Thirssur, Kerala?","Commodity: Ginger(Green)
Variety: Other
State: Kerala
District: Thirssur
Market: Irinjalakkuda
Arrival Date: 04/03/2019
Minimum Price: ₹4000
Maximum Price: ₹4000
Modal Price: ₹4000"
"What is the price of Green Chilli in Irinjalakkuda market of Thirssur, Kerala?","Commodity: Green Chilli
Variety: Other
State: Kerala
District: Thirssur
Market: Irinjalakkuda
Arrival Date: 04/03/2019
Minimum Price: ₹3500
Maximum Price: ₹3500
Modal Price: ₹3500"
"What is the price of Indian Beans (Seam) in Irinjalakkuda market of Thirssur, Kerala?","Commodity: Indian Beans (Seam)
Variety: Other
State: Kerala
District: Thirssur
Market: Irinjalakkuda
Arrival Date: 04/03/2019
Minimum Price: ₹4000
Maximum Price: ₹4000
Modal Price: ₹4000"
"What is the price of Lemon in Irinjalakkuda market of Thirssur, Kerala?","Commodity: Lemon
Variety: Other
State: Kerala
District: Thirssur
Market: Irinjalakkuda
Arrival Date: 04/03/2019
Minimum Price: ₹2000
Maximum Price: ₹2000
Modal Price: ₹2000"
"What is the price of Mango in Irinjalakkuda market of Thirssur, Kerala?","Commodity: Mango
Variety: Other
State: Kerala
District: Thirssur
Market: Irinjalakkuda
Arrival Date: 04/03/2019
Minimum Price: ₹3500
Maximum Price: ₹3500
Modal Price: ₹3500"
"What is the price of Onion in Irinjalakkuda market of Thirssur, Kerala?","Commodity: Onion
Variety: Other
State: Kerala
District: Thirssur
Market: Irinjalakkuda
Arrival Date: 04/03/2019
Minimum Price: ₹2500
Maximum Price: ₹2500
Modal Price: ₹2500"
"What is the price of Potato in Irinjalakkuda market of Thirssur, Kerala?","Commodity: Potato
Variety: Other
State: Kerala
District: Thirssur
Market: Irinjalakkuda
Arrival Date: 04/03/2019
Minimum Price: ₹2400
Maximum Price: ₹2400
Modal Price: ₹2400"
"What is the price of Pumpkin in Irinjalakkuda market of Thirssur, Kerala?","Commodity: Pumpkin
Variety: Other
State: Kerala
District: Thirssur
Market: Irinjalakkuda
Arrival Date: 04/03/2019
Minimum Price: ₹3000
Maximum Price: ₹3000
Modal Price: ₹3000"
"What is the price of Tapioca in Irinjalakkuda market of Thirssur, Kerala?","Commodity: Tapioca
Variety: Other
State: Kerala
District: Thirssur
Market: Irinjalakkuda
Arrival Date: 04/03/2019
Minimum Price: ₹4000
Maximum Price: ₹4000
Modal Price: ₹4000"
"What is the price of Tomato in Irinjalakkuda market of Thirssur, Kerala?","Commodity: Tomato
Variety: Other
State: Kerala
District: Thirssur
Market: Irinjalakkuda
Arrival Date: 04/03/2019
Minimum Price: ₹2000
Maximum Price: ₹2000
Modal Price: ₹2000"
"What is the price of Ashgourd in Kodungalloor market of Thirssur, Kerala?","Commodity: Ashgourd
Variety: Other
State: Kerala
District: Thirssur
Market: Kodungalloor
Arrival Date: 04/03/2019
Minimum Price: ₹850
Maximum Price: ₹850
Modal Price: ₹850"
"What is the price of Banana - Green in Kodungalloor market of Thirssur, Kerala?","Commodity: Banana - Green
Variety: Other
State: Kerala
District: Thirssur
Market: Kodungalloor
Arrival Date: 04/03/2019
Minimum Price: ₹3600
Maximum Price: ₹3600
Modal Price: ₹3600"
"What is the price of Beetroot in Kodungalloor market of Thirssur, Kerala?","Commodity: Beetroot
Variety: Other
State: Kerala
District: Thirssur
Market: Kodungalloor
Arrival Date: 04/03/2019
Minimum Price: ₹2100
Maximum Price: ₹2200
Modal Price: ₹2100"
"What is the price of Bhindi(Ladies Finger) in Kodungalloor market of Thirssur, Kerala?","Commodity: Bhindi(Ladies Finger)
Variety: Other
State: Kerala
District: Thirssur
Market: Kodungalloor
Arrival Date: 04/03/2019
Minimum Price: ₹2300
Maximum Price: ₹2300
Modal Price: ₹2300"
"What is the price of Bitter gourd in Kodungalloor market of Thirssur, Kerala?","Commodity: Bitter gourd
Variety: Other
State: Kerala
District: Thirssur
Market: Kodungalloor
Arrival Date: 04/03/2019
Minimum Price: ₹3500
Maximum Price: ₹3600
Modal Price: ₹3600"
"What is the price of Brinjal in Kodungalloor market of Thirssur, Kerala?","Commodity: Brinjal
Variety: Other
State: Kerala
District: Thirssur
Market: Kodungalloor
Arrival Date: 04/03/2019
Minimum Price: ₹1500
Maximum Price: ₹1500
Modal Price: ₹1500"
"What is the price of Cabbage in Kodungalloor market of Thirssur, Kerala?","Commodity: Cabbage
Variety: Other
State: Kerala
District: Thirssur
Market: Kodungalloor
Arrival Date: 04/03/2019
Minimum Price: ₹2200
Maximum Price: ₹2200
Modal Price: ₹2200"
"What is the price of Carrot in Kodungalloor market of Thirssur, Kerala?","Commodity: Carrot
Variety: Other
State: Kerala
District: Thirssur
Market: Kodungalloor
Arrival Date: 04/03/2019
Minimum Price: ₹2300
Maximum Price: ₹2300
Modal Price: ₹2300"
"What is the price of Drumstick in Kodungalloor market of Thirssur, Kerala?","Commodity: Drumstick
Variety: Other
State: Kerala
District: Thirssur
Market: Kodungalloor
Arrival Date: 04/03/2019
Minimum Price: ₹2400
Maximum Price: ₹2400
Modal Price: ₹2400"
"What is the price of Elephant Yam (Suran) in Kodungalloor market of Thirssur, Kerala?","Commodity: Elephant Yam (Suran)
Variety: Other
State: Kerala
District: Thirssur
Market: Kodungalloor
Arrival Date: 04/03/2019
Minimum Price: ₹1400
Maximum Price: ₹1400
Modal Price: ₹1400"
"What is the price of French Beans (Frasbean) in Kodungalloor market of Thirssur, Kerala?","Commodity: French Beans (Frasbean)
Variety: Other
State: Kerala
District: Thirssur
Market: Kodungalloor
Arrival Date: 04/03/2019
Minimum Price: ₹3000
Maximum Price: ₹3000
Modal Price: ₹3000"
"What is the price of Ginger(Green) in Kodungalloor market of Thirssur, Kerala?","Commodity: Ginger(Green)
Variety: Other
State: Kerala
District: Thirssur
Market: Kodungalloor
Arrival Date: 04/03/2019
Minimum Price: ₹7000
Maximum Price: ₹7000
Modal Price: ₹7000"
"What is the price of Green Chilli in Kodungalloor market of Thirssur, Kerala?","Commodity: Green Chilli
Variety: Other
State: Kerala
District: Thirssur
Market: Kodungalloor
Arrival Date: 04/03/2019
Minimum Price: ₹3700
Maximum Price: ₹3800
Modal Price: ₹3800"
"What is the price of Mango (Raw-Ripe) in Kodungalloor market of Thirssur, Kerala?","Commodity: Mango (Raw-Ripe)
Variety: Other
State: Kerala
District: Thirssur
Market: Kodungalloor
Arrival Date: 04/03/2019
Minimum Price: ₹3000
Maximum Price: ₹3000
Modal Price: ₹3000"
"What is the price of Onion in Kodungalloor market of Thirssur, Kerala?","Commodity: Onion
Variety: Other
State: Kerala
District: Thirssur
Market: Kodungalloor
Arrival Date: 04/03/2019
Minimum Price: ₹950
Maximum Price: ₹1000
Modal Price: ₹950"
"What is the price of Potato in Kodungalloor market of Thirssur, Kerala?","Commodity: Potato
Variety: Other
State: Kerala
District: Thirssur
Market: Kodungalloor
Arrival Date: 04/03/2019
Minimum Price: ₹1400
Maximum Price: ₹1400
Modal Price: ₹1400"
"What is the price of Pumpkin in Kodungalloor market of Thirssur, Kerala?","Commodity: Pumpkin
Variety: Other
State: Kerala
District: Thirssur
Market: Kodungalloor
Arrival Date: 04/03/2019
Minimum Price: ₹1100
Maximum Price: ₹1100
Modal Price: ₹1100"
"What is the price of Sweet Potato in Kodungalloor market of Thirssur, Kerala?","Commodity: Sweet Potato
Variety: Other
State: Kerala
District: Thirssur
Market: Kodungalloor
Arrival Date: 04/03/2019
Minimum Price: ₹2200
Maximum Price: ₹2200
Modal Price: ₹2200"
"What is the price of Tapioca in Kodungalloor market of Thirssur, Kerala?","Commodity: Tapioca
Variety: Other
State: Kerala
District: Thirssur
Market: Kodungalloor
Arrival Date: 04/03/2019
Minimum Price: ₹2000
Maximum Price: ₹2000
Modal Price: ₹2000"
"What is the price of Tomato in Kodungalloor market of Thirssur, Kerala?","Commodity: Tomato
Variety: Other
State: Kerala
District: Thirssur
Market: Kodungalloor
Arrival Date: 04/03/2019
Minimum Price: ₹1600
Maximum Price: ₹1600
Modal Price: ₹1600"
"What is the price of Banana in Maranelloor market of Thiruvananthapuram, Kerala?","Commodity: Banana
Variety: Nendra Bale
State: Kerala
District: Thiruvananthapuram
Market: Maranelloor
Arrival Date: 04/03/2019
Minimum Price: ₹3800
Maximum Price: ₹4000
Modal Price: ₹3900"
"What is the price of Banana in Maranelloor market of Thiruvananthapuram, Kerala?","Commodity: Banana
Variety: Nendra Bale
State: Kerala
District: Thiruvananthapuram
Market: Maranelloor
Arrival Date: 04/03/2019
Minimum Price: ₹3500
Maximum Price: ₹3700
Modal Price: ₹3600"
"What is the price of Banana in Maranelloor market of Thiruvananthapuram, Kerala?","Commodity: Banana
Variety: Nendra Bale
State: Kerala
District: Thiruvananthapuram
Market: Maranelloor
Arrival Date: 04/03/2019
Minimum Price: ₹2500
Maximum Price: ₹3400
Modal Price: ₹3200"
"What is the price of Banana in Maranelloor market of Thiruvananthapuram, Kerala?","Commodity: Banana
Variety: Palayamthodan
State: Kerala
District: Thiruvananthapuram
Market: Maranelloor
Arrival Date: 04/03/2019
Minimum Price: ₹1600
Maximum Price: ₹1800
Modal Price: ₹1700"
"What is the price of Banana in Maranelloor market of Thiruvananthapuram, Kerala?","Commodity: Banana
Variety: Palayamthodan
State: Kerala
District: Thiruvananthapuram
Market: Maranelloor
Arrival Date: 04/03/2019
Minimum Price: ₹1300
Maximum Price: ₹1500
Modal Price: ₹1400"
"What is the price of Banana in Maranelloor market of Thiruvananthapuram, Kerala?","Commodity: Banana
Variety: Palayamthodan
State: Kerala
District: Thiruvananthapuram
Market: Maranelloor
Arrival Date: 04/03/2019
Minimum Price: ₹1000
Maximum Price: ₹1200
Modal Price: ₹1100"
"What is the price of Banana in Maranelloor market of Thiruvananthapuram, Kerala?","Commodity: Banana
Variety: Poovan
State: Kerala
District: Thiruvananthapuram
Market: Maranelloor
Arrival Date: 04/03/2019
Minimum Price: ₹2900
Maximum Price: ₹3200
Modal Price: ₹3000"
"What is the price of Banana in Maranelloor market of Thiruvananthapuram, Kerala?","Commodity: Banana
Variety: Poovan
State: Kerala
District: Thiruvananthapuram
Market: Maranelloor
Arrival Date: 04/03/2019
Minimum Price: ₹2600
Maximum Price: ₹2800
Modal Price: ₹2700"
"What is the price of Banana in Maranelloor market of Thiruvananthapuram, Kerala?","Commodity: Banana
Variety: Poovan
State: Kerala
District: Thiruvananthapuram
Market: Maranelloor
Arrival Date: 04/03/2019
Minimum Price: ₹3300
Maximum Price: ₹3500
Modal Price: ₹3400"
"What is the price of Banana in Maranelloor market of Thiruvananthapuram, Kerala?","Commodity: Banana
Variety: Red Banana
State: Kerala
District: Thiruvananthapuram
Market: Maranelloor
Arrival Date: 04/03/2019
Minimum Price: ₹3800
Maximum Price: ₹4000
Modal Price: ₹3900"
"What is the price of Banana in Maranelloor market of Thiruvananthapuram, Kerala?","Commodity: Banana
Variety: Red Banana
State: Kerala
District: Thiruvananthapuram
Market: Maranelloor
Arrival Date: 04/03/2019
Minimum Price: ₹3500
Maximum Price: ₹3700
Modal Price: ₹3600"
"What is the price of Banana in Maranelloor market of Thiruvananthapuram, Kerala?","Commodity: Banana
Variety: Robusta
State: Kerala
District: Thiruvananthapuram
Market: Maranelloor
Arrival Date: 04/03/2019
Minimum Price: ₹1700
Maximum Price: ₹1900
Modal Price: ₹1800"
"What is the price of Banana in Maranelloor market of Thiruvananthapuram, Kerala?","Commodity: Banana
Variety: Robusta
State: Kerala
District: Thiruvananthapuram
Market: Maranelloor
Arrival Date: 04/03/2019
Minimum Price: ₹1400
Maximum Price: ₹1600
Modal Price: ₹1500"
"What is the price of Banana in Maranelloor market of Thiruvananthapuram, Kerala?","Commodity: Banana
Variety: Robusta
State: Kerala
District: Thiruvananthapuram
Market: Maranelloor
Arrival Date: 04/03/2019
Minimum Price: ₹1000
Maximum Price: ₹1300
Modal Price: ₹1200"
"What is the price of Amaranthus in Parassala market of Thiruvananthapuram, Kerala?","Commodity: Amaranthus
Variety: Amaranthus
State: Kerala
District: Thiruvananthapuram
Market: Parassala
Arrival Date: 04/03/2019
Minimum Price: ₹3500
Maximum Price: ₹4000
Modal Price: ₹3500"
"What is the price of Banana in Parassala market of Thiruvananthapuram, Kerala?","Commodity: Banana
Variety: Banana - Ripe
State: Kerala
District: Thiruvananthapuram
Market: Parassala
Arrival Date: 04/03/2019
Minimum Price: ₹3800
Maximum Price: ₹4000
Modal Price: ₹3800"
"What is the price of Banana in Parassala market of Thiruvananthapuram, Kerala?","Commodity: Banana
Variety: Palayamthodan
State: Kerala
District: Thiruvananthapuram
Market: Parassala
Arrival Date: 04/03/2019
Minimum Price: ₹1400
Maximum Price: ₹2000
Modal Price: ₹1400"
"What is the price of Banana in Parassala market of Thiruvananthapuram, Kerala?","Commodity: Banana
Variety: Rasakathai
State: Kerala
District: Thiruvananthapuram
Market: Parassala
Arrival Date: 04/03/2019
Minimum Price: ₹3500
Maximum Price: ₹4000
Modal Price: ₹3500"
"What is the price of Bitter gourd in Parassala market of Thiruvananthapuram, Kerala?","Commodity: Bitter gourd
Variety: Bitter Gourd
State: Kerala
District: Thiruvananthapuram
Market: Parassala
Arrival Date: 04/03/2019
Minimum Price: ₹5000
Maximum Price: ₹5500
Modal Price: ₹5000"
"What is the price of Brinjal in Parassala market of Thiruvananthapuram, Kerala?","Commodity: Brinjal
Variety: Round
State: Kerala
District: Thiruvananthapuram
Market: Parassala
Arrival Date: 04/03/2019
Minimum Price: ₹6000
Maximum Price: ₹6500
Modal Price: ₹6000"
"What is the price of Brinjal in Parassala market of Thiruvananthapuram, Kerala?","Commodity: Brinjal
Variety: Round/Long
State: Kerala
District: Thiruvananthapuram
Market: Parassala
Arrival Date: 04/03/2019
Minimum Price: ₹3000
Maximum Price: ₹3700
Modal Price: ₹3000"
"What is the price of Colacasia in Parassala market of Thiruvananthapuram, Kerala?","Commodity: Colacasia
Variety: Colacasia
State: Kerala
District: Thiruvananthapuram
Market: Parassala
Arrival Date: 04/03/2019
Minimum Price: ₹4000
Maximum Price: ₹4500
Modal Price: ₹4000"
"What is the price of Drumstick in Parassala market of Thiruvananthapuram, Kerala?","Commodity: Drumstick
Variety: Drumstick
State: Kerala
District: Thiruvananthapuram
Market: Parassala
Arrival Date: 04/03/2019
Minimum Price: ₹4000
Maximum Price: ₹5000
Modal Price: ₹4000"
"What is the price of Ginger(Green) in Parassala market of Thiruvananthapuram, Kerala?","Commodity: Ginger(Green)
Variety: Green Ginger
State: Kerala
District: Thiruvananthapuram
Market: Parassala
Arrival Date: 04/03/2019
Minimum Price: ₹8000
Maximum Price: ₹9000
Modal Price: ₹8000"
"What is the price of Pumpkin in Parassala market of Thiruvananthapuram, Kerala?","Commodity: Pumpkin
Variety: Pumpkin
State: Kerala
District: Thiruvananthapuram
Market: Parassala
Arrival Date: 04/03/2019
Minimum Price: ₹1700
Maximum Price: ₹2000
Modal Price: ₹1700"
"What is the price of Snakeguard in Parassala market of Thiruvananthapuram, Kerala?","Commodity: Snakeguard
Variety: Snakeguard
State: Kerala
District: Thiruvananthapuram
Market: Parassala
Arrival Date: 04/03/2019
Minimum Price: ₹2600
Maximum Price: ₹3000
Modal Price: ₹2600"
"What is the price of Paddy(Dhan)(Common) in Jaithari market of Anupur, Madhya Pradesh?","Commodity: Paddy(Dhan)(Common)
Variety: Other
State: Madhya Pradesh
District: Anupur
Market: Jaithari
Arrival Date: 04/03/2019
Minimum Price: ₹1750
Maximum Price: ₹1750
Modal Price: ₹1750"
"What is the price of Bhindi(Ladies Finger) in Sendhwa market of Badwani, Madhya Pradesh?","Commodity: Bhindi(Ladies Finger)
Variety: Bhindi
State: Madhya Pradesh
District: Badwani
Market: Sendhwa
Arrival Date: 04/03/2019
Minimum Price: ₹650
Maximum Price: ₹850
Modal Price: ₹750"
"What is the price of Bottle gourd in Sendhwa market of Badwani, Madhya Pradesh?","Commodity: Bottle gourd
Variety: Bottle Gourd
State: Madhya Pradesh
District: Badwani
Market: Sendhwa
Arrival Date: 04/03/2019
Minimum Price: ₹550
Maximum Price: ₹850
Modal Price: ₹700"
"What is the price of Brinjal in Sendhwa market of Badwani, Madhya Pradesh?","Commodity: Brinjal
Variety: Brinjal
State: Madhya Pradesh
District: Badwani
Market: Sendhwa
Arrival Date: 04/03/2019
Minimum Price: ₹500
Maximum Price: ₹900
Modal Price: ₹700"
"What is the price of Cauliflower in Sendhwa market of Badwani, Madhya Pradesh?","Commodity: Cauliflower
Variety: Cauliflower
State: Madhya Pradesh
District: Badwani
Market: Sendhwa
Arrival Date: 04/03/2019
Minimum Price: ₹550
Maximum Price: ₹850
Modal Price: ₹700"
"What is the price of Green Chilli in Sendhwa market of Badwani, Madhya Pradesh?","Commodity: Green Chilli
Variety: Green Chilly
State: Madhya Pradesh
District: Badwani
Market: Sendhwa
Arrival Date: 04/03/2019
Minimum Price: ₹600
Maximum Price: ₹1000
Modal Price: ₹800"
"What is the price of Spinach in Sendhwa market of Badwani, Madhya Pradesh?","Commodity: Spinach
Variety: Other
State: Madhya Pradesh
District: Badwani
Market: Sendhwa
Arrival Date: 04/03/2019
Minimum Price: ₹550
Maximum Price: ₹850
Modal Price: ₹700"
"What is the price of Tomato in Sendhwa market of Badwani, Madhya Pradesh?","Commodity: Tomato
Variety: Tomato
State: Madhya Pradesh
District: Badwani
Market: Sendhwa
Arrival Date: 04/03/2019
Minimum Price: ₹600
Maximum Price: ₹1000
Modal Price: ₹800"
"What is the price of Apple in Dhar market of Dhar, Madhya Pradesh?","Commodity: Apple
Variety: Other
State: Madhya Pradesh
District: Dhar
Market: Dhar
Arrival Date: 04/03/2019
Minimum Price: ₹2000
Maximum Price: ₹3000
Modal Price: ₹2200"
"What is the price of Banana in Dhar market of Dhar, Madhya Pradesh?","Commodity: Banana
Variety: Other
State: Madhya Pradesh
District: Dhar
Market: Dhar
Arrival Date: 04/03/2019
Minimum Price: ₹1200
Maximum Price: ₹1200
Modal Price: ₹1200"
"What is the price of Soyabean in Dhar market of Dhar, Madhya Pradesh?","Commodity: Soyabean
Variety: Yellow
State: Madhya Pradesh
District: Dhar
Market: Dhar
Arrival Date: 04/03/2019
Minimum Price: ₹3200
Maximum Price: ₹3200
Modal Price: ₹3200"
"What is the price of Wheat in Dhar market of Dhar, Madhya Pradesh?","Commodity: Wheat
Variety: Lokwan
State: Madhya Pradesh
District: Dhar
Market: Dhar
Arrival Date: 04/03/2019
Minimum Price: ₹2000
Maximum Price: ₹2000
Modal Price: ₹2000"
"What is the price of Apple in Dhar(F&V) market of Dhar, Madhya Pradesh?","Commodity: Apple
Variety: Other
State: Madhya Pradesh
District: Dhar
Market: Dhar(F&V)
Arrival Date: 04/03/2019
Minimum Price: ₹2000
Maximum Price: ₹2000
Modal Price: ₹2000"
"What is the price of Banana in Dhar(F&V) market of Dhar, Madhya Pradesh?","Commodity: Banana
Variety: Other
State: Madhya Pradesh
District: Dhar
Market: Dhar(F&V)
Arrival Date: 04/03/2019
Minimum Price: ₹800
Maximum Price: ₹800
Modal Price: ₹800"
"What is the price of Orange in Dhar(F&V) market of Dhar, Madhya Pradesh?","Commodity: Orange
Variety: Other
State: Madhya Pradesh
District: Dhar
Market: Dhar(F&V)
Arrival Date: 04/03/2019
Minimum Price: ₹800
Maximum Price: ₹1000
Modal Price: ₹900"
"What is the price of Linseed in Gorakhpur market of Dindori, Madhya Pradesh?","Commodity: Linseed
Variety: Other
State: Madhya Pradesh
District: Dindori
Market: Gorakhpur
Arrival Date: 04/03/2019
Minimum Price: ₹3450
Maximum Price: ₹3500
Modal Price: ₹3475"
"What is the price of Niger Seed (Ramtil) in Gorakhpur market of Dindori, Madhya Pradesh?","Commodity: Niger Seed (Ramtil)
Variety: Other
State: Madhya Pradesh
District: Dindori
Market: Gorakhpur
Arrival Date: 04/03/2019
Minimum Price: ₹4100
Maximum Price: ₹4200
Modal Price: ₹4150"
"What is the price of Paddy(Dhan)(Common) in Gorakhpur market of Dindori, Madhya Pradesh?","Commodity: Paddy(Dhan)(Common)
Variety: Other
State: Madhya Pradesh
District: Dindori
Market: Gorakhpur
Arrival Date: 04/03/2019
Minimum Price: ₹1300
Maximum Price: ₹1350
Modal Price: ₹1325"
"What is the price of Soyabean in Gorakhpur market of Dindori, Madhya Pradesh?","Commodity: Soyabean
Variety: Local
State: Madhya Pradesh
District: Dindori
Market: Gorakhpur
Arrival Date: 04/03/2019
Minimum Price: ₹3300
Maximum Price: ₹3400
Modal Price: ₹3350"
"What is the price of Bhindi(Ladies Finger) in Thandla market of Jhabua, Madhya Pradesh?","Commodity: Bhindi(Ladies Finger)
Variety: Bhindi
State: Madhya Pradesh
District: Jhabua
Market: Thandla
Arrival Date: 04/03/2019
Minimum Price: ₹1900
Maximum Price: ₹2100
Modal Price: ₹2000"
"What is the price of Bitter gourd in Thandla market of Jhabua, Madhya Pradesh?","Commodity: Bitter gourd
Variety: Other
State: Madhya Pradesh
District: Jhabua
Market: Thandla
Arrival Date: 04/03/2019
Minimum Price: ₹1300
Maximum Price: ₹1600
Modal Price: ₹1450"
"What is the price of Bottle gourd in Thandla market of Jhabua, Madhya Pradesh?","Commodity: Bottle gourd
Variety: Bottle Gourd
State: Madhya Pradesh
District: Jhabua
Market: Thandla
Arrival Date: 04/03/2019
Minimum Price: ₹1600
Maximum Price: ₹1800
Modal Price: ₹1700"
"What is the price of Brinjal in Thandla market of Jhabua, Madhya Pradesh?","Commodity: Brinjal
Variety: Brinjal
State: Madhya Pradesh
District: Jhabua
Market: Thandla
Arrival Date: 04/03/2019
Minimum Price: ₹1500
Maximum Price: ₹1700
Modal Price: ₹1600"
"What is the price of Cabbage in Thandla market of Jhabua, Madhya Pradesh?","Commodity: Cabbage
Variety: Cabbage
State: Madhya Pradesh
District: Jhabua
Market: Thandla
Arrival Date: 04/03/2019
Minimum Price: ₹1300
Maximum Price: ₹1500
Modal Price: ₹1400"
"What is the price of Cauliflower in Thandla market of Jhabua, Madhya Pradesh?","Commodity: Cauliflower
Variety: Cauliflower
State: Madhya Pradesh
District: Jhabua
Market: Thandla
Arrival Date: 04/03/2019
Minimum Price: ₹1400
Maximum Price: ₹1600
Modal Price: ₹1500"
"What is the price of Coriander(Leaves) in Thandla market of Jhabua, Madhya Pradesh?","Commodity: Coriander(Leaves)
Variety: Other
State: Madhya Pradesh
District: Jhabua
Market: Thandla
Arrival Date: 04/03/2019
Minimum Price: ₹1500
Maximum Price: ₹1600
Modal Price: ₹1550"
"What is the price of Cotton in Thandla market of Jhabua, Madhya Pradesh?","Commodity: Cotton
Variety: DCH-32  (Ginned)
State: Madhya Pradesh
District: Jhabua
Market: Thandla
Arrival Date: 04/03/2019
Minimum Price: ₹5300
Maximum Price: ₹5600
Modal Price: ₹5400"
"What is the price of Green Chilli in Thandla market of Jhabua, Madhya Pradesh?","Commodity: Green Chilli
Variety: Other
State: Madhya Pradesh
District: Jhabua
Market: Thandla
Arrival Date: 04/03/2019
Minimum Price: ₹2100
Maximum Price: ₹2300
Modal Price: ₹2200"
"What is the price of Green Gram Dal (Moong Dal) in Thandla market of Jhabua, Madhya Pradesh?","Commodity: Green Gram Dal (Moong Dal)
Variety: Green Gram Dal
State: Madhya Pradesh
District: Jhabua
Market: Thandla
Arrival Date: 04/03/2019
Minimum Price: ₹3650
Maximum Price: ₹3650
Modal Price: ₹3650"
"What is the price of Methi(Leaves) in Thandla market of Jhabua, Madhya Pradesh?","Commodity: Methi(Leaves)
Variety: Methi
State: Madhya Pradesh
District: Jhabua
Market: Thandla
Arrival Date: 04/03/2019
Minimum Price: ₹1200
Maximum Price: ₹1400
Modal Price: ₹1300"
"What is the price of Onion in Thandla market of Jhabua, Madhya Pradesh?","Commodity: Onion
Variety: Other
State: Madhya Pradesh
District: Jhabua
Market: Thandla
Arrival Date: 04/03/2019
Minimum Price: ₹600
Maximum Price: ₹700
Modal Price: ₹650"
"What is the price of Paddy(Dhan)(Common) in Thandla market of Jhabua, Madhya Pradesh?","Commodity: Paddy(Dhan)(Common)
Variety: 1001
State: Madhya Pradesh
District: Jhabua
Market: Thandla
Arrival Date: 04/03/2019
Minimum Price: ₹1300
Maximum Price: ₹1300
Modal Price: ₹1300"
"What is the price of Spinach in Thandla market of Jhabua, Madhya Pradesh?","Commodity: Spinach
Variety: Spinach
State: Madhya Pradesh
District: Jhabua
Market: Thandla
Arrival Date: 04/03/2019
Minimum Price: ₹1200
Maximum Price: ₹1400
Modal Price: ₹1300"
"What is the price of Tomato in Thandla market of Jhabua, Madhya Pradesh?","Commodity: Tomato
Variety: Deshi
State: Madhya Pradesh
District: Jhabua
Market: Thandla
Arrival Date: 04/03/2019
Minimum Price: ₹1500
Maximum Price: ₹1600
Modal Price: ₹1550"
"What is the price of Wheat in Thandla market of Jhabua, Madhya Pradesh?","Commodity: Wheat
Variety: 147 Average
State: Madhya Pradesh
District: Jhabua
Market: Thandla
Arrival Date: 04/03/2019
Minimum Price: ₹1900
Maximum Price: ₹1920
Modal Price: ₹1915"
"What is the price of Tomato in Pandhana(F&V) market of Khandwa, Madhya Pradesh?","Commodity: Tomato
Variety: Deshi
State: Madhya Pradesh
District: Khandwa
Market: Pandhana(F&V)
Arrival Date: 04/03/2019
Minimum Price: ₹1200
Maximum Price: ₹1400
Modal Price: ₹1300"
"What is the price of Cabbage in Gadarwada market of Narsinghpur, Madhya Pradesh?","Commodity: Cabbage
Variety: Cabbage
State: Madhya Pradesh
District: Narsinghpur
Market: Gadarwada
Arrival Date: 04/03/2019
Minimum Price: ₹700
Maximum Price: ₹800
Modal Price: ₹750"
"What is the price of Coriander(Leaves) in Gadarwada market of Narsinghpur, Madhya Pradesh?","Commodity: Coriander(Leaves)
Variety: Coriander
State: Madhya Pradesh
District: Narsinghpur
Market: Gadarwada
Arrival Date: 04/03/2019
Minimum Price: ₹300
Maximum Price: ₹500
Modal Price: ₹400"
"What is the price of Green Chilli in Gadarwada market of Narsinghpur, Madhya Pradesh?","Commodity: Green Chilli
Variety: Green Chilly
State: Madhya Pradesh
District: Narsinghpur
Market: Gadarwada
Arrival Date: 04/03/2019
Minimum Price: ₹2000
Maximum Price: ₹2500
Modal Price: ₹2250"
"What is the price of Mustard in Sheopurkalan market of Sheopur, Madhya Pradesh?","Commodity: Mustard
Variety: Mustard
State: Madhya Pradesh
District: Sheopur
Market: Sheopurkalan
Arrival Date: 04/03/2019
Minimum Price: ₹3160
Maximum Price: ₹3300
Modal Price: ₹3250"
"What is the price of Carrot in Syopurkalan(F&V) market of Sheopur, Madhya Pradesh?","Commodity: Carrot
Variety: Other
State: Madhya Pradesh
District: Sheopur
Market: Syopurkalan(F&V)
Arrival Date: 04/03/2019
Minimum Price: ₹400
Maximum Price: ₹500
Modal Price: ₹450"
"What is the price of Orange in Syopurkalan(F&V) market of Sheopur, Madhya Pradesh?","Commodity: Orange
Variety: Other
State: Madhya Pradesh
District: Sheopur
Market: Syopurkalan(F&V)
Arrival Date: 04/03/2019
Minimum Price: ₹1000
Maximum Price: ₹1200
Modal Price: ₹1100"
"What is the price of Potato in Syopurkalan(F&V) market of Sheopur, Madhya Pradesh?","Commodity: Potato
Variety: Other
State: Madhya Pradesh
District: Sheopur
Market: Syopurkalan(F&V)
Arrival Date: 04/03/2019
Minimum Price: ₹700
Maximum Price: ₹800
Modal Price: ₹750"
"What is the price of Tomato in Syopurkalan(F&V) market of Sheopur, Madhya Pradesh?","Commodity: Tomato
Variety: Other
State: Madhya Pradesh
District: Sheopur
Market: Syopurkalan(F&V)
Arrival Date: 04/03/2019
Minimum Price: ₹500
Maximum Price: ₹600
Modal Price: ₹550"
"What is the price of Onion in Newasa(Ghodegaon) market of Ahmednagar, Maharashtra?","Commodity: Onion
Variety: Red
State: Maharashtra
District: Ahmednagar
Market: Newasa(Ghodegaon)
Arrival Date: 04/03/2019
Minimum Price: ₹200
Maximum Price: ₹600
Modal Price: ₹400"
"What is the price of Pomegranate in Rahata market of Ahmednagar, Maharashtra?","Commodity: Pomegranate
Variety: Other
State: Maharashtra
District: Ahmednagar
Market: Rahata
Arrival Date: 04/03/2019
Minimum Price: ₹250
Maximum Price: ₹7000
Modal Price: ₹4000"
"What is the price of Cotton in Deoulgaon Raja market of Buldhana, Maharashtra?","Commodity: Cotton
Variety: Desi
State: Maharashtra
District: Buldhana
Market: Deoulgaon Raja
Arrival Date: 04/03/2019
Minimum Price: ₹5100
Maximum Price: ₹5400
Modal Price: ₹5300"
"What is the price of Banana in Yawal market of Jalgaon, Maharashtra?","Commodity: Banana
Variety: Other
State: Maharashtra
District: Jalgaon
Market: Yawal
Arrival Date: 04/03/2019
Minimum Price: ₹490
Maximum Price: ₹965
Modal Price: ₹910"
"What is the price of Bengal Gram(Gram)(Whole) in Yawal market of Jalgaon, Maharashtra?","Commodity: Bengal Gram(Gram)(Whole)
Variety: Other
State: Maharashtra
District: Jalgaon
Market: Yawal
Arrival Date: 04/03/2019
Minimum Price: ₹4000
Maximum Price: ₹4500
Modal Price: ₹4220"
"What is the price of Cotton in Yawal market of Jalgaon, Maharashtra?","Commodity: Cotton
Variety: Other
State: Maharashtra
District: Jalgaon
Market: Yawal
Arrival Date: 04/03/2019
Minimum Price: ₹5150
Maximum Price: ₹5850
Modal Price: ₹5200"
"What is the price of Maize in Yawal market of Jalgaon, Maharashtra?","Commodity: Maize
Variety: Yellow
State: Maharashtra
District: Jalgaon
Market: Yawal
Arrival Date: 04/03/2019
Minimum Price: ₹1250
Maximum Price: ₹1630
Modal Price: ₹1350"
"What is the price of Onion in Yawal market of Jalgaon, Maharashtra?","Commodity: Onion
Variety: Red
State: Maharashtra
District: Jalgaon
Market: Yawal
Arrival Date: 04/03/2019
Minimum Price: ₹410
Maximum Price: ₹625
Modal Price: ₹510"
"What is the price of Apple in Kolhapur market of Kolhapur, Maharashtra?","Commodity: Apple
Variety: Other
State: Maharashtra
District: Kolhapur
Market: Kolhapur
Arrival Date: 04/03/2019
Minimum Price: ₹4000
Maximum Price: ₹11000
Modal Price: ₹10000"
"What is the price of Brinjal in Kolhapur market of Kolhapur, Maharashtra?","Commodity: Brinjal
Variety: Other
State: Maharashtra
District: Kolhapur
Market: Kolhapur
Arrival Date: 04/03/2019
Minimum Price: ₹600
Maximum Price: ₹3000
Modal Price: ₹1800"
"What is the price of Cabbage in Kolhapur market of Kolhapur, Maharashtra?","Commodity: Cabbage
Variety: Other
State: Maharashtra
District: Kolhapur
Market: Kolhapur
Arrival Date: 04/03/2019
Minimum Price: ₹800
Maximum Price: ₹1400
Modal Price: ₹1100"
"What is the price of Cauliflower in Kolhapur market of Kolhapur, Maharashtra?","Commodity: Cauliflower
Variety: Other
State: Maharashtra
District: Kolhapur
Market: Kolhapur
Arrival Date: 04/03/2019
Minimum Price: ₹600
Maximum Price: ₹1500
Modal Price: ₹1050"
"What is the price of Coriander(Leaves) in Kolhapur market of Kolhapur, Maharashtra?","Commodity: Coriander(Leaves)
Variety: Other
State: Maharashtra
District: Kolhapur
Market: Kolhapur
Arrival Date: 04/03/2019
Minimum Price: ₹1400
Maximum Price: ₹3500
Modal Price: ₹2450"
"What is the price of Green Chilli in Kolhapur market of Kolhapur, Maharashtra?","Commodity: Green Chilli
Variety: Other
State: Maharashtra
District: Kolhapur
Market: Kolhapur
Arrival Date: 04/03/2019
Minimum Price: ₹2700
Maximum Price: ₹6500
Modal Price: ₹4600"
"What is the price of Lime in Kolhapur market of Kolhapur, Maharashtra?","Commodity: Lime
Variety: Other
State: Maharashtra
District: Kolhapur
Market: Kolhapur
Arrival Date: 04/03/2019
Minimum Price: ₹750
Maximum Price: ₹6500
Modal Price: ₹3625"
"What is the price of Mango in Kolhapur market of Kolhapur, Maharashtra?","Commodity: Mango
Variety: Hapus(Alphaso)
State: Maharashtra
District: Kolhapur
Market: Kolhapur
Arrival Date: 04/03/2019
Minimum Price: ₹1000
Maximum Price: ₹8000
Modal Price: ₹4500"
"What is the price of Onion in Kolhapur market of Kolhapur, Maharashtra?","Commodity: Onion
Variety: Other
State: Maharashtra
District: Kolhapur
Market: Kolhapur
Arrival Date: 04/03/2019
Minimum Price: ₹200
Maximum Price: ₹750
Modal Price: ₹450"
"What is the price of Tomato in Kolhapur market of Kolhapur, Maharashtra?","Commodity: Tomato
Variety: Other
State: Maharashtra
District: Kolhapur
Market: Kolhapur
Arrival Date: 04/03/2019
Minimum Price: ₹500
Maximum Price: ₹2200
Modal Price: ₹1350"
"What is the price of Brinjal in Kolhapur(Malkapur) market of Kolhapur, Maharashtra?","Commodity: Brinjal
Variety: Other
State: Maharashtra
District: Kolhapur
Market: Kolhapur(Malkapur)
Arrival Date: 04/03/2019
Minimum Price: ₹150
Maximum Price: ₹380
Modal Price: ₹250"
"What is the price of Cabbage in Kolhapur(Malkapur) market of Kolhapur, Maharashtra?","Commodity: Cabbage
Variety: Other
State: Maharashtra
District: Kolhapur
Market: Kolhapur(Malkapur)
Arrival Date: 04/03/2019
Minimum Price: ₹100
Maximum Price: ₹350
Modal Price: ₹200"
"What is the price of Cauliflower in Kolhapur(Malkapur) market of Kolhapur, Maharashtra?","Commodity: Cauliflower
Variety: Other
State: Maharashtra
District: Kolhapur
Market: Kolhapur(Malkapur)
Arrival Date: 04/03/2019
Minimum Price: ₹100
Maximum Price: ₹300
Modal Price: ₹250"
"What is the price of Tomato in Kolhapur(Malkapur) market of Kolhapur, Maharashtra?","Commodity: Tomato
Variety: Other
State: Maharashtra
District: Kolhapur
Market: Kolhapur(Malkapur)
Arrival Date: 04/03/2019
Minimum Price: ₹100
Maximum Price: ₹300
Modal Price: ₹200"
"What is the price of Arhar (Tur/Red Gram)(Whole) in Savner market of Nagpur, Maharashtra?","Commodity: Arhar (Tur/Red Gram)(Whole)
Variety: Other
State: Maharashtra
District: Nagpur
Market: Savner
Arrival Date: 04/03/2019
Minimum Price: ₹4725
Maximum Price: ₹4945
Modal Price: ₹4860"
"What is the price of Bengal Gram(Gram)(Whole) in Savner market of Nagpur, Maharashtra?","Commodity: Bengal Gram(Gram)(Whole)
Variety: Other
State: Maharashtra
District: Nagpur
Market: Savner
Arrival Date: 04/03/2019
Minimum Price: ₹3745
Maximum Price: ₹3745
Modal Price: ₹3745"
"What is the price of Cotton in Savner market of Nagpur, Maharashtra?","Commodity: Cotton
Variety: Other
State: Maharashtra
District: Nagpur
Market: Savner
Arrival Date: 04/03/2019
Minimum Price: ₹5325
Maximum Price: ₹5325
Modal Price: ₹5325"
"What is the price of Wheat in Savner market of Nagpur, Maharashtra?","Commodity: Wheat
Variety: Other
State: Maharashtra
District: Nagpur
Market: Savner
Arrival Date: 04/03/2019
Minimum Price: ₹1935
Maximum Price: ₹2040
Modal Price: ₹2000"
"What is the price of Arhar (Tur/Red Gram)(Whole) in Bhokar market of Nanded, Maharashtra?","Commodity: Arhar (Tur/Red Gram)(Whole)
Variety: Other
State: Maharashtra
District: Nanded
Market: Bhokar
Arrival Date: 04/03/2019
Minimum Price: ₹3800
Maximum Price: ₹4751
Modal Price: ₹4000"
"What is the price of Bengal Gram(Gram)(Whole) in Bhokar market of Nanded, Maharashtra?","Commodity: Bengal Gram(Gram)(Whole)
Variety: Other
State: Maharashtra
District: Nanded
Market: Bhokar
Arrival Date: 04/03/2019
Minimum Price: ₹3500
Maximum Price: ₹3751
Modal Price: ₹3651"
"What is the price of Turmeric in Bhokar market of Nanded, Maharashtra?","Commodity: Turmeric
Variety: Other
State: Maharashtra
District: Nanded
Market: Bhokar
Arrival Date: 04/03/2019
Minimum Price: ₹5200
Maximum Price: ₹5200
Modal Price: ₹5200"
"What is the price of Wheat in Bhokar market of Nanded, Maharashtra?","Commodity: Wheat
Variety: Other
State: Maharashtra
District: Nanded
Market: Bhokar
Arrival Date: 04/03/2019
Minimum Price: ₹1800
Maximum Price: ₹1950
Modal Price: ₹1900"
"What is the price of Onion in Lasalgaon(Niphad) market of Nashik, Maharashtra?","Commodity: Onion
Variety: Red
State: Maharashtra
District: Nashik
Market: Lasalgaon(Niphad)
Arrival Date: 04/03/2019
Minimum Price: ₹251
Maximum Price: ₹441
Modal Price: ₹351"
"What is the price of Apple in Pune market of Pune, Maharashtra?","Commodity: Apple
Variety: Other
State: Maharashtra
District: Pune
Market: Pune
Arrival Date: 04/03/2019
Minimum Price: ₹4000
Maximum Price: ₹14000
Modal Price: ₹7800"
"What is the price of Beans in Pune market of Pune, Maharashtra?","Commodity: Beans
Variety: Other
State: Maharashtra
District: Pune
Market: Pune
Arrival Date: 04/03/2019
Minimum Price: ₹3000
Maximum Price: ₹4000
Modal Price: ₹3500"
"What is the price of Beetroot in Pune market of Pune, Maharashtra?","Commodity: Beetroot
Variety: Other
State: Maharashtra
District: Pune
Market: Pune
Arrival Date: 04/03/2019
Minimum Price: ₹700
Maximum Price: ₹1400
Modal Price: ₹1000"
"What is the price of Bhindi(Ladies Finger) in Pune market of Pune, Maharashtra?","Commodity: Bhindi(Ladies Finger)
Variety: Other
State: Maharashtra
District: Pune
Market: Pune
Arrival Date: 04/03/2019
Minimum Price: ₹1000
Maximum Price: ₹4000
Modal Price: ₹2500"
"What is the price of Bitter gourd in Pune market of Pune, Maharashtra?","Commodity: Bitter gourd
Variety: Other
State: Maharashtra
District: Pune
Market: Pune
Arrival Date: 04/03/2019
Minimum Price: ₹3000
Maximum Price: ₹5000
Modal Price: ₹4000"
"What is the price of Bottle gourd in Pune market of Pune, Maharashtra?","Commodity: Bottle gourd
Variety: Other
State: Maharashtra
District: Pune
Market: Pune
Arrival Date: 04/03/2019
Minimum Price: ₹1000
Maximum Price: ₹2000
Modal Price: ₹1500"
"What is the price of Brinjal in Pune market of Pune, Maharashtra?","Commodity: Brinjal
Variety: Other
State: Maharashtra
District: Pune
Market: Pune
Arrival Date: 04/03/2019
Minimum Price: ₹1000
Maximum Price: ₹2000
Modal Price: ₹1500"
"What is the price of Cabbage in Pune market of Pune, Maharashtra?","Commodity: Cabbage
Variety: Other
State: Maharashtra
District: Pune
Market: Pune
Arrival Date: 04/03/2019
Minimum Price: ₹700
Maximum Price: ₹1000
Modal Price: ₹800"
"What is the price of Carrot in Pune market of Pune, Maharashtra?","Commodity: Carrot
Variety: Other
State: Maharashtra
District: Pune
Market: Pune
Arrival Date: 04/03/2019
Minimum Price: ₹700
Maximum Price: ₹1200
Modal Price: ₹1000"
"What is the price of Cauliflower in Pune market of Pune, Maharashtra?","Commodity: Cauliflower
Variety: Other
State: Maharashtra
District: Pune
Market: Pune
Arrival Date: 04/03/2019
Minimum Price: ₹600
Maximum Price: ₹1300
Modal Price: ₹1000"
"What is the price of Chikoos(Sapota) in Pune market of Pune, Maharashtra?","Commodity: Chikoos(Sapota)
Variety: Other
State: Maharashtra
District: Pune
Market: Pune
Arrival Date: 04/03/2019
Minimum Price: ₹1000
Maximum Price: ₹2500
Modal Price: ₹1500"
"What is the price of Chilly Capsicum in Pune market of Pune, Maharashtra?","Commodity: Chilly Capsicum
Variety: Other
State: Maharashtra
District: Pune
Market: Pune
Arrival Date: 04/03/2019
Minimum Price: ₹2000
Maximum Price: ₹3500
Modal Price: ₹2500"
"What is the price of Coriander(Leaves) in Pune market of Pune, Maharashtra?","Commodity: Coriander(Leaves)
Variety: Other
State: Maharashtra
District: Pune
Market: Pune
Arrival Date: 04/03/2019
Minimum Price: ₹2
Maximum Price: ₹5
Modal Price: ₹4"
"What is the price of Cucumbar(Kheera) in Pune market of Pune, Maharashtra?","Commodity: Cucumbar(Kheera)
Variety: Other
State: Maharashtra
District: Pune
Market: Pune
Arrival Date: 04/03/2019
Minimum Price: ₹1000
Maximum Price: ₹3000
Modal Price: ₹2000"
"What is the price of Drumstick in Pune market of Pune, Maharashtra?","Commodity: Drumstick
Variety: Other
State: Maharashtra
District: Pune
Market: Pune
Arrival Date: 04/03/2019
Minimum Price: ₹2000
Maximum Price: ₹4000
Modal Price: ₹3000"
"What is the price of Elephant Yam (Suran) in Pune market of Pune, Maharashtra?","Commodity: Elephant Yam (Suran)
Variety: Other
State: Maharashtra
District: Pune
Market: Pune
Arrival Date: 04/03/2019
Minimum Price: ₹1200
Maximum Price: ₹1500
Modal Price: ₹1300"
"What is the price of Garlic in Pune market of Pune, Maharashtra?","Commodity: Garlic
Variety: Other
State: Maharashtra
District: Pune
Market: Pune
Arrival Date: 04/03/2019
Minimum Price: ₹800
Maximum Price: ₹5000
Modal Price: ₹2000"
"What is the price of Ginger(Dry) in Pune market of Pune, Maharashtra?","Commodity: Ginger(Dry)
Variety: Other
State: Maharashtra
District: Pune
Market: Pune
Arrival Date: 04/03/2019
Minimum Price: ₹3500
Maximum Price: ₹6750
Modal Price: ₹4500"
"What is the price of Grapes in Pune market of Pune, Maharashtra?","Commodity: Grapes
Variety: Other
State: Maharashtra
District: Pune
Market: Pune
Arrival Date: 04/03/2019
Minimum Price: ₹1500
Maximum Price: ₹6000
Modal Price: ₹3000"
"What is the price of Green Chilli in Pune market of Pune, Maharashtra?","Commodity: Green Chilli
Variety: Other
State: Maharashtra
District: Pune
Market: Pune
Arrival Date: 04/03/2019
Minimum Price: ₹3000
Maximum Price: ₹6500
Modal Price: ₹3500"
"What is the price of Guar in Pune market of Pune, Maharashtra?","Commodity: Guar
Variety: Other
State: Maharashtra
District: Pune
Market: Pune
Arrival Date: 04/03/2019
Minimum Price: ₹4000
Maximum Price: ₹6000
Modal Price: ₹5000"
"What is the price of Guava in Pune market of Pune, Maharashtra?","Commodity: Guava
Variety: Other
State: Maharashtra
District: Pune
Market: Pune
Arrival Date: 04/03/2019
Minimum Price: ₹2000
Maximum Price: ₹5000
Modal Price: ₹3500"
"What is the price of Karbuja(Musk Melon) in Pune market of Pune, Maharashtra?","Commodity: Karbuja(Musk Melon)
Variety: Other
State: Maharashtra
District: Pune
Market: Pune
Arrival Date: 04/03/2019
Minimum Price: ₹1500
Maximum Price: ₹2500
Modal Price: ₹1700"
"What is the price of Lime in Pune market of Pune, Maharashtra?","Commodity: Lime
Variety: Other
State: Maharashtra
District: Pune
Market: Pune
Arrival Date: 04/03/2019
Minimum Price: ₹400
Maximum Price: ₹3000
Modal Price: ₹1000"
"What is the price of Little gourd (Kundru) in Pune market of Pune, Maharashtra?","Commodity: Little gourd (Kundru)
Variety: Other
State: Maharashtra
District: Pune
Market: Pune
Arrival Date: 04/03/2019
Minimum Price: ₹1500
Maximum Price: ₹3000
Modal Price: ₹2000"
"What is the price of Mint(Pudina) in Pune market of Pune, Maharashtra?","Commodity: Mint(Pudina)
Variety: Other
State: Maharashtra
District: Pune
Market: Pune
Arrival Date: 04/03/2019
Minimum Price: ₹2
Maximum Price: ₹3
Modal Price: ₹2"
"What is the price of Onion in Pune market of Pune, Maharashtra?","Commodity: Onion
Variety: Local
State: Maharashtra
District: Pune
Market: Pune
Arrival Date: 04/03/2019
Minimum Price: ₹200
Maximum Price: ₹550
Modal Price: ₹300"
"What is the price of Onion Green in Pune market of Pune, Maharashtra?","Commodity: Onion Green
Variety: Other
State: Maharashtra
District: Pune
Market: Pune
Arrival Date: 04/03/2019
Minimum Price: ₹3
Maximum Price: ₹6
Modal Price: ₹5"
"What is the price of Orange in Pune market of Pune, Maharashtra?","Commodity: Orange
Variety: Other
State: Maharashtra
District: Pune
Market: Pune
Arrival Date: 04/03/2019
Minimum Price: ₹1300
Maximum Price: ₹5800
Modal Price: ₹2900"
"What is the price of Pear(Marasebu) in Pune market of Pune, Maharashtra?","Commodity: Pear(Marasebu)
Variety: Other
State: Maharashtra
District: Pune
Market: Pune
Arrival Date: 04/03/2019
Minimum Price: ₹6000
Maximum Price: ₹12000
Modal Price: ₹8000"
"What is the price of Peas Wet in Pune market of Pune, Maharashtra?","Commodity: Peas Wet
Variety: Other
State: Maharashtra
District: Pune
Market: Pune
Arrival Date: 04/03/2019
Minimum Price: ₹1600
Maximum Price: ₹2000
Modal Price: ₹1800"
"What is the price of Pineapple in Pune market of Pune, Maharashtra?","Commodity: Pineapple
Variety: Other
State: Maharashtra
District: Pune
Market: Pune
Arrival Date: 04/03/2019
Minimum Price: ₹1000
Maximum Price: ₹2000
Modal Price: ₹1400"
"What is the price of Potato in Pune market of Pune, Maharashtra?","Commodity: Potato
Variety: Other
State: Maharashtra
District: Pune
Market: Pune
Arrival Date: 04/03/2019
Minimum Price: ₹800
Maximum Price: ₹1350
Modal Price: ₹1100"
"What is the price of Pumpkin in Pune market of Pune, Maharashtra?","Commodity: Pumpkin
Variety: Other
State: Maharashtra
District: Pune
Market: Pune
Arrival Date: 04/03/2019
Minimum Price: ₹800
Maximum Price: ₹2000
Modal Price: ₹1500"
"What is the price of Raddish in Pune market of Pune, Maharashtra?","Commodity: Raddish
Variety: Other
State: Maharashtra
District: Pune
Market: Pune
Arrival Date: 04/03/2019
Minimum Price: ₹7
Maximum Price: ₹20
Modal Price: ₹12"
"What is the price of Rajgir in Pune market of Pune, Maharashtra?","Commodity: Rajgir
Variety: Other
State: Maharashtra
District: Pune
Market: Pune
Arrival Date: 04/03/2019
Minimum Price: ₹3
Maximum Price: ₹5
Modal Price: ₹4"
"What is the price of Ridgeguard(Tori) in Pune market of Pune, Maharashtra?","Commodity: Ridgeguard(Tori)
Variety: Other
State: Maharashtra
District: Pune
Market: Pune
Arrival Date: 04/03/2019
Minimum Price: ₹2500
Maximum Price: ₹4500
Modal Price: ₹3000"
"What is the price of Snakeguard in Pune market of Pune, Maharashtra?","Commodity: Snakeguard
Variety: Other
State: Maharashtra
District: Pune
Market: Pune
Arrival Date: 04/03/2019
Minimum Price: ₹1500
Maximum Price: ₹2000
Modal Price: ₹1700"
"What is the price of Spinach in Pune market of Pune, Maharashtra?","Commodity: Spinach
Variety: Other
State: Maharashtra
District: Pune
Market: Pune
Arrival Date: 04/03/2019
Minimum Price: ₹3
Maximum Price: ₹5
Modal Price: ₹4"
"What is the price of Sweet Potato in Pune market of Pune, Maharashtra?","Commodity: Sweet Potato
Variety: Other
State: Maharashtra
District: Pune
Market: Pune
Arrival Date: 04/03/2019
Minimum Price: ₹1000
Maximum Price: ₹2500
Modal Price: ₹1500"
"What is the price of Sweet Pumpkin in Pune market of Pune, Maharashtra?","Commodity: Sweet Pumpkin
Variety: Other
State: Maharashtra
District: Pune
Market: Pune
Arrival Date: 04/03/2019
Minimum Price: ₹600
Maximum Price: ₹1800
Modal Price: ₹1000"
"What is the price of Tender Coconut in Pune market of Pune, Maharashtra?","Commodity: Tender Coconut
Variety: Other
State: Maharashtra
District: Pune
Market: Pune
Arrival Date: 04/03/2019
Minimum Price: ₹300
Maximum Price: ₹900
Modal Price: ₹400"
"What is the price of Tomato in Pune market of Pune, Maharashtra?","Commodity: Tomato
Variety: Local
State: Maharashtra
District: Pune
Market: Pune
Arrival Date: 04/03/2019
Minimum Price: ₹700
Maximum Price: ₹1400
Modal Price: ₹1000"
"What is the price of Water Melon in Pune market of Pune, Maharashtra?","Commodity: Water Melon
Variety: Other
State: Maharashtra
District: Pune
Market: Pune
Arrival Date: 04/03/2019
Minimum Price: ₹300
Maximum Price: ₹1000
Modal Price: ₹400"
"What is the price of Bhindi(Ladies Finger) in Pune(Hadapsar) market of Pune, Maharashtra?","Commodity: Bhindi(Ladies Finger)
Variety: Other
State: Maharashtra
District: Pune
Market: Pune(Hadapsar)
Arrival Date: 04/03/2019
Minimum Price: ₹4000
Maximum Price: ₹6000
Modal Price: ₹5000"
"What is the price of Bitter gourd in Pune(Hadapsar) market of Pune, Maharashtra?","Commodity: Bitter gourd
Variety: Other
State: Maharashtra
District: Pune
Market: Pune(Hadapsar)
Arrival Date: 04/03/2019
Minimum Price: ₹4000
Maximum Price: ₹6000
Modal Price: ₹5000"
"What is the price of Bottle gourd in Pune(Hadapsar) market of Pune, Maharashtra?","Commodity: Bottle gourd
Variety: Other
State: Maharashtra
District: Pune
Market: Pune(Hadapsar)
Arrival Date: 04/03/2019
Minimum Price: ₹1000
Maximum Price: ₹2000
Modal Price: ₹1500"
"What is the price of Brinjal in Pune(Hadapsar) market of Pune, Maharashtra?","Commodity: Brinjal
Variety: Other
State: Maharashtra
District: Pune
Market: Pune(Hadapsar)
Arrival Date: 04/03/2019
Minimum Price: ₹1000
Maximum Price: ₹2500
Modal Price: ₹1800"
"What is the price of Cabbage in Pune(Hadapsar) market of Pune, Maharashtra?","Commodity: Cabbage
Variety: Other
State: Maharashtra
District: Pune
Market: Pune(Hadapsar)
Arrival Date: 04/03/2019
Minimum Price: ₹600
Maximum Price: ₹1000
Modal Price: ₹800"
"What is the price of Cauliflower in Pune(Hadapsar) market of Pune, Maharashtra?","Commodity: Cauliflower
Variety: Other
State: Maharashtra
District: Pune
Market: Pune(Hadapsar)
Arrival Date: 04/03/2019
Minimum Price: ₹600
Maximum Price: ₹1200
Modal Price: ₹1000"
"What is the price of Coriander(Leaves) in Pune(Hadapsar) market of Pune, Maharashtra?","Commodity: Coriander(Leaves)
Variety: Other
State: Maharashtra
District: Pune
Market: Pune(Hadapsar)
Arrival Date: 04/03/2019
Minimum Price: ₹2
Maximum Price: ₹4
Modal Price: ₹3"
"What is the price of Cucumbar(Kheera) in Pune(Hadapsar) market of Pune, Maharashtra?","Commodity: Cucumbar(Kheera)
Variety: Other
State: Maharashtra
District: Pune
Market: Pune(Hadapsar)
Arrival Date: 04/03/2019
Minimum Price: ₹2000
Maximum Price: ₹4000
Modal Price: ₹3000"
"What is the price of Grapes in Pune(Hadapsar) market of Pune, Maharashtra?","Commodity: Grapes
Variety: Other
State: Maharashtra
District: Pune
Market: Pune(Hadapsar)
Arrival Date: 04/03/2019
Minimum Price: ₹3000
Maximum Price: ₹3000
Modal Price: ₹3000"
"What is the price of Guava in Pune(Hadapsar) market of Pune, Maharashtra?","Commodity: Guava
Variety: Other
State: Maharashtra
District: Pune
Market: Pune(Hadapsar)
Arrival Date: 04/03/2019
Minimum Price: ₹4000
Maximum Price: ₹4700
Modal Price: ₹4500"
"What is the price of Leafy Vegetable in Pune(Hadapsar) market of Pune, Maharashtra?","Commodity: Leafy Vegetable
Variety: Other
State: Maharashtra
District: Pune
Market: Pune(Hadapsar)
Arrival Date: 04/03/2019
Minimum Price: ₹1800
Maximum Price: ₹1800
Modal Price: ₹1800"
"What is the price of Methi(Leaves) in Pune(Hadapsar) market of Pune, Maharashtra?","Commodity: Methi(Leaves)
Variety: Other
State: Maharashtra
District: Pune
Market: Pune(Hadapsar)
Arrival Date: 04/03/2019
Minimum Price: ₹3
Maximum Price: ₹10
Modal Price: ₹6"
"What is the price of Mint(Pudina) in Pune(Hadapsar) market of Pune, Maharashtra?","Commodity: Mint(Pudina)
Variety: Other
State: Maharashtra
District: Pune
Market: Pune(Hadapsar)
Arrival Date: 04/03/2019
Minimum Price: ₹6
Maximum Price: ₹6
Modal Price: ₹6"
"What is the price of Onion in Pune(Hadapsar) market of Pune, Maharashtra?","Commodity: Onion
Variety: Local
State: Maharashtra
District: Pune
Market: Pune(Hadapsar)
Arrival Date: 04/03/2019
Minimum Price: ₹200
Maximum Price: ₹600
Modal Price: ₹300"
"What is the price of Onion Green in Pune(Hadapsar) market of Pune, Maharashtra?","Commodity: Onion Green
Variety: Other
State: Maharashtra
District: Pune
Market: Pune(Hadapsar)
Arrival Date: 04/03/2019
Minimum Price: ₹3
Maximum Price: ₹7
Modal Price: ₹5"
"What is the price of Peas Wet in Pune(Hadapsar) market of Pune, Maharashtra?","Commodity: Peas Wet
Variety: Other
State: Maharashtra
District: Pune
Market: Pune(Hadapsar)
Arrival Date: 04/03/2019
Minimum Price: ₹3000
Maximum Price: ₹5000
Modal Price: ₹4000"
"What is the price of Raddish in Pune(Hadapsar) market of Pune, Maharashtra?","Commodity: Raddish
Variety: Other
State: Maharashtra
District: Pune
Market: Pune(Hadapsar)
Arrival Date: 04/03/2019
Minimum Price: ₹3
Maximum Price: ₹12
Modal Price: ₹8"
"What is the price of Rajgir in Pune(Hadapsar) market of Pune, Maharashtra?","Commodity: Rajgir
Variety: Other
State: Maharashtra
District: Pune
Market: Pune(Hadapsar)
Arrival Date: 04/03/2019
Minimum Price: ₹2
Maximum Price: ₹4
Modal Price: ₹3"
"What is the price of Ridgeguard(Tori) in Pune(Hadapsar) market of Pune, Maharashtra?","Commodity: Ridgeguard(Tori)
Variety: Other
State: Maharashtra
District: Pune
Market: Pune(Hadapsar)
Arrival Date: 04/03/2019
Minimum Price: ₹5000
Maximum Price: ₹7000
Modal Price: ₹6000"
"What is the price of Spinach in Pune(Hadapsar) market of Pune, Maharashtra?","Commodity: Spinach
Variety: Other
State: Maharashtra
District: Pune
Market: Pune(Hadapsar)
Arrival Date: 04/03/2019
Minimum Price: ₹1
Maximum Price: ₹4
Modal Price: ₹3"
"What is the price of Tomato in Pune(Hadapsar) market of Pune, Maharashtra?","Commodity: Tomato
Variety: Other
State: Maharashtra
District: Pune
Market: Pune(Hadapsar)
Arrival Date: 04/03/2019
Minimum Price: ₹700
Maximum Price: ₹1800
Modal Price: ₹1400"
"What is the price of Water Melon in Pune(Hadapsar) market of Pune, Maharashtra?","Commodity: Water Melon
Variety: Other
State: Maharashtra
District: Pune
Market: Pune(Hadapsar)
Arrival Date: 04/03/2019
Minimum Price: ₹700
Maximum Price: ₹900
Modal Price: ₹800"
"What is the price of Carrot in Pune(Khadiki) market of Pune, Maharashtra?","Commodity: Carrot
Variety: Other
State: Maharashtra
District: Pune
Market: Pune(Khadiki)
Arrival Date: 04/03/2019
Minimum Price: ₹800
Maximum Price: ₹1000
Modal Price: ₹900"
"What is the price of Cauliflower in Pune(Khadiki) market of Pune, Maharashtra?","Commodity: Cauliflower
Variety: Other
State: Maharashtra
District: Pune
Market: Pune(Khadiki)
Arrival Date: 04/03/2019
Minimum Price: ₹700
Maximum Price: ₹800
Modal Price: ₹750"
"What is the price of Coriander(Leaves) in Pune(Khadiki) market of Pune, Maharashtra?","Commodity: Coriander(Leaves)
Variety: Other
State: Maharashtra
District: Pune
Market: Pune(Khadiki)
Arrival Date: 04/03/2019
Minimum Price: ₹3
Maximum Price: ₹4
Modal Price: ₹4"
"What is the price of Green Chilli in Pune(Khadiki) market of Pune, Maharashtra?","Commodity: Green Chilli
Variety: Other
State: Maharashtra
District: Pune
Market: Pune(Khadiki)
Arrival Date: 04/03/2019
Minimum Price: ₹1600
Maximum Price: ₹3200
Modal Price: ₹2400"
"What is the price of Onion in Pune(Khadiki) market of Pune, Maharashtra?","Commodity: Onion
Variety: Local
State: Maharashtra
District: Pune
Market: Pune(Khadiki)
Arrival Date: 04/03/2019
Minimum Price: ₹300
Maximum Price: ₹500
Modal Price: ₹400"
"What is the price of Onion Green in Pune(Khadiki) market of Pune, Maharashtra?","Commodity: Onion Green
Variety: Other
State: Maharashtra
District: Pune
Market: Pune(Khadiki)
Arrival Date: 04/03/2019
Minimum Price: ₹5
Maximum Price: ₹5
Modal Price: ₹5"
"What is the price of Potato in Pune(Khadiki) market of Pune, Maharashtra?","Commodity: Potato
Variety: Other
State: Maharashtra
District: Pune
Market: Pune(Khadiki)
Arrival Date: 04/03/2019
Minimum Price: ₹500
Maximum Price: ₹1200
Modal Price: ₹850"
"What is the price of Raddish in Pune(Khadiki) market of Pune, Maharashtra?","Commodity: Raddish
Variety: Other
State: Maharashtra
District: Pune
Market: Pune(Khadiki)
Arrival Date: 04/03/2019
Minimum Price: ₹8
Maximum Price: ₹8
Modal Price: ₹8"
"What is the price of Spinach in Pune(Khadiki) market of Pune, Maharashtra?","Commodity: Spinach
Variety: Other
State: Maharashtra
District: Pune
Market: Pune(Khadiki)
Arrival Date: 04/03/2019
Minimum Price: ₹3
Maximum Price: ₹5
Modal Price: ₹4"
"What is the price of Tomato in Pune(Khadiki) market of Pune, Maharashtra?","Commodity: Tomato
Variety: Local
State: Maharashtra
District: Pune
Market: Pune(Khadiki)
Arrival Date: 04/03/2019
Minimum Price: ₹800
Maximum Price: ₹1200
Modal Price: ₹1000"
"What is the price of Beans in Pune(Pimpri) market of Pune, Maharashtra?","Commodity: Beans
Variety: Other
State: Maharashtra
District: Pune
Market: Pune(Pimpri)
Arrival Date: 04/03/2019
Minimum Price: ₹3000
Maximum Price: ₹4200
Modal Price: ₹3600"
"What is the price of Beetroot in Pune(Pimpri) market of Pune, Maharashtra?","Commodity: Beetroot
Variety: Other
State: Maharashtra
District: Pune
Market: Pune(Pimpri)
Arrival Date: 04/03/2019
Minimum Price: ₹1400
Maximum Price: ₹1400
Modal Price: ₹1400"
"What is the price of Bottle gourd in Pune(Pimpri) market of Pune, Maharashtra?","Commodity: Bottle gourd
Variety: Other
State: Maharashtra
District: Pune
Market: Pune(Pimpri)
Arrival Date: 04/03/2019
Minimum Price: ₹2000
Maximum Price: ₹2000
Modal Price: ₹2000"
"What is the price of Brinjal in Pune(Pimpri) market of Pune, Maharashtra?","Commodity: Brinjal
Variety: Other
State: Maharashtra
District: Pune
Market: Pune(Pimpri)
Arrival Date: 04/03/2019
Minimum Price: ₹2200
Maximum Price: ₹3000
Modal Price: ₹2600"
"What is the price of Cabbage in Pune(Pimpri) market of Pune, Maharashtra?","Commodity: Cabbage
Variety: Other
State: Maharashtra
District: Pune
Market: Pune(Pimpri)
Arrival Date: 04/03/2019
Minimum Price: ₹1500
Maximum Price: ₹1600
Modal Price: ₹1550"
"What is the price of Cauliflower in Pune(Pimpri) market of Pune, Maharashtra?","Commodity: Cauliflower
Variety: Other
State: Maharashtra
District: Pune
Market: Pune(Pimpri)
Arrival Date: 04/03/2019
Minimum Price: ₹1200
Maximum Price: ₹1200
Modal Price: ₹1200"
"What is the price of Coriander(Leaves) in Pune(Pimpri) market of Pune, Maharashtra?","Commodity: Coriander(Leaves)
Variety: Other
State: Maharashtra
District: Pune
Market: Pune(Pimpri)
Arrival Date: 04/03/2019
Minimum Price: ₹3
Maximum Price: ₹4
Modal Price: ₹4"
"What is the price of Drumstick in Pune(Pimpri) market of Pune, Maharashtra?","Commodity: Drumstick
Variety: Other
State: Maharashtra
District: Pune
Market: Pune(Pimpri)
Arrival Date: 04/03/2019
Minimum Price: ₹5000
Maximum Price: ₹5000
Modal Price: ₹5000"
"What is the price of Onion in Pune(Pimpri) market of Pune, Maharashtra?","Commodity: Onion
Variety: Local
State: Maharashtra
District: Pune
Market: Pune(Pimpri)
Arrival Date: 04/03/2019
Minimum Price: ₹500
Maximum Price: ₹600
Modal Price: ₹550"
"What is the price of Potato in Pune(Pimpri) market of Pune, Maharashtra?","Commodity: Potato
Variety: Other
State: Maharashtra
District: Pune
Market: Pune(Pimpri)
Arrival Date: 04/03/2019
Minimum Price: ₹1000
Maximum Price: ₹1000
Modal Price: ₹1000"
"What is the price of Raddish in Pune(Pimpri) market of Pune, Maharashtra?","Commodity: Raddish
Variety: Other
State: Maharashtra
District: Pune
Market: Pune(Pimpri)
Arrival Date: 04/03/2019
Minimum Price: ₹8
Maximum Price: ₹12
Modal Price: ₹10"
"What is the price of Spinach in Pune(Pimpri) market of Pune, Maharashtra?","Commodity: Spinach
Variety: Other
State: Maharashtra
District: Pune
Market: Pune(Pimpri)
Arrival Date: 04/03/2019
Minimum Price: ₹8
Maximum Price: ₹9
Modal Price: ₹9"
"What is the price of Tomato in Pune(Pimpri) market of Pune, Maharashtra?","Commodity: Tomato
Variety: Local
State: Maharashtra
District: Pune
Market: Pune(Pimpri)
Arrival Date: 04/03/2019
Minimum Price: ₹1200
Maximum Price: ₹1200
Modal Price: ₹1200"
"What is the price of Apple in Karad market of Satara, Maharashtra?","Commodity: Apple
Variety: Simla
State: Maharashtra
District: Satara
Market: Karad
Arrival Date: 04/03/2019
Minimum Price: ₹5400
Maximum Price: ₹8000
Modal Price: ₹8000"
"What is the price of Banana in Karad market of Satara, Maharashtra?","Commodity: Banana
Variety: Other
State: Maharashtra
District: Satara
Market: Karad
Arrival Date: 04/03/2019
Minimum Price: ₹600
Maximum Price: ₹1000
Modal Price: ₹1000"
"What is the price of Beans in Karad market of Satara, Maharashtra?","Commodity: Beans
Variety: Other
State: Maharashtra
District: Satara
Market: Karad
Arrival Date: 04/03/2019
Minimum Price: ₹2000
Maximum Price: ₹2500
Modal Price: ₹2500"
"What is the price of Bhindi(Ladies Finger) in Karad market of Satara, Maharashtra?","Commodity: Bhindi(Ladies Finger)
Variety: Other
State: Maharashtra
District: Satara
Market: Karad
Arrival Date: 04/03/2019
Minimum Price: ₹3500
Maximum Price: ₹4000
Modal Price: ₹4000"
"What is the price of Bitter gourd in Karad market of Satara, Maharashtra?","Commodity: Bitter gourd
Variety: Other
State: Maharashtra
District: Satara
Market: Karad
Arrival Date: 04/03/2019
Minimum Price: ₹3000
Maximum Price: ₹3700
Modal Price: ₹3700"
"What is the price of Bottle gourd in Karad market of Satara, Maharashtra?","Commodity: Bottle gourd
Variety: Other
State: Maharashtra
District: Satara
Market: Karad
Arrival Date: 04/03/2019
Minimum Price: ₹500
Maximum Price: ₹1000
Modal Price: ₹1000"
"What is the price of Brinjal in Karad market of Satara, Maharashtra?","Commodity: Brinjal
Variety: Other
State: Maharashtra
District: Satara
Market: Karad
Arrival Date: 04/03/2019
Minimum Price: ₹500
Maximum Price: ₹800
Modal Price: ₹800"
"What is the price of Cabbage in Karad market of Satara, Maharashtra?","Commodity: Cabbage
Variety: Other
State: Maharashtra
District: Satara
Market: Karad
Arrival Date: 04/03/2019
Minimum Price: ₹500
Maximum Price: ₹1000
Modal Price: ₹1000"
"What is the price of Carrot in Karad market of Satara, Maharashtra?","Commodity: Carrot
Variety: Other
State: Maharashtra
District: Satara
Market: Karad
Arrival Date: 04/03/2019
Minimum Price: ₹500
Maximum Price: ₹1000
Modal Price: ₹1000"
"What is the price of Cauliflower in Karad market of Satara, Maharashtra?","Commodity: Cauliflower
Variety: Other
State: Maharashtra
District: Satara
Market: Karad
Arrival Date: 04/03/2019
Minimum Price: ₹400
Maximum Price: ₹900
Modal Price: ₹900"
"What is the price of Chikoos(Sapota) in Karad market of Satara, Maharashtra?","Commodity: Chikoos(Sapota)
Variety: Other
State: Maharashtra
District: Satara
Market: Karad
Arrival Date: 04/03/2019
Minimum Price: ₹2000
Maximum Price: ₹2500
Modal Price: ₹2500"
"What is the price of Chilly Capsicum in Karad market of Satara, Maharashtra?","Commodity: Chilly Capsicum
Variety: Other
State: Maharashtra
District: Satara
Market: Karad
Arrival Date: 04/03/2019
Minimum Price: ₹3000
Maximum Price: ₹3500
Modal Price: ₹3500"
"What is the price of Coriander(Leaves) in Karad market of Satara, Maharashtra?","Commodity: Coriander(Leaves)
Variety: Other
State: Maharashtra
District: Satara
Market: Karad
Arrival Date: 04/03/2019
Minimum Price: ₹1
Maximum Price: ₹2
Modal Price: ₹2"
"What is the price of Cucumbar(Kheera) in Karad market of Satara, Maharashtra?","Commodity: Cucumbar(Kheera)
Variety: Other
State: Maharashtra
District: Satara
Market: Karad
Arrival Date: 04/03/2019
Minimum Price: ₹1500
Maximum Price: ₹2000
Modal Price: ₹2000"
"What is the price of Drumstick in Karad market of Satara, Maharashtra?","Commodity: Drumstick
Variety: Other
State: Maharashtra
District: Satara
Market: Karad
Arrival Date: 04/03/2019
Minimum Price: ₹1600
Maximum Price: ₹2000
Modal Price: ₹2000"
"What is the price of Garlic in Karad market of Satara, Maharashtra?","Commodity: Garlic
Variety: Other
State: Maharashtra
District: Satara
Market: Karad
Arrival Date: 04/03/2019
Minimum Price: ₹3000
Maximum Price: ₹3400
Modal Price: ₹3400"
"What is the price of Ginger(Dry) in Karad market of Satara, Maharashtra?","Commodity: Ginger(Dry)
Variety: Other
State: Maharashtra
District: Satara
Market: Karad
Arrival Date: 04/03/2019
Minimum Price: ₹5000
Maximum Price: ₹6500
Modal Price: ₹6500"
"What is the price of Grapes in Karad market of Satara, Maharashtra?","Commodity: Grapes
Variety: Other
State: Maharashtra
District: Satara
Market: Karad
Arrival Date: 04/03/2019
Minimum Price: ₹1500
Maximum Price: ₹2250
Modal Price: ₹2250"
"What is the price of Green Chilli in Karad market of Satara, Maharashtra?","Commodity: Green Chilli
Variety: Other
State: Maharashtra
District: Satara
Market: Karad
Arrival Date: 04/03/2019
Minimum Price: ₹3500
Maximum Price: ₹4500
Modal Price: ₹4500"
"What is the price of Guar in Karad market of Satara, Maharashtra?","Commodity: Guar
Variety: Other
State: Maharashtra
District: Satara
Market: Karad
Arrival Date: 04/03/2019
Minimum Price: ₹4000
Maximum Price: ₹4600
Modal Price: ₹4600"
"What is the price of Onion in Karad market of Satara, Maharashtra?","Commodity: Onion
Variety: Other
State: Maharashtra
District: Satara
Market: Karad
Arrival Date: 04/03/2019
Minimum Price: ₹400
Maximum Price: ₹800
Modal Price: ₹800"
"What is the price of Onion Green in Karad market of Satara, Maharashtra?","Commodity: Onion Green
Variety: Other
State: Maharashtra
District: Satara
Market: Karad
Arrival Date: 04/03/2019
Minimum Price: ₹2
Maximum Price: ₹3
Modal Price: ₹3"
"What is the price of Peas Wet in Karad market of Satara, Maharashtra?","Commodity: Peas Wet
Variety: Other
State: Maharashtra
District: Satara
Market: Karad
Arrival Date: 04/03/2019
Minimum Price: ₹2000
Maximum Price: ₹2600
Modal Price: ₹2600"
"What is the price of Pomegranate in Karad market of Satara, Maharashtra?","Commodity: Pomegranate
Variety: Other
State: Maharashtra
District: Satara
Market: Karad
Arrival Date: 04/03/2019
Minimum Price: ₹2000
Maximum Price: ₹2500
Modal Price: ₹2500"
"What is the price of Potato in Karad market of Satara, Maharashtra?","Commodity: Potato
Variety: Local
State: Maharashtra
District: Satara
Market: Karad
Arrival Date: 04/03/2019
Minimum Price: ₹1000
Maximum Price: ₹1500
Modal Price: ₹1500"
"What is the price of Ridgeguard(Tori) in Karad market of Satara, Maharashtra?","Commodity: Ridgeguard(Tori)
Variety: Other
State: Maharashtra
District: Satara
Market: Karad
Arrival Date: 04/03/2019
Minimum Price: ₹3000
Maximum Price: ₹3800
Modal Price: ₹3800"
"What is the price of Spinach in Karad market of Satara, Maharashtra?","Commodity: Spinach
Variety: Other
State: Maharashtra
District: Satara
Market: Karad
Arrival Date: 04/03/2019
Minimum Price: ₹1
Maximum Price: ₹2
Modal Price: ₹2"
"What is the price of Sweet Potato in Karad market of Satara, Maharashtra?","Commodity: Sweet Potato
Variety: Hosur Red
State: Maharashtra
District: Satara
Market: Karad
Arrival Date: 04/03/2019
Minimum Price: ₹1000
Maximum Price: ₹1800
Modal Price: ₹1800"
"What is the price of Tomato in Karad market of Satara, Maharashtra?","Commodity: Tomato
Variety: Other
State: Maharashtra
District: Satara
Market: Karad
Arrival Date: 04/03/2019
Minimum Price: ₹600
Maximum Price: ₹1000
Modal Price: ₹1000"
"What is the price of Water Melon in Karad market of Satara, Maharashtra?","Commodity: Water Melon
Variety: Other
State: Maharashtra
District: Satara
Market: Karad
Arrival Date: 04/03/2019
Minimum Price: ₹600
Maximum Price: ₹700
Modal Price: ₹700"
"What is the price of Brinjal in Akluj market of Sholapur, Maharashtra?","Commodity: Brinjal
Variety: Other
State: Maharashtra
District: Sholapur
Market: Akluj
Arrival Date: 04/03/2019
Minimum Price: ₹1500
Maximum Price: ₹2500
Modal Price: ₹2000"
"What is the price of Potato in Akluj market of Sholapur, Maharashtra?","Commodity: Potato
Variety: Local
State: Maharashtra
District: Sholapur
Market: Akluj
Arrival Date: 04/03/2019
Minimum Price: ₹1200
Maximum Price: ₹1600
Modal Price: ₹1400"
"What is the price of Bhindi(Ladies Finger) in Mangal Wedha market of Sholapur, Maharashtra?","Commodity: Bhindi(Ladies Finger)
Variety: Other
State: Maharashtra
District: Sholapur
Market: Mangal Wedha
Arrival Date: 04/03/2019
Minimum Price: ₹800
Maximum Price: ₹4300
Modal Price: ₹2800"
"What is the price of Bitter gourd in Mangal Wedha market of Sholapur, Maharashtra?","Commodity: Bitter gourd
Variety: Other
State: Maharashtra
District: Sholapur
Market: Mangal Wedha
Arrival Date: 04/03/2019
Minimum Price: ₹3100
Maximum Price: ₹3100
Modal Price: ₹3100"
"What is the price of Brinjal in Mangal Wedha market of Sholapur, Maharashtra?","Commodity: Brinjal
Variety: Other
State: Maharashtra
District: Sholapur
Market: Mangal Wedha
Arrival Date: 04/03/2019
Minimum Price: ₹600
Maximum Price: ₹2400
Modal Price: ₹1300"
"What is the price of Coriander(Leaves) in Mangal Wedha market of Sholapur, Maharashtra?","Commodity: Coriander(Leaves)
Variety: Other
State: Maharashtra
District: Sholapur
Market: Mangal Wedha
Arrival Date: 04/03/2019
Minimum Price: ₹1
Maximum Price: ₹3
Modal Price: ₹2"
"What is the price of Cucumbar(Kheera) in Mangal Wedha market of Sholapur, Maharashtra?","Commodity: Cucumbar(Kheera)
Variety: Other
State: Maharashtra
District: Sholapur
Market: Mangal Wedha
Arrival Date: 04/03/2019
Minimum Price: ₹400
Maximum Price: ₹3600
Modal Price: ₹2000"
"What is the price of Green Chilli in Mangal Wedha market of Sholapur, Maharashtra?","Commodity: Green Chilli
Variety: Other
State: Maharashtra
District: Sholapur
Market: Mangal Wedha
Arrival Date: 04/03/2019
Minimum Price: ₹3500
Maximum Price: ₹6600
Modal Price: ₹5000"
"What is the price of Onion in Mangal Wedha market of Sholapur, Maharashtra?","Commodity: Onion
Variety: Other
State: Maharashtra
District: Sholapur
Market: Mangal Wedha
Arrival Date: 04/03/2019
Minimum Price: ₹100
Maximum Price: ₹700
Modal Price: ₹500"
"What is the price of Ridgeguard(Tori) in Mangal Wedha market of Sholapur, Maharashtra?","Commodity: Ridgeguard(Tori)
Variety: Other
State: Maharashtra
District: Sholapur
Market: Mangal Wedha
Arrival Date: 04/03/2019
Minimum Price: ₹1000
Maximum Price: ₹5900
Modal Price: ₹2900"
"What is the price of Tomato in Mangal Wedha market of Sholapur, Maharashtra?","Commodity: Tomato
Variety: Other
State: Maharashtra
District: Sholapur
Market: Mangal Wedha
Arrival Date: 04/03/2019
Minimum Price: ₹300
Maximum Price: ₹1700
Modal Price: ₹1000"
"What is the price of Banana in Pandharpur market of Sholapur, Maharashtra?","Commodity: Banana
Variety: Other
State: Maharashtra
District: Sholapur
Market: Pandharpur
Arrival Date: 04/03/2019
Minimum Price: ₹425
Maximum Price: ₹511
Modal Price: ₹475"
"What is the price of Banana in Bishenpur market of Bishnupur, Manipur?","Commodity: Banana
Variety: Other
State: Manipur
District: Bishnupur
Market: Bishenpur
Arrival Date: 04/03/2019
Minimum Price: ₹3300
Maximum Price: ₹4000
Modal Price: ₹3500"
"What is the price of Bengal Gram Dal (Chana Dal) in Bishenpur market of Bishnupur, Manipur?","Commodity: Bengal Gram Dal (Chana Dal)
Variety: Bengal Gram Dal
State: Manipur
District: Bishnupur
Market: Bishenpur
Arrival Date: 04/03/2019
Minimum Price: ₹0
Maximum Price: ₹9600
Modal Price: ₹9600"
"What is the price of Cabbage in Bishenpur market of Bishnupur, Manipur?","Commodity: Cabbage
Variety: Cabbage
State: Manipur
District: Bishnupur
Market: Bishenpur
Arrival Date: 04/03/2019
Minimum Price: ₹1100
Maximum Price: ₹1300
Modal Price: ₹1300"
"What is the price of Cauliflower in Bishenpur market of Bishnupur, Manipur?","Commodity: Cauliflower
Variety: Cauliflower
State: Manipur
District: Bishnupur
Market: Bishenpur
Arrival Date: 04/03/2019
Minimum Price: ₹2300
Maximum Price: ₹2500
Modal Price: ₹2500"
"What is the price of Ginger(Green) in Bishenpur market of Bishnupur, Manipur?","Commodity: Ginger(Green)
Variety: Green Ginger
State: Manipur
District: Bishnupur
Market: Bishenpur
Arrival Date: 04/03/2019
Minimum Price: ₹4300
Maximum Price: ₹4500
Modal Price: ₹4500"
"What is the price of Masur Dal in Bishenpur market of Bishnupur, Manipur?","Commodity: Masur Dal
Variety: Masur Dal
State: Manipur
District: Bishnupur
Market: Bishenpur
Arrival Date: 04/03/2019
Minimum Price: ₹7300
Maximum Price: ₹7350
Modal Price: ₹7300"
"What is the price of Onion in Bishenpur market of Bishnupur, Manipur?","Commodity: Onion
Variety: Onion
State: Manipur
District: Bishnupur
Market: Bishenpur
Arrival Date: 04/03/2019
Minimum Price: ₹2400
Maximum Price: ₹2500
Modal Price: ₹2500"
"What is the price of Paddy(Dhan)(Common) in Bishenpur market of Bishnupur, Manipur?","Commodity: Paddy(Dhan)(Common)
Variety: Other
State: Manipur
District: Bishnupur
Market: Bishenpur
Arrival Date: 04/03/2019
Minimum Price: ₹2250
Maximum Price: ₹2250
Modal Price: ₹2250"
"What is the price of Potato in Bishenpur market of Bishnupur, Manipur?","Commodity: Potato
Variety: Other
State: Manipur
District: Bishnupur
Market: Bishenpur
Arrival Date: 04/03/2019
Minimum Price: ₹800
Maximum Price: ₹1000
Modal Price: ₹1000"
"What is the price of Rice in Bishenpur market of Bishnupur, Manipur?","Commodity: Rice
Variety: Other
State: Manipur
District: Bishnupur
Market: Bishenpur
Arrival Date: 04/03/2019
Minimum Price: ₹3700
Maximum Price: ₹3700
Modal Price: ₹3700"
"What is the price of Banana in Moreh market of Chandel, Manipur?","Commodity: Banana
Variety: Other
State: Manipur
District: Chandel
Market: Moreh
Arrival Date: 04/03/2019
Minimum Price: ₹2800
Maximum Price: ₹3200
Modal Price: ₹3000"
"What is the price of Cabbage in Moreh market of Chandel, Manipur?","Commodity: Cabbage
Variety: Other
State: Manipur
District: Chandel
Market: Moreh
Arrival Date: 04/03/2019
Minimum Price: ₹800
Maximum Price: ₹1200
Modal Price: ₹1000"
"What is the price of Cauliflower in Moreh market of Chandel, Manipur?","Commodity: Cauliflower
Variety: Other
State: Manipur
District: Chandel
Market: Moreh
Arrival Date: 04/03/2019
Minimum Price: ₹1800
Maximum Price: ₹2200
Modal Price: ₹2000"
"What is the price of Dry Chillies in Moreh market of Chandel, Manipur?","Commodity: Dry Chillies
Variety: Other
State: Manipur
District: Chandel
Market: Moreh
Arrival Date: 04/03/2019
Minimum Price: ₹13000
Maximum Price: ₹13500
Modal Price: ₹13300"
"What is the price of Ginger(Green) in Moreh market of Chandel, Manipur?","Commodity: Ginger(Green)
Variety: Green Ginger
State: Manipur
District: Chandel
Market: Moreh
Arrival Date: 04/03/2019
Minimum Price: ₹3300
Maximum Price: ₹3700
Modal Price: ₹3500"
"What is the price of Masur Dal in Moreh market of Chandel, Manipur?","Commodity: Masur Dal
Variety: Masur Dal
State: Manipur
District: Chandel
Market: Moreh
Arrival Date: 04/03/2019
Minimum Price: ₹0
Maximum Price: ₹7400
Modal Price: ₹7400"
"What is the price of Onion in Moreh market of Chandel, Manipur?","Commodity: Onion
Variety: Other
State: Manipur
District: Chandel
Market: Moreh
Arrival Date: 04/03/2019
Minimum Price: ₹2300
Maximum Price: ₹2500
Modal Price: ₹2500"
"What is the price of Potato in Moreh market of Chandel, Manipur?","Commodity: Potato
Variety: Other
State: Manipur
District: Chandel
Market: Moreh
Arrival Date: 04/03/2019
Minimum Price: ₹1200
Maximum Price: ₹1600
Modal Price: ₹1400"
"What is the price of Rice in Moreh market of Chandel, Manipur?","Commodity: Rice
Variety: Other
State: Manipur
District: Chandel
Market: Moreh
Arrival Date: 04/03/2019
Minimum Price: ₹3500
Maximum Price: ₹3500
Modal Price: ₹3500"
"What is the price of Banana in Lamlong Bazaar market of Imphal East, Manipur?","Commodity: Banana
Variety: Other
State: Manipur
District: Imphal East
Market: Lamlong Bazaar
Arrival Date: 04/03/2019
Minimum Price: ₹2800
Maximum Price: ₹3500
Modal Price: ₹3500"
"What is the price of Cabbage in Lamlong Bazaar market of Imphal East, Manipur?","Commodity: Cabbage
Variety: Cabbage
State: Manipur
District: Imphal East
Market: Lamlong Bazaar
Arrival Date: 04/03/2019
Minimum Price: ₹1300
Maximum Price: ₹1500
Modal Price: ₹1500"
"What is the price of Cauliflower in Lamlong Bazaar market of Imphal East, Manipur?","Commodity: Cauliflower
Variety: Cauliflower
State: Manipur
District: Imphal East
Market: Lamlong Bazaar
Arrival Date: 04/03/2019
Minimum Price: ₹2300
Maximum Price: ₹2500
Modal Price: ₹2500"
"What is the price of Dry Chillies in Lamlong Bazaar market of Imphal East, Manipur?","Commodity: Dry Chillies
Variety: Other
State: Manipur
District: Imphal East
Market: Lamlong Bazaar
Arrival Date: 04/03/2019
Minimum Price: ₹13000
Maximum Price: ₹15000
Modal Price: ₹15000"
"What is the price of Ginger(Green) in Lamlong Bazaar market of Imphal East, Manipur?","Commodity: Ginger(Green)
Variety: Green Ginger
State: Manipur
District: Imphal East
Market: Lamlong Bazaar
Arrival Date: 04/03/2019
Minimum Price: ₹5300
Maximum Price: ₹5500
Modal Price: ₹5500"
"What is the price of Masur Dal in Lamlong Bazaar market of Imphal East, Manipur?","Commodity: Masur Dal
Variety: Masur Dal
State: Manipur
District: Imphal East
Market: Lamlong Bazaar
Arrival Date: 04/03/2019
Minimum Price: ₹0
Maximum Price: ₹8200
Modal Price: ₹8200"
"What is the price of Onion in Lamlong Bazaar market of Imphal East, Manipur?","Commodity: Onion
Variety: Other
State: Manipur
District: Imphal East
Market: Lamlong Bazaar
Arrival Date: 04/03/2019
Minimum Price: ₹1300
Maximum Price: ₹2500
Modal Price: ₹2500"
"What is the price of Paddy(Dhan)(Common) in Lamlong Bazaar market of Imphal East, Manipur?","Commodity: Paddy(Dhan)(Common)
Variety: Other
State: Manipur
District: Imphal East
Market: Lamlong Bazaar
Arrival Date: 04/03/2019
Minimum Price: ₹0
Maximum Price: ₹2500
Modal Price: ₹2500"
"What is the price of Potato in Lamlong Bazaar market of Imphal East, Manipur?","Commodity: Potato
Variety: Other
State: Manipur
District: Imphal East
Market: Lamlong Bazaar
Arrival Date: 04/03/2019
Minimum Price: ₹800
Maximum Price: ₹1000
Modal Price: ₹1000"
"What is the price of Rice in Lamlong Bazaar market of Imphal East, Manipur?","Commodity: Rice
Variety: Other
State: Manipur
District: Imphal East
Market: Lamlong Bazaar
Arrival Date: 04/03/2019
Minimum Price: ₹3900
Maximum Price: ₹4100
Modal Price: ₹4100"
"What is the price of Banana in Imphal market of Imphal West, Manipur?","Commodity: Banana
Variety: Other
State: Manipur
District: Imphal West
Market: Imphal
Arrival Date: 04/03/2019
Minimum Price: ₹3300
Maximum Price: ₹3500
Modal Price: ₹3500"
"What is the price of Bengal Gram Dal (Chana Dal) in Imphal market of Imphal West, Manipur?","Commodity: Bengal Gram Dal (Chana Dal)
Variety: Bengal Gram Dal
State: Manipur
District: Imphal West
Market: Imphal
Arrival Date: 04/03/2019
Minimum Price: ₹0
Maximum Price: ₹8000
Modal Price: ₹8000"
"What is the price of Cabbage in Imphal market of Imphal West, Manipur?","Commodity: Cabbage
Variety: Other
State: Manipur
District: Imphal West
Market: Imphal
Arrival Date: 04/03/2019
Minimum Price: ₹1300
Maximum Price: ₹1500
Modal Price: ₹1500"
"What is the price of Cauliflower in Imphal market of Imphal West, Manipur?","Commodity: Cauliflower
Variety: Other
State: Manipur
District: Imphal West
Market: Imphal
Arrival Date: 04/03/2019
Minimum Price: ₹1800
Maximum Price: ₹2000
Modal Price: ₹2000"
"What is the price of Dry Chillies in Imphal market of Imphal West, Manipur?","Commodity: Dry Chillies
Variety: Other
State: Manipur
District: Imphal West
Market: Imphal
Arrival Date: 04/03/2019
Minimum Price: ₹14800
Maximum Price: ₹15000
Modal Price: ₹15000"
"What is the price of Ginger(Green) in Imphal market of Imphal West, Manipur?","Commodity: Ginger(Green)
Variety: Green Ginger
State: Manipur
District: Imphal West
Market: Imphal
Arrival Date: 04/03/2019
Minimum Price: ₹2800
Maximum Price: ₹3000
Modal Price: ₹3000"
"What is the price of Masur Dal in Imphal market of Imphal West, Manipur?","Commodity: Masur Dal
Variety: Masur Dal
State: Manipur
District: Imphal West
Market: Imphal
Arrival Date: 04/03/2019
Minimum Price: ₹0
Maximum Price: ₹7000
Modal Price: ₹7000"
"What is the price of Onion in Imphal market of Imphal West, Manipur?","Commodity: Onion
Variety: Other
State: Manipur
District: Imphal West
Market: Imphal
Arrival Date: 04/03/2019
Minimum Price: ₹2300
Maximum Price: ₹2700
Modal Price: ₹2500"
"What is the price of Paddy(Dhan)(Common) in Imphal market of Imphal West, Manipur?","Commodity: Paddy(Dhan)(Common)
Variety: Other
State: Manipur
District: Imphal West
Market: Imphal
Arrival Date: 04/03/2019
Minimum Price: ₹1050
Maximum Price: ₹2250
Modal Price: ₹2250"
"What is the price of Potato in Imphal market of Imphal West, Manipur?","Commodity: Potato
Variety: Other
State: Manipur
District: Imphal West
Market: Imphal
Arrival Date: 04/03/2019
Minimum Price: ₹1500
Maximum Price: ₹1500
Modal Price: ₹1500"
"What is the price of Rice in Imphal market of Imphal West, Manipur?","Commodity: Rice
Variety: Other
State: Manipur
District: Imphal West
Market: Imphal
Arrival Date: 04/03/2019
Minimum Price: ₹3800
Maximum Price: ₹3800
Modal Price: ₹3800"
"What is the price of Banana in Thoubal market of Thoubal, Manipur?","Commodity: Banana
Variety: Other
State: Manipur
District: Thoubal
Market: Thoubal
Arrival Date: 04/03/2019
Minimum Price: ₹3000
Maximum Price: ₹4000
Modal Price: ₹3500"
"What is the price of Bengal Gram Dal (Chana Dal) in Thoubal market of Thoubal, Manipur?","Commodity: Bengal Gram Dal (Chana Dal)
Variety: Bengal Gram Dal
State: Manipur
District: Thoubal
Market: Thoubal
Arrival Date: 04/03/2019
Minimum Price: ₹0
Maximum Price: ₹11000
Modal Price: ₹11000"
"What is the price of Cabbage in Thoubal market of Thoubal, Manipur?","Commodity: Cabbage
Variety: Cabbage
State: Manipur
District: Thoubal
Market: Thoubal
Arrival Date: 04/03/2019
Minimum Price: ₹700
Maximum Price: ₹1300
Modal Price: ₹1000"
"What is the price of Cauliflower in Thoubal market of Thoubal, Manipur?","Commodity: Cauliflower
Variety: Cauliflower
State: Manipur
District: Thoubal
Market: Thoubal
Arrival Date: 04/03/2019
Minimum Price: ₹1700
Maximum Price: ₹2300
Modal Price: ₹2000"
"What is the price of Dry Chillies in Thoubal market of Thoubal, Manipur?","Commodity: Dry Chillies
Variety: Other
State: Manipur
District: Thoubal
Market: Thoubal
Arrival Date: 04/03/2019
Minimum Price: ₹13500
Maximum Price: ₹14500
Modal Price: ₹14000"
"What is the price of Ginger(Green) in Thoubal market of Thoubal, Manipur?","Commodity: Ginger(Green)
Variety: Green Ginger
State: Manipur
District: Thoubal
Market: Thoubal
Arrival Date: 04/03/2019
Minimum Price: ₹5000
Maximum Price: ₹5500
Modal Price: ₹5500"
"What is the price of Masur Dal in Thoubal market of Thoubal, Manipur?","Commodity: Masur Dal
Variety: Masur Dal
State: Manipur
District: Thoubal
Market: Thoubal
Arrival Date: 04/03/2019
Minimum Price: ₹0
Maximum Price: ₹7500
Modal Price: ₹7500"
"What is the price of Onion in Thoubal market of Thoubal, Manipur?","Commodity: Onion
Variety: Other
State: Manipur
District: Thoubal
Market: Thoubal
Arrival Date: 04/03/2019
Minimum Price: ₹0
Maximum Price: ₹2000
Modal Price: ₹2000"
"What is the price of Paddy(Dhan)(Common) in Thoubal market of Thoubal, Manipur?","Commodity: Paddy(Dhan)(Common)
Variety: Other
State: Manipur
District: Thoubal
Market: Thoubal
Arrival Date: 04/03/2019
Minimum Price: ₹2375
Maximum Price: ₹2375
Modal Price: ₹2375"
"What is the price of Potato in Thoubal market of Thoubal, Manipur?","Commodity: Potato
Variety: Other
State: Manipur
District: Thoubal
Market: Thoubal
Arrival Date: 04/03/2019
Minimum Price: ₹800
Maximum Price: ₹1200
Modal Price: ₹1000"
"What is the price of Rice in Thoubal market of Thoubal, Manipur?","Commodity: Rice
Variety: Other
State: Manipur
District: Thoubal
Market: Thoubal
Arrival Date: 04/03/2019
Minimum Price: ₹3900
Maximum Price: ₹3900
Modal Price: ₹3900"
"What is the price of Turmeric (raw) in Thoubal market of Thoubal, Manipur?","Commodity: Turmeric (raw)
Variety: Turmeric (raw)
State: Manipur
District: Thoubal
Market: Thoubal
Arrival Date: 04/03/2019
Minimum Price: ₹0
Maximum Price: ₹2500
Modal Price: ₹2500"
"What is the price of Arecanut(Betelnut/Supari) in Shillong market of East Khasi Hills, Meghalaya?","Commodity: Arecanut(Betelnut/Supari)
Variety: New Variety
State: Meghalaya
District: East Khasi Hills
Market: Shillong
Arrival Date: 04/03/2019
Minimum Price: ₹9500
Maximum Price: ₹17000
Modal Price: ₹13500"
"What is the price of Banana in Shillong market of East Khasi Hills, Meghalaya?","Commodity: Banana
Variety: Champa
State: Meghalaya
District: East Khasi Hills
Market: Shillong
Arrival Date: 04/03/2019
Minimum Price: ₹3500
Maximum Price: ₹4500
Modal Price: ₹4000"
"What is the price of Betal Leaves in Shillong market of East Khasi Hills, Meghalaya?","Commodity: Betal Leaves
Variety: Local
State: Meghalaya
District: East Khasi Hills
Market: Shillong
Arrival Date: 04/03/2019
Minimum Price: ₹21000
Maximum Price: ₹30000
Modal Price: ₹26500"
"What is the price of Ginger(Dry) in Shillong market of East Khasi Hills, Meghalaya?","Commodity: Ginger(Dry)
Variety: Dry
State: Meghalaya
District: East Khasi Hills
Market: Shillong
Arrival Date: 04/03/2019
Minimum Price: ₹6000
Maximum Price: ₹7000
Modal Price: ₹6500"
"What is the price of Orange in Shillong market of East Khasi Hills, Meghalaya?","Commodity: Orange
Variety: Orange
State: Meghalaya
District: East Khasi Hills
Market: Shillong
Arrival Date: 04/03/2019
Minimum Price: ₹3500
Maximum Price: ₹4500
Modal Price: ₹4000"
"What is the price of Pumpkin in Shillong market of East Khasi Hills, Meghalaya?","Commodity: Pumpkin
Variety: Pumpkin
State: Meghalaya
District: East Khasi Hills
Market: Shillong
Arrival Date: 04/03/2019
Minimum Price: ₹1700
Maximum Price: ₹2000
Modal Price: ₹1850"
"What is the price of Arecanut(Betelnut/Supari) in Mangkolemba market of Mokokchung, Nagaland?","Commodity: Arecanut(Betelnut/Supari)
Variety: api
State: Nagaland
District: Mokokchung
Market: Mangkolemba
Arrival Date: 04/03/2019
Minimum Price: ₹1400
Maximum Price: ₹1700
Modal Price: ₹1500"
"What is the price of Banana - Green in Mangkolemba market of Mokokchung, Nagaland?","Commodity: Banana - Green
Variety: Banana - Green
State: Nagaland
District: Mokokchung
Market: Mangkolemba
Arrival Date: 04/03/2019
Minimum Price: ₹4100
Maximum Price: ₹4400
Modal Price: ₹4200"
"What is the price of Cabbage in Mangkolemba market of Mokokchung, Nagaland?","Commodity: Cabbage
Variety: Cabbage
State: Nagaland
District: Mokokchung
Market: Mangkolemba
Arrival Date: 04/03/2019
Minimum Price: ₹2100
Maximum Price: ₹2400
Modal Price: ₹2300"
"What is the price of Ginger(Green) in Mangkolemba market of Mokokchung, Nagaland?","Commodity: Ginger(Green)
Variety: Green Ginger
State: Nagaland
District: Mokokchung
Market: Mangkolemba
Arrival Date: 04/03/2019
Minimum Price: ₹1600
Maximum Price: ₹1900
Modal Price: ₹1700"
"What is the price of Leafy Vegetable in Mangkolemba market of Mokokchung, Nagaland?","Commodity: Leafy Vegetable
Variety: Leafy Vegetables
State: Nagaland
District: Mokokchung
Market: Mangkolemba
Arrival Date: 04/03/2019
Minimum Price: ₹1600
Maximum Price: ₹1900
Modal Price: ₹1700"
"What is the price of Turmeric (raw) in Mangkolemba market of Mokokchung, Nagaland?","Commodity: Turmeric (raw)
Variety: Other
State: Nagaland
District: Mokokchung
Market: Mangkolemba
Arrival Date: 04/03/2019
Minimum Price: ₹1500
Maximum Price: ₹1800
Modal Price: ₹1700"
"What is the price of Brinjal in Angul market of Angul, Odisha?","Commodity: Brinjal
Variety: Other
State: Odisha
District: Angul
Market: Angul
Arrival Date: 04/03/2019
Minimum Price: ₹400
Maximum Price: ₹600
Modal Price: ₹500"
"What is the price of Brinjal in Angul(Jarapada) market of Angul, Odisha?","Commodity: Brinjal
Variety: Other
State: Odisha
District: Angul
Market: Angul(Jarapada)
Arrival Date: 04/03/2019
Minimum Price: ₹400
Maximum Price: ₹600
Modal Price: ₹500"
"What is the price of Potato in Pallahara market of Angul, Odisha?","Commodity: Potato
Variety: Other
State: Odisha
District: Angul
Market: Pallahara
Arrival Date: 04/03/2019
Minimum Price: ₹700
Maximum Price: ₹900
Modal Price: ₹800"
"What is the price of Brinjal in Jaleswar market of Balasore, Odisha?","Commodity: Brinjal
Variety: Other
State: Odisha
District: Balasore
Market: Jaleswar
Arrival Date: 04/03/2019
Minimum Price: ₹1100
Maximum Price: ₹1300
Modal Price: ₹1200"
"What is the price of Cabbage in Jaleswar market of Balasore, Odisha?","Commodity: Cabbage
Variety: Other
State: Odisha
District: Balasore
Market: Jaleswar
Arrival Date: 04/03/2019
Minimum Price: ₹600
Maximum Price: ₹800
Modal Price: ₹700"
"What is the price of Garlic in Jaleswar market of Balasore, Odisha?","Commodity: Garlic
Variety: Other
State: Odisha
District: Balasore
Market: Jaleswar
Arrival Date: 04/03/2019
Minimum Price: ₹5000
Maximum Price: ₹5200
Modal Price: ₹5100"
"What is the price of Ginger(Dry) in Jaleswar market of Balasore, Odisha?","Commodity: Ginger(Dry)
Variety: Other
State: Odisha
District: Balasore
Market: Jaleswar
Arrival Date: 04/03/2019
Minimum Price: ₹7400
Maximum Price: ₹7600
Modal Price: ₹7500"
"What is the price of Onion in Jaleswar market of Balasore, Odisha?","Commodity: Onion
Variety: Other
State: Odisha
District: Balasore
Market: Jaleswar
Arrival Date: 04/03/2019
Minimum Price: ₹1000
Maximum Price: ₹1150
Modal Price: ₹1100"
"What is the price of Tomato in Jaleswar market of Balasore, Odisha?","Commodity: Tomato
Variety: Other
State: Odisha
District: Balasore
Market: Jaleswar
Arrival Date: 04/03/2019
Minimum Price: ₹600
Maximum Price: ₹800
Modal Price: ₹700"
"What is the price of Cabbage in Nilagiri market of Balasore, Odisha?","Commodity: Cabbage
Variety: Other
State: Odisha
District: Balasore
Market: Nilagiri
Arrival Date: 04/03/2019
Minimum Price: ₹500
Maximum Price: ₹600
Modal Price: ₹550"
"What is the price of Carrot in Nilagiri market of Balasore, Odisha?","Commodity: Carrot
Variety: Other
State: Odisha
District: Balasore
Market: Nilagiri
Arrival Date: 04/03/2019
Minimum Price: ₹1400
Maximum Price: ₹1500
Modal Price: ₹1450"
"What is the price of Garlic in Nilagiri market of Balasore, Odisha?","Commodity: Garlic
Variety: Other
State: Odisha
District: Balasore
Market: Nilagiri
Arrival Date: 04/03/2019
Minimum Price: ₹2800
Maximum Price: ₹3000
Modal Price: ₹2900"
"What is the price of Tomato in Nilagiri market of Balasore, Odisha?","Commodity: Tomato
Variety: Other
State: Odisha
District: Balasore
Market: Nilagiri
Arrival Date: 04/03/2019
Minimum Price: ₹550
Maximum Price: ₹650
Modal Price: ₹600"
"What is the price of Paddy(Dhan)(Common) in Godabhaga market of Bargarh, Odisha?","Commodity: Paddy(Dhan)(Common)
Variety: Other
State: Odisha
District: Bargarh
Market: Godabhaga
Arrival Date: 04/03/2019
Minimum Price: ₹1750
Maximum Price: ₹1770
Modal Price: ₹1750"
"What is the price of Banana - Green in Hindol market of Dhenkanal, Odisha?","Commodity: Banana - Green
Variety: Other
State: Odisha
District: Dhenkanal
Market: Hindol
Arrival Date: 04/03/2019
Minimum Price: ₹2500
Maximum Price: ₹3000
Modal Price: ₹2800"
"What is the price of Beans in Hindol market of Dhenkanal, Odisha?","Commodity: Beans
Variety: Other
State: Odisha
District: Dhenkanal
Market: Hindol
Arrival Date: 04/03/2019
Minimum Price: ₹2400
Maximum Price: ₹2600
Modal Price: ₹2500"
"What is the price of Bhindi(Ladies Finger) in Hindol market of Dhenkanal, Odisha?","Commodity: Bhindi(Ladies Finger)
Variety: Bhindi
State: Odisha
District: Dhenkanal
Market: Hindol
Arrival Date: 04/03/2019
Minimum Price: ₹3500
Maximum Price: ₹4000
Modal Price: ₹3800"
"What is the price of Bitter gourd in Hindol market of Dhenkanal, Odisha?","Commodity: Bitter gourd
Variety: Bitter Gourd
State: Odisha
District: Dhenkanal
Market: Hindol
Arrival Date: 04/03/2019
Minimum Price: ₹4000
Maximum Price: ₹4500
Modal Price: ₹4200"
"What is the price of Brinjal in Hindol market of Dhenkanal, Odisha?","Commodity: Brinjal
Variety: Brinjal
State: Odisha
District: Dhenkanal
Market: Hindol
Arrival Date: 04/03/2019
Minimum Price: ₹800
Maximum Price: ₹1200
Modal Price: ₹1000"
"What is the price of Cucumbar(Kheera) in Hindol market of Dhenkanal, Odisha?","Commodity: Cucumbar(Kheera)
Variety: Cucumbar
State: Odisha
District: Dhenkanal
Market: Hindol
Arrival Date: 04/03/2019
Minimum Price: ₹2200
Maximum Price: ₹2500
Modal Price: ₹2400"
"What is the price of Onion in Hindol market of Dhenkanal, Odisha?","Commodity: Onion
Variety: Other
State: Odisha
District: Dhenkanal
Market: Hindol
Arrival Date: 04/03/2019
Minimum Price: ₹1200
Maximum Price: ₹1400
Modal Price: ₹1300"
"What is the price of Potato in Hindol market of Dhenkanal, Odisha?","Commodity: Potato
Variety: Potato
State: Odisha
District: Dhenkanal
Market: Hindol
Arrival Date: 04/03/2019
Minimum Price: ₹800
Maximum Price: ₹1000
Modal Price: ₹900"
"What is the price of Pumpkin in Hindol market of Dhenkanal, Odisha?","Commodity: Pumpkin
Variety: Pumpkin
State: Odisha
District: Dhenkanal
Market: Hindol
Arrival Date: 04/03/2019
Minimum Price: ₹1200
Maximum Price: ₹1400
Modal Price: ₹1300"
"What is the price of Tomato in Hindol market of Dhenkanal, Odisha?","Commodity: Tomato
Variety: Tomato
State: Odisha
District: Dhenkanal
Market: Hindol
Arrival Date: 04/03/2019
Minimum Price: ₹700
Maximum Price: ₹1000
Modal Price: ₹800"
"What is the price of Banana in Kasinagar market of Gajapati, Odisha?","Commodity: Banana
Variety: Banana - Ripe
State: Odisha
District: Gajapati
Market: Kasinagar
Arrival Date: 04/03/2019
Minimum Price: ₹2500
Maximum Price: ₹3000
Modal Price: ₹3000"
"What is the price of Bhindi(Ladies Finger) in Kasinagar market of Gajapati, Odisha?","Commodity: Bhindi(Ladies Finger)
Variety: Other
State: Odisha
District: Gajapati
Market: Kasinagar
Arrival Date: 04/03/2019
Minimum Price: ₹2500
Maximum Price: ₹3000
Modal Price: ₹3000"
"What is the price of Brinjal in Kasinagar market of Gajapati, Odisha?","Commodity: Brinjal
Variety: Other
State: Odisha
District: Gajapati
Market: Kasinagar
Arrival Date: 04/03/2019
Minimum Price: ₹800
Maximum Price: ₹1000
Modal Price: ₹1000"
"What is the price of Tomato in Kasinagar market of Gajapati, Odisha?","Commodity: Tomato
Variety: Other
State: Odisha
District: Gajapati
Market: Kasinagar
Arrival Date: 04/03/2019
Minimum Price: ₹1000
Maximum Price: ₹1200
Modal Price: ₹1200"
"What is the price of Water Melon in Kasinagar market of Gajapati, Odisha?","Commodity: Water Melon
Variety: Other
State: Odisha
District: Gajapati
Market: Kasinagar
Arrival Date: 04/03/2019
Minimum Price: ₹2500
Maximum Price: ₹3000
Modal Price: ₹3000"
"What is the price of Banana in Parlakhemundi market of Gajapati, Odisha?","Commodity: Banana
Variety: Other
State: Odisha
District: Gajapati
Market: Parlakhemundi
Arrival Date: 04/03/2019
Minimum Price: ₹2500
Maximum Price: ₹3000
Modal Price: ₹3000"
"What is the price of Coconut in Parlakhemundi market of Gajapati, Odisha?","Commodity: Coconut
Variety: Other
State: Odisha
District: Gajapati
Market: Parlakhemundi
Arrival Date: 04/03/2019
Minimum Price: ₹1400
Maximum Price: ₹1500
Modal Price: ₹1500"
"What is the price of Brinjal in Bhanjanagar market of Ganjam, Odisha?","Commodity: Brinjal
Variety: Other
State: Odisha
District: Ganjam
Market: Bhanjanagar
Arrival Date: 04/03/2019
Minimum Price: ₹1400
Maximum Price: ₹1600
Modal Price: ₹1500"
"What is the price of Onion in Bhanjanagar market of Ganjam, Odisha?","Commodity: Onion
Variety: Other
State: Odisha
District: Ganjam
Market: Bhanjanagar
Arrival Date: 04/03/2019
Minimum Price: ₹1300
Maximum Price: ₹1500
Modal Price: ₹1400"
"What is the price of Paddy(Dhan)(Common) in Bhanjanagar market of Ganjam, Odisha?","Commodity: Paddy(Dhan)(Common)
Variety: Common
State: Odisha
District: Ganjam
Market: Bhanjanagar
Arrival Date: 04/03/2019
Minimum Price: ₹1750
Maximum Price: ₹1750
Modal Price: ₹1750"
"What is the price of Brinjal in Digapahandi market of Ganjam, Odisha?","Commodity: Brinjal
Variety: Other
State: Odisha
District: Ganjam
Market: Digapahandi
Arrival Date: 04/03/2019
Minimum Price: ₹3000
Maximum Price: ₹3500
Modal Price: ₹3200"
"What is the price of Maize in Digapahandi market of Ganjam, Odisha?","Commodity: Maize
Variety: Other
State: Odisha
District: Ganjam
Market: Digapahandi
Arrival Date: 04/03/2019
Minimum Price: ₹1300
Maximum Price: ₹1420
Modal Price: ₹1350"
"What is the price of Onion in Jharsuguda market of Jharsuguda, Odisha?","Commodity: Onion
Variety: Other
State: Odisha
District: Jharsuguda
Market: Jharsuguda
Arrival Date: 04/03/2019
Minimum Price: ₹1000
Maximum Price: ₹1400
Modal Price: ₹1300"
"What is the price of Potato in Jharsuguda market of Jharsuguda, Odisha?","Commodity: Potato
Variety: Other
State: Odisha
District: Jharsuguda
Market: Jharsuguda
Arrival Date: 04/03/2019
Minimum Price: ₹800
Maximum Price: ₹1000
Modal Price: ₹900"
"What is the price of Beans in Betnoti market of Mayurbhanja, Odisha?","Commodity: Beans
Variety: Other
State: Odisha
District: Mayurbhanja
Market: Betnoti
Arrival Date: 04/03/2019
Minimum Price: ₹2500
Maximum Price: ₹3000
Modal Price: ₹2800"
"What is the price of Bitter gourd in Betnoti market of Mayurbhanja, Odisha?","Commodity: Bitter gourd
Variety: Bitter Gourd
State: Odisha
District: Mayurbhanja
Market: Betnoti
Arrival Date: 04/03/2019
Minimum Price: ₹2500
Maximum Price: ₹3000
Modal Price: ₹2800"
"What is the price of Brinjal in Betnoti market of Mayurbhanja, Odisha?","Commodity: Brinjal
Variety: Other
State: Odisha
District: Mayurbhanja
Market: Betnoti
Arrival Date: 04/03/2019
Minimum Price: ₹600
Maximum Price: ₹1000
Modal Price: ₹700"
"What is the price of Cabbage in Betnoti market of Mayurbhanja, Odisha?","Commodity: Cabbage
Variety: Cabbage
State: Odisha
District: Mayurbhanja
Market: Betnoti
Arrival Date: 04/03/2019
Minimum Price: ₹500
Maximum Price: ₹700
Modal Price: ₹600"
"What is the price of Cauliflower in Betnoti market of Mayurbhanja, Odisha?","Commodity: Cauliflower
Variety: Cauliflower
State: Odisha
District: Mayurbhanja
Market: Betnoti
Arrival Date: 04/03/2019
Minimum Price: ₹1400
Maximum Price: ₹1600
Modal Price: ₹1500"
"What is the price of Cucumbar(Kheera) in Betnoti market of Mayurbhanja, Odisha?","Commodity: Cucumbar(Kheera)
Variety: Cucumbar
State: Odisha
District: Mayurbhanja
Market: Betnoti
Arrival Date: 04/03/2019
Minimum Price: ₹3000
Maximum Price: ₹4000
Modal Price: ₹3500"
"What is the price of Leafy Vegetable in Betnoti market of Mayurbhanja, Odisha?","Commodity: Leafy Vegetable
Variety: Other
State: Odisha
District: Mayurbhanja
Market: Betnoti
Arrival Date: 04/03/2019
Minimum Price: ₹1400
Maximum Price: ₹1600
Modal Price: ₹1500"
"What is the price of Onion in Betnoti market of Mayurbhanja, Odisha?","Commodity: Onion
Variety: Other
State: Odisha
District: Mayurbhanja
Market: Betnoti
Arrival Date: 04/03/2019
Minimum Price: ₹1300
Maximum Price: ₹1500
Modal Price: ₹1400"
"What is the price of Potato in Betnoti market of Mayurbhanja, Odisha?","Commodity: Potato
Variety: Potato
State: Odisha
District: Mayurbhanja
Market: Betnoti
Arrival Date: 04/03/2019
Minimum Price: ₹500
Maximum Price: ₹700
Modal Price: ₹600"
"What is the price of Rice in Betnoti market of Mayurbhanja, Odisha?","Commodity: Rice
Variety: Sanna Bhatta
State: Odisha
District: Mayurbhanja
Market: Betnoti
Arrival Date: 04/03/2019
Minimum Price: ₹2000
Maximum Price: ₹2500
Modal Price: ₹2200"
"What is the price of Tomato in Betnoti market of Mayurbhanja, Odisha?","Commodity: Tomato
Variety: Tomato
State: Odisha
District: Mayurbhanja
Market: Betnoti
Arrival Date: 04/03/2019
Minimum Price: ₹700
Maximum Price: ₹1000
Modal Price: ₹800"
"What is the price of Bhindi(Ladies Finger) in Saraskana market of Mayurbhanja, Odisha?","Commodity: Bhindi(Ladies Finger)
Variety: Bhindi
State: Odisha
District: Mayurbhanja
Market: Saraskana
Arrival Date: 04/03/2019
Minimum Price: ₹6000
Maximum Price: ₹7000
Modal Price: ₹6500"
"What is the price of Bitter gourd in Saraskana market of Mayurbhanja, Odisha?","Commodity: Bitter gourd
Variety: Bitter Gourd
State: Odisha
District: Mayurbhanja
Market: Saraskana
Arrival Date: 04/03/2019
Minimum Price: ₹7000
Maximum Price: ₹8000
Modal Price: ₹7500"
"What is the price of Brinjal in Saraskana market of Mayurbhanja, Odisha?","Commodity: Brinjal
Variety: Brinjal
State: Odisha
District: Mayurbhanja
Market: Saraskana
Arrival Date: 04/03/2019
Minimum Price: ₹1200
Maximum Price: ₹1500
Modal Price: ₹1400"
"What is the price of Cabbage in Saraskana market of Mayurbhanja, Odisha?","Commodity: Cabbage
Variety: Cabbage
State: Odisha
District: Mayurbhanja
Market: Saraskana
Arrival Date: 04/03/2019
Minimum Price: ₹600
Maximum Price: ₹800
Modal Price: ₹700"
"What is the price of Cauliflower in Saraskana market of Mayurbhanja, Odisha?","Commodity: Cauliflower
Variety: Cauliflower
State: Odisha
District: Mayurbhanja
Market: Saraskana
Arrival Date: 04/03/2019
Minimum Price: ₹700
Maximum Price: ₹1000
Modal Price: ₹800"
"What is the price of Pumpkin in Saraskana market of Mayurbhanja, Odisha?","Commodity: Pumpkin
Variety: Pumpkin
State: Odisha
District: Mayurbhanja
Market: Saraskana
Arrival Date: 04/03/2019
Minimum Price: ₹1000
Maximum Price: ₹1200
Modal Price: ₹1100"
"What is the price of Tomato in Saraskana market of Mayurbhanja, Odisha?","Commodity: Tomato
Variety: Tomato
State: Odisha
District: Mayurbhanja
Market: Saraskana
Arrival Date: 04/03/2019
Minimum Price: ₹700
Maximum Price: ₹1000
Modal Price: ₹800"
"What is the price of Broken Rice in Nawarangpur market of Nowarangpur, Odisha?","Commodity: Broken Rice
Variety: Broken Rice
State: Odisha
District: Nowarangpur
Market: Nawarangpur
Arrival Date: 04/03/2019
Minimum Price: ₹1200
Maximum Price: ₹1200
Modal Price: ₹1200"
"What is the price of Gur(Jaggery) in Nawarangpur market of Nowarangpur, Odisha?","Commodity: Gur(Jaggery)
Variety: NO 2
State: Odisha
District: Nowarangpur
Market: Nawarangpur
Arrival Date: 04/03/2019
Minimum Price: ₹2000
Maximum Price: ₹2000
Modal Price: ₹2000"
"What is the price of Maize in Nawarangpur market of Nowarangpur, Odisha?","Commodity: Maize
Variety: Hybrid/Local
State: Odisha
District: Nowarangpur
Market: Nawarangpur
Arrival Date: 04/03/2019
Minimum Price: ₹1400
Maximum Price: ₹1550
Modal Price: ₹1400"
"What is the price of Banana - Green in Bonai market of Sundergarh, Odisha?","Commodity: Banana - Green
Variety: Other
State: Odisha
District: Sundergarh
Market: Bonai
Arrival Date: 04/03/2019
Minimum Price: ₹4000
Maximum Price: ₹4000
Modal Price: ₹4000"
"What is the price of Bhindi(Ladies Finger) in Bonai market of Sundergarh, Odisha?","Commodity: Bhindi(Ladies Finger)
Variety: Other
State: Odisha
District: Sundergarh
Market: Bonai
Arrival Date: 04/03/2019
Minimum Price: ₹4000
Maximum Price: ₹4000
Modal Price: ₹4000"
"What is the price of Black Gram (Urd Beans)(Whole) in Bonai market of Sundergarh, Odisha?","Commodity: Black Gram (Urd Beans)(Whole)
Variety: Local
State: Odisha
District: Sundergarh
Market: Bonai
Arrival Date: 04/03/2019
Minimum Price: ₹5600
Maximum Price: ₹9000
Modal Price: ₹9000"
"What is the price of Black Gram (Urd Beans)(Whole) in Bonai market of Sundergarh, Odisha?","Commodity: Black Gram (Urd Beans)(Whole)
Variety: Other
State: Odisha
District: Sundergarh
Market: Bonai
Arrival Date: 04/03/2019
Minimum Price: ₹5600
Maximum Price: ₹9000
Modal Price: ₹9000"
"What is the price of Brinjal in Bonai market of Sundergarh, Odisha?","Commodity: Brinjal
Variety: Other
State: Odisha
District: Sundergarh
Market: Bonai
Arrival Date: 04/03/2019
Minimum Price: ₹2000
Maximum Price: ₹2000
Modal Price: ₹2000"
"What is the price of Cabbage in Bonai market of Sundergarh, Odisha?","Commodity: Cabbage
Variety: Other
State: Odisha
District: Sundergarh
Market: Bonai
Arrival Date: 04/03/2019
Minimum Price: ₹1000
Maximum Price: ₹1000
Modal Price: ₹1000"
"What is the price of Capsicum in Bonai market of Sundergarh, Odisha?","Commodity: Capsicum
Variety: Other
State: Odisha
District: Sundergarh
Market: Bonai
Arrival Date: 04/03/2019
Minimum Price: ₹4000
Maximum Price: ₹4000
Modal Price: ₹4000"
"What is the price of Carrot in Bonai market of Sundergarh, Odisha?","Commodity: Carrot
Variety: Other
State: Odisha
District: Sundergarh
Market: Bonai
Arrival Date: 04/03/2019
Minimum Price: ₹1000
Maximum Price: ₹2000
Modal Price: ₹1000"
"What is the price of Cauliflower in Bonai market of Sundergarh, Odisha?","Commodity: Cauliflower
Variety: Other
State: Odisha
District: Sundergarh
Market: Bonai
Arrival Date: 04/03/2019
Minimum Price: ₹1000
Maximum Price: ₹1000
Modal Price: ₹1000"
"What is the price of Cucumbar(Kheera) in Bonai market of Sundergarh, Odisha?","Commodity: Cucumbar(Kheera)
Variety: Other
State: Odisha
District: Sundergarh
Market: Bonai
Arrival Date: 04/03/2019
Minimum Price: ₹4000
Maximum Price: ₹4000
Modal Price: ₹4000"
"What is the price of French Beans (Frasbean) in Bonai market of Sundergarh, Odisha?","Commodity: French Beans (Frasbean)
Variety: Other
State: Odisha
District: Sundergarh
Market: Bonai
Arrival Date: 04/03/2019
Minimum Price: ₹4000
Maximum Price: ₹4000
Modal Price: ₹4000"
"What is the price of Onion in Bonai market of Sundergarh, Odisha?","Commodity: Onion
Variety: Onion
State: Odisha
District: Sundergarh
Market: Bonai
Arrival Date: 04/03/2019
Minimum Price: ₹1500
Maximum Price: ₹1500
Modal Price: ₹1500"
"What is the price of Onion in Bonai market of Sundergarh, Odisha?","Commodity: Onion
Variety: Other
State: Odisha
District: Sundergarh
Market: Bonai
Arrival Date: 04/03/2019
Minimum Price: ₹1500
Maximum Price: ₹1500
Modal Price: ₹1500"
"What is the price of Orange in Bonai market of Sundergarh, Odisha?","Commodity: Orange
Variety: Other
State: Odisha
District: Sundergarh
Market: Bonai
Arrival Date: 04/03/2019
Minimum Price: ₹8000
Maximum Price: ₹8000
Modal Price: ₹8000"
"What is the price of Orange in Bonai market of Sundergarh, Odisha?","Commodity: Orange
Variety: Other
State: Odisha
District: Sundergarh
Market: Bonai
Arrival Date: 04/03/2019
Minimum Price: ₹8000
Maximum Price: ₹8000
Modal Price: ₹8000"
"What is the price of Orange in Bonai market of Sundergarh, Odisha?","Commodity: Orange
Variety: Other
State: Odisha
District: Sundergarh
Market: Bonai
Arrival Date: 04/03/2019
Minimum Price: ₹8000
Maximum Price: ₹8000
Modal Price: ₹8000"
"What is the price of Paddy(Dhan)(Common) in Bonai market of Sundergarh, Odisha?","Commodity: Paddy(Dhan)(Common)
Variety: Other
State: Odisha
District: Sundergarh
Market: Bonai
Arrival Date: 04/03/2019
Minimum Price: ₹1750
Maximum Price: ₹1790
Modal Price: ₹1790"
"What is the price of Potato in Bonai market of Sundergarh, Odisha?","Commodity: Potato
Variety: Other
State: Odisha
District: Sundergarh
Market: Bonai
Arrival Date: 04/03/2019
Minimum Price: ₹1000
Maximum Price: ₹1000
Modal Price: ₹1000"
"What is the price of Rice in Bonai market of Sundergarh, Odisha?","Commodity: Rice
Variety: Other
State: Odisha
District: Sundergarh
Market: Bonai
Arrival Date: 04/03/2019
Minimum Price: ₹3000
Maximum Price: ₹3000
Modal Price: ₹3000"
"What is the price of Sugar in Bonai market of Sundergarh, Odisha?","Commodity: Sugar
Variety: Other
State: Odisha
District: Sundergarh
Market: Bonai
Arrival Date: 04/03/2019
Minimum Price: ₹4000
Maximum Price: ₹4000
Modal Price: ₹4000"
"What is the price of Tomato in Bonai market of Sundergarh, Odisha?","Commodity: Tomato
Variety: Other
State: Odisha
District: Sundergarh
Market: Bonai
Arrival Date: 04/03/2019
Minimum Price: ₹1000
Maximum Price: ₹1500
Modal Price: ₹1000"
"What is the price of Wheat in Bonai market of Sundergarh, Odisha?","Commodity: Wheat
Variety: Other
State: Odisha
District: Sundergarh
Market: Bonai
Arrival Date: 04/03/2019
Minimum Price: ₹1735
Maximum Price: ₹3000
Modal Price: ₹3000"
"What is the price of Wheat Atta in Bonai market of Sundergarh, Odisha?","Commodity: Wheat Atta
Variety: Wheat Atta
State: Odisha
District: Sundergarh
Market: Bonai
Arrival Date: 04/03/2019
Minimum Price: ₹3500
Maximum Price: ₹3500
Modal Price: ₹3500"
"What is the price of Brinjal in Panposh market of Sundergarh, Odisha?","Commodity: Brinjal
Variety: Other
State: Odisha
District: Sundergarh
Market: Panposh
Arrival Date: 04/03/2019
Minimum Price: ₹400
Maximum Price: ₹700
Modal Price: ₹600"
"What is the price of Cabbage in Panposh market of Sundergarh, Odisha?","Commodity: Cabbage
Variety: Other
State: Odisha
District: Sundergarh
Market: Panposh
Arrival Date: 04/03/2019
Minimum Price: ₹600
Maximum Price: ₹900
Modal Price: ₹800"
"What is the price of Cauliflower in Panposh market of Sundergarh, Odisha?","Commodity: Cauliflower
Variety: Other
State: Odisha
District: Sundergarh
Market: Panposh
Arrival Date: 04/03/2019
Minimum Price: ₹700
Maximum Price: ₹1000
Modal Price: ₹900"
"What is the price of Tomato in Panposh market of Sundergarh, Odisha?","Commodity: Tomato
Variety: Other
State: Odisha
District: Sundergarh
Market: Panposh
Arrival Date: 04/03/2019
Minimum Price: ₹600
Maximum Price: ₹1000
Modal Price: ₹900"
"What is the price of Copra in Karaikal market of Karaikal, Pondicherry?","Commodity: Copra
Variety: Copra
State: Pondicherry
District: Karaikal
Market: Karaikal
Arrival Date: 04/03/2019
Minimum Price: ₹9000
Maximum Price: ₹9000
Modal Price: ₹9000"
"What is the price of Paddy(Dhan)(Common) in Karaikal market of Karaikal, Pondicherry?","Commodity: Paddy(Dhan)(Common)
Variety: B P T
State: Pondicherry
District: Karaikal
Market: Karaikal
Arrival Date: 04/03/2019
Minimum Price: ₹1833
Maximum Price: ₹1833
Modal Price: ₹1833"
"What is the price of Paddy(Dhan)(Common) in Karaikal market of Karaikal, Pondicherry?","Commodity: Paddy(Dhan)(Common)
Variety: Fine
State: Pondicherry
District: Karaikal
Market: Karaikal
Arrival Date: 04/03/2019
Minimum Price: ₹1583
Maximum Price: ₹1750
Modal Price: ₹1667"
"What is the price of Paddy(Dhan)(Common) in Karaikal market of Karaikal, Pondicherry?","Commodity: Paddy(Dhan)(Common)
Variety: Other
State: Pondicherry
District: Karaikal
Market: Karaikal
Arrival Date: 04/03/2019
Minimum Price: ₹1583
Maximum Price: ₹1583
Modal Price: ₹1583"
"What is the price of Paddy(Dhan)(Common) in Karaikal market of Karaikal, Pondicherry?","Commodity: Paddy(Dhan)(Common)
Variety: Pommani
State: Pondicherry
District: Karaikal
Market: Karaikal
Arrival Date: 04/03/2019
Minimum Price: ₹1583
Maximum Price: ₹1583
Modal Price: ₹1583"
"What is the price of Paddy(Dhan)(Common) in Karaikal market of Karaikal, Pondicherry?","Commodity: Paddy(Dhan)(Common)
Variety: White Ponni
State: Pondicherry
District: Karaikal
Market: Karaikal
Arrival Date: 04/03/2019
Minimum Price: ₹1833
Maximum Price: ₹1833
Modal Price: ₹1833"
"What is the price of Sesamum(Sesame,Gingelly,Til) in Karaikal market of Karaikal, Pondicherry?","Commodity: Sesamum(Sesame,Gingelly,Til)
Variety: Sesame
State: Pondicherry
District: Karaikal
Market: Karaikal
Arrival Date: 04/03/2019
Minimum Price: ₹10000
Maximum Price: ₹10000
Modal Price: ₹10000"
"What is the price of Carrot in Chogawan market of Amritsar, Punjab?","Commodity: Carrot
Variety: Carrot
State: Punjab
District: Amritsar
Market: Chogawan
Arrival Date: 04/03/2019
Minimum Price: ₹700
Maximum Price: ₹900
Modal Price: ₹800"
"What is the price of Cauliflower in Chogawan market of Amritsar, Punjab?","Commodity: Cauliflower
Variety: Cauliflower
State: Punjab
District: Amritsar
Market: Chogawan
Arrival Date: 04/03/2019
Minimum Price: ₹800
Maximum Price: ₹1000
Modal Price: ₹900"
"What is the price of Peas cod in Chogawan market of Amritsar, Punjab?","Commodity: Peas cod
Variety: Peas cod
State: Punjab
District: Amritsar
Market: Chogawan
Arrival Date: 04/03/2019
Minimum Price: ₹700
Maximum Price: ₹900
Modal Price: ₹800"
"What is the price of Carrot in Mehta market of Amritsar, Punjab?","Commodity: Carrot
Variety: Carrot
State: Punjab
District: Amritsar
Market: Mehta
Arrival Date: 04/03/2019
Minimum Price: ₹700
Maximum Price: ₹820
Modal Price: ₹800"
"What is the price of Carrot in Dhanaula market of Barnala, Punjab?","Commodity: Carrot
Variety: Carrot
State: Punjab
District: Barnala
Market: Dhanaula
Arrival Date: 04/03/2019
Minimum Price: ₹400
Maximum Price: ₹550
Modal Price: ₹500"
"What is the price of Cauliflower in Dhanaula market of Barnala, Punjab?","Commodity: Cauliflower
Variety: Cauliflower
State: Punjab
District: Barnala
Market: Dhanaula
Arrival Date: 04/03/2019
Minimum Price: ₹450
Maximum Price: ₹650
Modal Price: ₹500"
"What is the price of Peas Wet in Dhanaula market of Barnala, Punjab?","Commodity: Peas Wet
Variety: Peas Wet
State: Punjab
District: Barnala
Market: Dhanaula
Arrival Date: 04/03/2019
Minimum Price: ₹1400
Maximum Price: ₹1600
Modal Price: ₹1500"
"What is the price of Raddish in Dhanaula market of Barnala, Punjab?","Commodity: Raddish
Variety: Raddish
State: Punjab
District: Barnala
Market: Dhanaula
Arrival Date: 04/03/2019
Minimum Price: ₹200
Maximum Price: ₹350
Modal Price: ₹300"
"What is the price of Onion in Bhucho market of Bhatinda, Punjab?","Commodity: Onion
Variety: Other
State: Punjab
District: Bhatinda
Market: Bhucho
Arrival Date: 04/03/2019
Minimum Price: ₹1400
Maximum Price: ₹1600
Modal Price: ₹1500"
"What is the price of Potato in Bhucho market of Bhatinda, Punjab?","Commodity: Potato
Variety: Other
State: Punjab
District: Bhatinda
Market: Bhucho
Arrival Date: 04/03/2019
Minimum Price: ₹400
Maximum Price: ₹500
Modal Price: ₹450"
"What is the price of Cauliflower in Dera Baba Nanak market of Gurdaspur, Punjab?","Commodity: Cauliflower
Variety: Other
State: Punjab
District: Gurdaspur
Market: Dera Baba Nanak
Arrival Date: 04/03/2019
Minimum Price: ₹600
Maximum Price: ₹800
Modal Price: ₹700"
"What is the price of Peas cod in Dera Baba Nanak market of Gurdaspur, Punjab?","Commodity: Peas cod
Variety: Other
State: Punjab
District: Gurdaspur
Market: Dera Baba Nanak
Arrival Date: 04/03/2019
Minimum Price: ₹900
Maximum Price: ₹1100
Modal Price: ₹1000"
"What is the price of Turnip in Dera Baba Nanak market of Gurdaspur, Punjab?","Commodity: Turnip
Variety: Other
State: Punjab
District: Gurdaspur
Market: Dera Baba Nanak
Arrival Date: 04/03/2019
Minimum Price: ₹600
Maximum Price: ₹800
Modal Price: ₹700"
"What is the price of Brinjal in Dhariwal market of Gurdaspur, Punjab?","Commodity: Brinjal
Variety: Brinjal
State: Punjab
District: Gurdaspur
Market: Dhariwal
Arrival Date: 04/03/2019
Minimum Price: ₹600
Maximum Price: ₹800
Modal Price: ₹700"
"What is the price of Carrot in Dhariwal market of Gurdaspur, Punjab?","Commodity: Carrot
Variety: Carrot
State: Punjab
District: Gurdaspur
Market: Dhariwal
Arrival Date: 04/03/2019
Minimum Price: ₹600
Maximum Price: ₹700
Modal Price: ₹650"
"What is the price of Cauliflower in Dhariwal market of Gurdaspur, Punjab?","Commodity: Cauliflower
Variety: Cauliflower
State: Punjab
District: Gurdaspur
Market: Dhariwal
Arrival Date: 04/03/2019
Minimum Price: ₹500
Maximum Price: ₹700
Modal Price: ₹580"
"What is the price of Onion in Dhariwal market of Gurdaspur, Punjab?","Commodity: Onion
Variety: Other
State: Punjab
District: Gurdaspur
Market: Dhariwal
Arrival Date: 04/03/2019
Minimum Price: ₹700
Maximum Price: ₹1000
Modal Price: ₹850"
"What is the price of Peas Wet in Dhariwal market of Gurdaspur, Punjab?","Commodity: Peas Wet
Variety: Peas Wet
State: Punjab
District: Gurdaspur
Market: Dhariwal
Arrival Date: 04/03/2019
Minimum Price: ₹500
Maximum Price: ₹800
Modal Price: ₹700"
"What is the price of Potato in Dhariwal market of Gurdaspur, Punjab?","Commodity: Potato
Variety: Other
State: Punjab
District: Gurdaspur
Market: Dhariwal
Arrival Date: 04/03/2019
Minimum Price: ₹300
Maximum Price: ₹450
Modal Price: ₹370"
"What is the price of Raddish in Dhariwal market of Gurdaspur, Punjab?","Commodity: Raddish
Variety: Raddish
State: Punjab
District: Gurdaspur
Market: Dhariwal
Arrival Date: 04/03/2019
Minimum Price: ₹300
Maximum Price: ₹500
Modal Price: ₹420"
"What is the price of Brinjal in Kalanaur market of Gurdaspur, Punjab?","Commodity: Brinjal
Variety: Other
State: Punjab
District: Gurdaspur
Market: Kalanaur
Arrival Date: 04/03/2019
Minimum Price: ₹1400
Maximum Price: ₹1550
Modal Price: ₹1450"
"What is the price of Capsicum in Kalanaur market of Gurdaspur, Punjab?","Commodity: Capsicum
Variety: Capsicum
State: Punjab
District: Gurdaspur
Market: Kalanaur
Arrival Date: 04/03/2019
Minimum Price: ₹1900
Maximum Price: ₹2150
Modal Price: ₹2050"
"What is the price of Green Chilli in Kalanaur market of Gurdaspur, Punjab?","Commodity: Green Chilli
Variety: Other
State: Punjab
District: Gurdaspur
Market: Kalanaur
Arrival Date: 04/03/2019
Minimum Price: ₹1300
Maximum Price: ₹1600
Modal Price: ₹1500"
"What is the price of Brinjal in Dasuya market of Hoshiarpur, Punjab?","Commodity: Brinjal
Variety: Other
State: Punjab
District: Hoshiarpur
Market: Dasuya
Arrival Date: 04/03/2019
Minimum Price: ₹1500
Maximum Price: ₹2000
Modal Price: ₹2000"
"What is the price of Cabbage in Dasuya market of Hoshiarpur, Punjab?","Commodity: Cabbage
Variety: Other
State: Punjab
District: Hoshiarpur
Market: Dasuya
Arrival Date: 04/03/2019
Minimum Price: ₹400
Maximum Price: ₹500
Modal Price: ₹500"
"What is the price of Capsicum in Dasuya market of Hoshiarpur, Punjab?","Commodity: Capsicum
Variety: Other
State: Punjab
District: Hoshiarpur
Market: Dasuya
Arrival Date: 04/03/2019
Minimum Price: ₹2500
Maximum Price: ₹3000
Modal Price: ₹3000"
"What is the price of Carrot in Dasuya market of Hoshiarpur, Punjab?","Commodity: Carrot
Variety: Other
State: Punjab
District: Hoshiarpur
Market: Dasuya
Arrival Date: 04/03/2019
Minimum Price: ₹500
Maximum Price: ₹700
Modal Price: ₹700"
"What is the price of Cauliflower in Dasuya market of Hoshiarpur, Punjab?","Commodity: Cauliflower
Variety: Other
State: Punjab
District: Hoshiarpur
Market: Dasuya
Arrival Date: 04/03/2019
Minimum Price: ₹600
Maximum Price: ₹800
Modal Price: ₹800"
"What is the price of Cucumbar(Kheera) in Dasuya market of Hoshiarpur, Punjab?","Commodity: Cucumbar(Kheera)
Variety: Other
State: Punjab
District: Hoshiarpur
Market: Dasuya
Arrival Date: 04/03/2019
Minimum Price: ₹2000
Maximum Price: ₹2500
Modal Price: ₹2500"
"What is the price of Field Pea in Dasuya market of Hoshiarpur, Punjab?","Commodity: Field Pea
Variety: Other
State: Punjab
District: Hoshiarpur
Market: Dasuya
Arrival Date: 04/03/2019
Minimum Price: ₹1000
Maximum Price: ₹1500
Modal Price: ₹1500"
"What is the price of Ginger(Green) in Dasuya market of Hoshiarpur, Punjab?","Commodity: Ginger(Green)
Variety: Other
State: Punjab
District: Hoshiarpur
Market: Dasuya
Arrival Date: 04/03/2019
Minimum Price: ₹7000
Maximum Price: ₹7500
Modal Price: ₹7500"
"What is the price of Grapes in Dasuya market of Hoshiarpur, Punjab?","Commodity: Grapes
Variety: Other
State: Punjab
District: Hoshiarpur
Market: Dasuya
Arrival Date: 04/03/2019
Minimum Price: ₹4500
Maximum Price: ₹5000
Modal Price: ₹5000"
"What is the price of Grapes in Dasuya market of Hoshiarpur, Punjab?","Commodity: Grapes
Variety: Other
State: Punjab
District: Hoshiarpur
Market: Dasuya
Arrival Date: 04/03/2019
Minimum Price: ₹2500
Maximum Price: ₹3000
Modal Price: ₹3000"
"What is the price of Green Chilli in Dasuya market of Hoshiarpur, Punjab?","Commodity: Green Chilli
Variety: Other
State: Punjab
District: Hoshiarpur
Market: Dasuya
Arrival Date: 04/03/2019
Minimum Price: ₹4500
Maximum Price: ₹5000
Modal Price: ₹5000"
"What is the price of Kinnow in Dasuya market of Hoshiarpur, Punjab?","Commodity: Kinnow
Variety: Other
State: Punjab
District: Hoshiarpur
Market: Dasuya
Arrival Date: 04/03/2019
Minimum Price: ₹1600
Maximum Price: ₹2000
Modal Price: ₹2000"
"What is the price of Kinnow in Dasuya market of Hoshiarpur, Punjab?","Commodity: Kinnow
Variety: Other
State: Punjab
District: Hoshiarpur
Market: Dasuya
Arrival Date: 04/03/2019
Minimum Price: ₹800
Maximum Price: ₹1200
Modal Price: ₹1200"
"What is the price of Kinnow in Dasuya market of Hoshiarpur, Punjab?","Commodity: Kinnow
Variety: Other
State: Punjab
District: Hoshiarpur
Market: Dasuya
Arrival Date: 04/03/2019
Minimum Price: ₹400
Maximum Price: ₹500
Modal Price: ₹500"
"What is the price of Onion in Dasuya market of Hoshiarpur, Punjab?","Commodity: Onion
Variety: Other
State: Punjab
District: Hoshiarpur
Market: Dasuya
Arrival Date: 04/03/2019
Minimum Price: ₹600
Maximum Price: ₹800
Modal Price: ₹800"
"What is the price of Papaya in Dasuya market of Hoshiarpur, Punjab?","Commodity: Papaya
Variety: Other
State: Punjab
District: Hoshiarpur
Market: Dasuya
Arrival Date: 04/03/2019
Minimum Price: ₹1200
Maximum Price: ₹1500
Modal Price: ₹1500"
"What is the price of Potato in Dasuya market of Hoshiarpur, Punjab?","Commodity: Potato
Variety: Other
State: Punjab
District: Hoshiarpur
Market: Dasuya
Arrival Date: 04/03/2019
Minimum Price: ₹450
Maximum Price: ₹500
Modal Price: ₹500"
"What is the price of Raddish in Dasuya market of Hoshiarpur, Punjab?","Commodity: Raddish
Variety: Other
State: Punjab
District: Hoshiarpur
Market: Dasuya
Arrival Date: 04/03/2019
Minimum Price: ₹500
Maximum Price: ₹600
Modal Price: ₹600"
"What is the price of Spinach in Dasuya market of Hoshiarpur, Punjab?","Commodity: Spinach
Variety: Other
State: Punjab
District: Hoshiarpur
Market: Dasuya
Arrival Date: 04/03/2019
Minimum Price: ₹500
Maximum Price: ₹700
Modal Price: ₹700"
"What is the price of Tomato in Dasuya market of Hoshiarpur, Punjab?","Commodity: Tomato
Variety: Other
State: Punjab
District: Hoshiarpur
Market: Dasuya
Arrival Date: 04/03/2019
Minimum Price: ₹1500
Maximum Price: ₹2000
Modal Price: ₹2000"
"What is the price of Amphophalus in Adampur market of Jalandhar, Punjab?","Commodity: Amphophalus
Variety: Other
State: Punjab
District: Jalandhar
Market: Adampur
Arrival Date: 04/03/2019
Minimum Price: ₹1800
Maximum Price: ₹2000
Modal Price: ₹2000"
"What is the price of Bhindi(Ladies Finger) in Adampur market of Jalandhar, Punjab?","Commodity: Bhindi(Ladies Finger)
Variety: Other
State: Punjab
District: Jalandhar
Market: Adampur
Arrival Date: 04/03/2019
Minimum Price: ₹4000
Maximum Price: ₹5000
Modal Price: ₹5000"
"What is the price of Brinjal in Adampur market of Jalandhar, Punjab?","Commodity: Brinjal
Variety: Other
State: Punjab
District: Jalandhar
Market: Adampur
Arrival Date: 04/03/2019
Minimum Price: ₹1500
Maximum Price: ₹2000
Modal Price: ₹2000"
"What is the price of Cabbage in Adampur market of Jalandhar, Punjab?","Commodity: Cabbage
Variety: Other
State: Punjab
District: Jalandhar
Market: Adampur
Arrival Date: 04/03/2019
Minimum Price: ₹300
Maximum Price: ₹400
Modal Price: ₹400"
"What is the price of Capsicum in Adampur market of Jalandhar, Punjab?","Commodity: Capsicum
Variety: Other
State: Punjab
District: Jalandhar
Market: Adampur
Arrival Date: 04/03/2019
Minimum Price: ₹3000
Maximum Price: ₹4000
Modal Price: ₹4000"
"What is the price of Carrot in Adampur market of Jalandhar, Punjab?","Commodity: Carrot
Variety: Other
State: Punjab
District: Jalandhar
Market: Adampur
Arrival Date: 04/03/2019
Minimum Price: ₹400
Maximum Price: ₹500
Modal Price: ₹500"
"What is the price of Cauliflower in Adampur market of Jalandhar, Punjab?","Commodity: Cauliflower
Variety: Other
State: Punjab
District: Jalandhar
Market: Adampur
Arrival Date: 04/03/2019
Minimum Price: ₹600
Maximum Price: ₹700
Modal Price: ₹700"
"What is the price of Coriander(Leaves) in Adampur market of Jalandhar, Punjab?","Commodity: Coriander(Leaves)
Variety: Other
State: Punjab
District: Jalandhar
Market: Adampur
Arrival Date: 04/03/2019
Minimum Price: ₹800
Maximum Price: ₹1000
Modal Price: ₹1000"
"What is the price of Cucumbar(Kheera) in Adampur market of Jalandhar, Punjab?","Commodity: Cucumbar(Kheera)
Variety: Other
State: Punjab
District: Jalandhar
Market: Adampur
Arrival Date: 04/03/2019
Minimum Price: ₹2000
Maximum Price: ₹2500
Modal Price: ₹2500"
"What is the price of Garlic in Adampur market of Jalandhar, Punjab?","Commodity: Garlic
Variety: Other
State: Punjab
District: Jalandhar
Market: Adampur
Arrival Date: 04/03/2019
Minimum Price: ₹3500
Maximum Price: ₹4000
Modal Price: ₹4000"
"What is the price of Ginger(Green) in Adampur market of Jalandhar, Punjab?","Commodity: Ginger(Green)
Variety: Other
State: Punjab
District: Jalandhar
Market: Adampur
Arrival Date: 04/03/2019
Minimum Price: ₹6500
Maximum Price: ₹7000
Modal Price: ₹7000"
"What is the price of Green Chilli in Adampur market of Jalandhar, Punjab?","Commodity: Green Chilli
Variety: Other
State: Punjab
District: Jalandhar
Market: Adampur
Arrival Date: 04/03/2019
Minimum Price: ₹4000
Maximum Price: ₹5000
Modal Price: ₹5000"
"What is the price of Kinnow in Adampur market of Jalandhar, Punjab?","Commodity: Kinnow
Variety: Other
State: Punjab
District: Jalandhar
Market: Adampur
Arrival Date: 04/03/2019
Minimum Price: ₹1000
Maximum Price: ₹1200
Modal Price: ₹1200"
"What is the price of Onion in Adampur market of Jalandhar, Punjab?","Commodity: Onion
Variety: Other
State: Punjab
District: Jalandhar
Market: Adampur
Arrival Date: 04/03/2019
Minimum Price: ₹700
Maximum Price: ₹800
Modal Price: ₹800"
"What is the price of Peas Wet in Adampur market of Jalandhar, Punjab?","Commodity: Peas Wet
Variety: Other
State: Punjab
District: Jalandhar
Market: Adampur
Arrival Date: 04/03/2019
Minimum Price: ₹1000
Maximum Price: ₹1500
Modal Price: ₹1500"
"What is the price of Potato in Adampur market of Jalandhar, Punjab?","Commodity: Potato
Variety: Other
State: Punjab
District: Jalandhar
Market: Adampur
Arrival Date: 04/03/2019
Minimum Price: ₹400
Maximum Price: ₹500
Modal Price: ₹500"
"What is the price of Raddish in Adampur market of Jalandhar, Punjab?","Commodity: Raddish
Variety: Other
State: Punjab
District: Jalandhar
Market: Adampur
Arrival Date: 04/03/2019
Minimum Price: ₹300
Maximum Price: ₹400
Modal Price: ₹400"
"What is the price of Spinach in Adampur market of Jalandhar, Punjab?","Commodity: Spinach
Variety: Other
State: Punjab
District: Jalandhar
Market: Adampur
Arrival Date: 04/03/2019
Minimum Price: ₹800
Maximum Price: ₹900
Modal Price: ₹900"
"What is the price of Tomato in Adampur market of Jalandhar, Punjab?","Commodity: Tomato
Variety: Other
State: Punjab
District: Jalandhar
Market: Adampur
Arrival Date: 04/03/2019
Minimum Price: ₹2000
Maximum Price: ₹2500
Modal Price: ₹2500"
"What is the price of Turnip in Adampur market of Jalandhar, Punjab?","Commodity: Turnip
Variety: Other
State: Punjab
District: Jalandhar
Market: Adampur
Arrival Date: 04/03/2019
Minimum Price: ₹300
Maximum Price: ₹400
Modal Price: ₹400"
"What is the price of Cabbage in Lohian Khas market of Jalandhar, Punjab?","Commodity: Cabbage
Variety: Other
State: Punjab
District: Jalandhar
Market: Lohian Khas
Arrival Date: 04/03/2019
Minimum Price: ₹200
Maximum Price: ₹400
Modal Price: ₹300"
"What is the price of Carrot in Lohian Khas market of Jalandhar, Punjab?","Commodity: Carrot
Variety: Other
State: Punjab
District: Jalandhar
Market: Lohian Khas
Arrival Date: 04/03/2019
Minimum Price: ₹200
Maximum Price: ₹400
Modal Price: ₹300"
"What is the price of Cauliflower in Lohian Khas market of Jalandhar, Punjab?","Commodity: Cauliflower
Variety: Other
State: Punjab
District: Jalandhar
Market: Lohian Khas
Arrival Date: 04/03/2019
Minimum Price: ₹100
Maximum Price: ₹300
Modal Price: ₹200"
"What is the price of Peas Wet in Lohian Khas market of Jalandhar, Punjab?","Commodity: Peas Wet
Variety: Other
State: Punjab
District: Jalandhar
Market: Lohian Khas
Arrival Date: 04/03/2019
Minimum Price: ₹600
Maximum Price: ₹1000
Modal Price: ₹800"
"What is the price of Potato in Lohian Khas market of Jalandhar, Punjab?","Commodity: Potato
Variety: Other
State: Punjab
District: Jalandhar
Market: Lohian Khas
Arrival Date: 04/03/2019
Minimum Price: ₹300
Maximum Price: ₹500
Modal Price: ₹400"
"What is the price of Raddish in Lohian Khas market of Jalandhar, Punjab?","Commodity: Raddish
Variety: Other
State: Punjab
District: Jalandhar
Market: Lohian Khas
Arrival Date: 04/03/2019
Minimum Price: ₹200
Maximum Price: ₹400
Modal Price: ₹300"
"What is the price of Spinach in Lohian Khas market of Jalandhar, Punjab?","Commodity: Spinach
Variety: Other
State: Punjab
District: Jalandhar
Market: Lohian Khas
Arrival Date: 04/03/2019
Minimum Price: ₹200
Maximum Price: ₹400
Modal Price: ₹300"
"What is the price of Tomato in Lohian Khas market of Jalandhar, Punjab?","Commodity: Tomato
Variety: Other
State: Punjab
District: Jalandhar
Market: Lohian Khas
Arrival Date: 04/03/2019
Minimum Price: ₹1300
Maximum Price: ₹1500
Modal Price: ₹1400"
"What is the price of Carrot in Mehatpur market of Jalandhar, Punjab?","Commodity: Carrot
Variety: Other
State: Punjab
District: Jalandhar
Market: Mehatpur
Arrival Date: 04/03/2019
Minimum Price: ₹600
Maximum Price: ₹800
Modal Price: ₹700"
"What is the price of Cauliflower in Mehatpur market of Jalandhar, Punjab?","Commodity: Cauliflower
Variety: Other
State: Punjab
District: Jalandhar
Market: Mehatpur
Arrival Date: 04/03/2019
Minimum Price: ₹500
Maximum Price: ₹700
Modal Price: ₹700"
"What is the price of Methi(Leaves) in Mehatpur market of Jalandhar, Punjab?","Commodity: Methi(Leaves)
Variety: Other
State: Punjab
District: Jalandhar
Market: Mehatpur
Arrival Date: 04/03/2019
Minimum Price: ₹600
Maximum Price: ₹700
Modal Price: ₹600"
"What is the price of Raddish in Mehatpur market of Jalandhar, Punjab?","Commodity: Raddish
Variety: Other
State: Punjab
District: Jalandhar
Market: Mehatpur
Arrival Date: 04/03/2019
Minimum Price: ₹400
Maximum Price: ₹500
Modal Price: ₹500"
"What is the price of Spinach in Mehatpur market of Jalandhar, Punjab?","Commodity: Spinach
Variety: Other
State: Punjab
District: Jalandhar
Market: Mehatpur
Arrival Date: 04/03/2019
Minimum Price: ₹400
Maximum Price: ₹600
Modal Price: ₹600"
"What is the price of Carrot in Doraha market of Ludhiana, Punjab?","Commodity: Carrot
Variety: Other
State: Punjab
District: Ludhiana
Market: Doraha
Arrival Date: 04/03/2019
Minimum Price: ₹400
Maximum Price: ₹1000
Modal Price: ₹700"
"What is the price of Cauliflower in Doraha market of Ludhiana, Punjab?","Commodity: Cauliflower
Variety: Other
State: Punjab
District: Ludhiana
Market: Doraha
Arrival Date: 04/03/2019
Minimum Price: ₹500
Maximum Price: ₹600
Modal Price: ₹550"
"What is the price of Green Chilli in Doraha market of Ludhiana, Punjab?","Commodity: Green Chilli
Variety: Other
State: Punjab
District: Ludhiana
Market: Doraha
Arrival Date: 04/03/2019
Minimum Price: ₹2000
Maximum Price: ₹4000
Modal Price: ₹3000"
"What is the price of Onion in Doraha market of Ludhiana, Punjab?","Commodity: Onion
Variety: Other
State: Punjab
District: Ludhiana
Market: Doraha
Arrival Date: 04/03/2019
Minimum Price: ₹800
Maximum Price: ₹1200
Modal Price: ₹1000"
"What is the price of Peas Wet in Doraha market of Ludhiana, Punjab?","Commodity: Peas Wet
Variety: Other
State: Punjab
District: Ludhiana
Market: Doraha
Arrival Date: 04/03/2019
Minimum Price: ₹1000
Maximum Price: ₹1500
Modal Price: ₹1250"
"What is the price of Potato in Doraha market of Ludhiana, Punjab?","Commodity: Potato
Variety: Other
State: Punjab
District: Ludhiana
Market: Doraha
Arrival Date: 04/03/2019
Minimum Price: ₹300
Maximum Price: ₹400
Modal Price: ₹350"
"What is the price of Tomato in Doraha market of Ludhiana, Punjab?","Commodity: Tomato
Variety: Other
State: Punjab
District: Ludhiana
Market: Doraha
Arrival Date: 04/03/2019
Minimum Price: ₹1000
Maximum Price: ₹2000
Modal Price: ₹1500"
"What is the price of Cabbage in Sahnewal market of Ludhiana, Punjab?","Commodity: Cabbage
Variety: Cabbage
State: Punjab
District: Ludhiana
Market: Sahnewal
Arrival Date: 04/03/2019
Minimum Price: ₹500
Maximum Price: ₹500
Modal Price: ₹500"
"What is the price of Carrot in Sahnewal market of Ludhiana, Punjab?","Commodity: Carrot
Variety: Carrot
State: Punjab
District: Ludhiana
Market: Sahnewal
Arrival Date: 04/03/2019
Minimum Price: ₹900
Maximum Price: ₹900
Modal Price: ₹900"
"What is the price of Cauliflower in Sahnewal market of Ludhiana, Punjab?","Commodity: Cauliflower
Variety: Cauliflower
State: Punjab
District: Ludhiana
Market: Sahnewal
Arrival Date: 04/03/2019
Minimum Price: ₹600
Maximum Price: ₹900
Modal Price: ₹900"
"What is the price of Coriander(Leaves) in Sahnewal market of Ludhiana, Punjab?","Commodity: Coriander(Leaves)
Variety: Coriander
State: Punjab
District: Ludhiana
Market: Sahnewal
Arrival Date: 04/03/2019
Minimum Price: ₹1300
Maximum Price: ₹1500
Modal Price: ₹1500"
"What is the price of Green Chilli in Sahnewal market of Ludhiana, Punjab?","Commodity: Green Chilli
Variety: Green Chilly
State: Punjab
District: Ludhiana
Market: Sahnewal
Arrival Date: 04/03/2019
Minimum Price: ₹5000
Maximum Price: ₹5000
Modal Price: ₹5000"
"What is the price of Methi(Leaves) in Sahnewal market of Ludhiana, Punjab?","Commodity: Methi(Leaves)
Variety: Methi
State: Punjab
District: Ludhiana
Market: Sahnewal
Arrival Date: 04/03/2019
Minimum Price: ₹1000
Maximum Price: ₹1000
Modal Price: ₹1000"
"What is the price of Peas Wet in Sahnewal market of Ludhiana, Punjab?","Commodity: Peas Wet
Variety: Peas Wet
State: Punjab
District: Ludhiana
Market: Sahnewal
Arrival Date: 04/03/2019
Minimum Price: ₹1300
Maximum Price: ₹1800
Modal Price: ₹1700"
"What is the price of Potato in Sahnewal market of Ludhiana, Punjab?","Commodity: Potato
Variety: Potato
State: Punjab
District: Ludhiana
Market: Sahnewal
Arrival Date: 04/03/2019
Minimum Price: ₹400
Maximum Price: ₹400
Modal Price: ₹400"
"What is the price of Raddish in Sahnewal market of Ludhiana, Punjab?","Commodity: Raddish
Variety: Raddish
State: Punjab
District: Ludhiana
Market: Sahnewal
Arrival Date: 04/03/2019
Minimum Price: ₹250
Maximum Price: ₹250
Modal Price: ₹250"
"What is the price of Spinach in Sahnewal market of Ludhiana, Punjab?","Commodity: Spinach
Variety: Spinach
State: Punjab
District: Ludhiana
Market: Sahnewal
Arrival Date: 04/03/2019
Minimum Price: ₹600
Maximum Price: ₹800
Modal Price: ₹800"
"What is the price of Tomato in Sahnewal market of Ludhiana, Punjab?","Commodity: Tomato
Variety: Tomato
State: Punjab
District: Ludhiana
Market: Sahnewal
Arrival Date: 04/03/2019
Minimum Price: ₹2000
Maximum Price: ₹2000
Modal Price: ₹2000"
"What is the price of Banana in Mansa market of Mansa, Punjab?","Commodity: Banana
Variety: Banana - Ripe
State: Punjab
District: Mansa
Market: Mansa
Arrival Date: 04/03/2019
Minimum Price: ₹1300
Maximum Price: ₹1700
Modal Price: ₹1500"
"What is the price of Bhindi(Ladies Finger) in Mansa market of Mansa, Punjab?","Commodity: Bhindi(Ladies Finger)
Variety: Bhindi
State: Punjab
District: Mansa
Market: Mansa
Arrival Date: 04/03/2019
Minimum Price: ₹3000
Maximum Price: ₹4000
Modal Price: ₹3500"
"What is the price of Brinjal in Mansa market of Mansa, Punjab?","Commodity: Brinjal
Variety: Brinjal
State: Punjab
District: Mansa
Market: Mansa
Arrival Date: 04/03/2019
Minimum Price: ₹900
Maximum Price: ₹1300
Modal Price: ₹1100"
"What is the price of Capsicum in Mansa market of Mansa, Punjab?","Commodity: Capsicum
Variety: Capsicum
State: Punjab
District: Mansa
Market: Mansa
Arrival Date: 04/03/2019
Minimum Price: ₹2300
Maximum Price: ₹3000
Modal Price: ₹2800"
"What is the price of Carrot in Mansa market of Mansa, Punjab?","Commodity: Carrot
Variety: Carrot
State: Punjab
District: Mansa
Market: Mansa
Arrival Date: 04/03/2019
Minimum Price: ₹400
Maximum Price: ₹500
Modal Price: ₹500"
"What is the price of Cauliflower in Mansa market of Mansa, Punjab?","Commodity: Cauliflower
Variety: Cauliflower
State: Punjab
District: Mansa
Market: Mansa
Arrival Date: 04/03/2019
Minimum Price: ₹600
Maximum Price: ₹800
Modal Price: ₹700"
"What is the price of Cotton in Mansa market of Mansa, Punjab?","Commodity: Cotton
Variety: American
State: Punjab
District: Mansa
Market: Mansa
Arrival Date: 04/03/2019
Minimum Price: ₹5200
Maximum Price: ₹5445
Modal Price: ₹5390"
"What is the price of Cucumbar(Kheera) in Mansa market of Mansa, Punjab?","Commodity: Cucumbar(Kheera)
Variety: Cucumbar
State: Punjab
District: Mansa
Market: Mansa
Arrival Date: 04/03/2019
Minimum Price: ₹1200
Maximum Price: ₹2800
Modal Price: ₹1800"
"What is the price of Grapes in Mansa market of Mansa, Punjab?","Commodity: Grapes
Variety: Black
State: Punjab
District: Mansa
Market: Mansa
Arrival Date: 04/03/2019
Minimum Price: ₹6500
Maximum Price: ₹7500
Modal Price: ₹7000"
"What is the price of Grapes in Mansa market of Mansa, Punjab?","Commodity: Grapes
Variety: Green
State: Punjab
District: Mansa
Market: Mansa
Arrival Date: 04/03/2019
Minimum Price: ₹4000
Maximum Price: ₹5000
Modal Price: ₹4500"
"What is the price of Green Chilli in Mansa market of Mansa, Punjab?","Commodity: Green Chilli
Variety: Green Chilly
State: Punjab
District: Mansa
Market: Mansa
Arrival Date: 04/03/2019
Minimum Price: ₹2500
Maximum Price: ₹4000
Modal Price: ₹3000"
"What is the price of Kinnow in Mansa market of Mansa, Punjab?","Commodity: Kinnow
Variety: Kinnow
State: Punjab
District: Mansa
Market: Mansa
Arrival Date: 04/03/2019
Minimum Price: ₹1200
Maximum Price: ₹1700
Modal Price: ₹1500"
"What is the price of Onion in Mansa market of Mansa, Punjab?","Commodity: Onion
Variety: Nasik
State: Punjab
District: Mansa
Market: Mansa
Arrival Date: 04/03/2019
Minimum Price: ₹1000
Maximum Price: ₹1300
Modal Price: ₹1200"
"What is the price of Peas cod in Mansa market of Mansa, Punjab?","Commodity: Peas cod
Variety: Peas cod
State: Punjab
District: Mansa
Market: Mansa
Arrival Date: 04/03/2019
Minimum Price: ₹1000
Maximum Price: ₹1500
Modal Price: ₹1200"
"What is the price of Potato in Mansa market of Mansa, Punjab?","Commodity: Potato
Variety: Potato
State: Punjab
District: Mansa
Market: Mansa
Arrival Date: 04/03/2019
Minimum Price: ₹380
Maximum Price: ₹600
Modal Price: ₹520"
"What is the price of Tomato in Mansa market of Mansa, Punjab?","Commodity: Tomato
Variety: Tomato
State: Punjab
District: Mansa
Market: Mansa
Arrival Date: 04/03/2019
Minimum Price: ₹1800
Maximum Price: ₹2500
Modal Price: ₹2200"
"What is the price of Apple in Malout market of Muktsar, Punjab?","Commodity: Apple
Variety: Apple
State: Punjab
District: Muktsar
Market: Malout
Arrival Date: 04/03/2019
Minimum Price: ₹3500
Maximum Price: ₹7000
Modal Price: ₹5500"
"What is the price of Banana in Malout market of Muktsar, Punjab?","Commodity: Banana
Variety: Banana - Ripe
State: Punjab
District: Muktsar
Market: Malout
Arrival Date: 04/03/2019
Minimum Price: ₹1500
Maximum Price: ₹2500
Modal Price: ₹1800"
"What is the price of Brinjal in Malout market of Muktsar, Punjab?","Commodity: Brinjal
Variety: Round/Long
State: Punjab
District: Muktsar
Market: Malout
Arrival Date: 04/03/2019
Minimum Price: ₹1200
Maximum Price: ₹1500
Modal Price: ₹1300"
"What is the price of Cabbage in Malout market of Muktsar, Punjab?","Commodity: Cabbage
Variety: Cabbage
State: Punjab
District: Muktsar
Market: Malout
Arrival Date: 04/03/2019
Minimum Price: ₹300
Maximum Price: ₹500
Modal Price: ₹400"
"What is the price of Carrot in Malout market of Muktsar, Punjab?","Commodity: Carrot
Variety: Carrot
State: Punjab
District: Muktsar
Market: Malout
Arrival Date: 04/03/2019
Minimum Price: ₹400
Maximum Price: ₹600
Modal Price: ₹500"
"What is the price of Cauliflower in Malout market of Muktsar, Punjab?","Commodity: Cauliflower
Variety: Cauliflower
State: Punjab
District: Muktsar
Market: Malout
Arrival Date: 04/03/2019
Minimum Price: ₹400
Maximum Price: ₹700
Modal Price: ₹500"
"What is the price of Chikoos(Sapota) in Malout market of Muktsar, Punjab?","Commodity: Chikoos(Sapota)
Variety: Sapota
State: Punjab
District: Muktsar
Market: Malout
Arrival Date: 04/03/2019
Minimum Price: ₹2500
Maximum Price: ₹3500
Modal Price: ₹3000"
"What is the price of Cotton in Malout market of Muktsar, Punjab?","Commodity: Cotton
Variety: Other
State: Punjab
District: Muktsar
Market: Malout
Arrival Date: 04/03/2019
Minimum Price: ₹5400
Maximum Price: ₹5515
Modal Price: ₹5500"
"What is the price of Cucumbar(Kheera) in Malout market of Muktsar, Punjab?","Commodity: Cucumbar(Kheera)
Variety: Cucumbar
State: Punjab
District: Muktsar
Market: Malout
Arrival Date: 04/03/2019
Minimum Price: ₹2500
Maximum Price: ₹4000
Modal Price: ₹3500"
"What is the price of Ginger(Green) in Malout market of Muktsar, Punjab?","Commodity: Ginger(Green)
Variety: Green Ginger
State: Punjab
District: Muktsar
Market: Malout
Arrival Date: 04/03/2019
Minimum Price: ₹7000
Maximum Price: ₹8500
Modal Price: ₹7500"
"What is the price of Gram Raw(Chholia) in Malout market of Muktsar, Punjab?","Commodity: Gram Raw(Chholia)
Variety: Other
State: Punjab
District: Muktsar
Market: Malout
Arrival Date: 04/03/2019
Minimum Price: ₹500
Maximum Price: ₹1500
Modal Price: ₹1000"
"What is the price of Grapes in Malout market of Muktsar, Punjab?","Commodity: Grapes
Variety: Black
State: Punjab
District: Muktsar
Market: Malout
Arrival Date: 04/03/2019
Minimum Price: ₹8000
Maximum Price: ₹9000
Modal Price: ₹8500"
"What is the price of Grapes in Malout market of Muktsar, Punjab?","Commodity: Grapes
Variety: Green
State: Punjab
District: Muktsar
Market: Malout
Arrival Date: 04/03/2019
Minimum Price: ₹4000
Maximum Price: ₹5000
Modal Price: ₹4500"
"What is the price of Green Chilli in Malout market of Muktsar, Punjab?","Commodity: Green Chilli
Variety: Green Chilly
State: Punjab
District: Muktsar
Market: Malout
Arrival Date: 04/03/2019
Minimum Price: ₹800
Maximum Price: ₹3500
Modal Price: ₹2000"
"What is the price of Guava in Malout market of Muktsar, Punjab?","Commodity: Guava
Variety: Guava
State: Punjab
District: Muktsar
Market: Malout
Arrival Date: 04/03/2019
Minimum Price: ₹2000
Maximum Price: ₹2500
Modal Price: ₹2200"
"What is the price of Kinnow in Malout market of Muktsar, Punjab?","Commodity: Kinnow
Variety: Kinnow
State: Punjab
District: Muktsar
Market: Malout
Arrival Date: 04/03/2019
Minimum Price: ₹1000
Maximum Price: ₹1500
Modal Price: ₹1200"
"What is the price of Onion in Malout market of Muktsar, Punjab?","Commodity: Onion
Variety: Onion
State: Punjab
District: Muktsar
Market: Malout
Arrival Date: 04/03/2019
Minimum Price: ₹600
Maximum Price: ₹800
Modal Price: ₹700"
"What is the price of Onion Green in Malout market of Muktsar, Punjab?","Commodity: Onion Green
Variety: Onion Green
State: Punjab
District: Muktsar
Market: Malout
Arrival Date: 04/03/2019
Minimum Price: ₹1000
Maximum Price: ₹1500
Modal Price: ₹1200"
"What is the price of Peas cod in Malout market of Muktsar, Punjab?","Commodity: Peas cod
Variety: Other
State: Punjab
District: Muktsar
Market: Malout
Arrival Date: 04/03/2019
Minimum Price: ₹1000
Maximum Price: ₹1500
Modal Price: ₹1200"
"What is the price of Pineapple in Malout market of Muktsar, Punjab?","Commodity: Pineapple
Variety: Pine Apple
State: Punjab
District: Muktsar
Market: Malout
Arrival Date: 04/03/2019
Minimum Price: ₹3000
Maximum Price: ₹4500
Modal Price: ₹4000"
"What is the price of Pomegranate in Malout market of Muktsar, Punjab?","Commodity: Pomegranate
Variety: Pomogranate
State: Punjab
District: Muktsar
Market: Malout
Arrival Date: 04/03/2019
Minimum Price: ₹4500
Maximum Price: ₹7000
Modal Price: ₹6500"
"What is the price of Potato in Malout market of Muktsar, Punjab?","Commodity: Potato
Variety: Potato
State: Punjab
District: Muktsar
Market: Malout
Arrival Date: 04/03/2019
Minimum Price: ₹500
Maximum Price: ₹600
Modal Price: ₹550"
"What is the price of Raddish in Malout market of Muktsar, Punjab?","Commodity: Raddish
Variety: Raddish
State: Punjab
District: Muktsar
Market: Malout
Arrival Date: 04/03/2019
Minimum Price: ₹400
Maximum Price: ₹600
Modal Price: ₹500"
"What is the price of Spinach in Malout market of Muktsar, Punjab?","Commodity: Spinach
Variety: Spinach
State: Punjab
District: Muktsar
Market: Malout
Arrival Date: 04/03/2019
Minimum Price: ₹500
Maximum Price: ₹800
Modal Price: ₹600"
"What is the price of Tomato in Malout market of Muktsar, Punjab?","Commodity: Tomato
Variety: Tomato
State: Punjab
District: Muktsar
Market: Malout
Arrival Date: 04/03/2019
Minimum Price: ₹1800
Maximum Price: ₹2200
Modal Price: ₹2000"
"What is the price of Brinjal in Ghanaur market of Patiala, Punjab?","Commodity: Brinjal
Variety: Other
State: Punjab
District: Patiala
Market: Ghanaur
Arrival Date: 04/03/2019
Minimum Price: ₹1500
Maximum Price: ₹1500
Modal Price: ₹1500"
"What is the price of Onion in Ghanaur market of Patiala, Punjab?","Commodity: Onion
Variety: Other
State: Punjab
District: Patiala
Market: Ghanaur
Arrival Date: 04/03/2019
Minimum Price: ₹800
Maximum Price: ₹1000
Modal Price: ₹1000"
"What is the price of Carrot in Rajpura market of Patiala, Punjab?","Commodity: Carrot
Variety: Other
State: Punjab
District: Patiala
Market: Rajpura
Arrival Date: 04/03/2019
Minimum Price: ₹500
Maximum Price: ₹700
Modal Price: ₹600"
"What is the price of Cauliflower in Rajpura market of Patiala, Punjab?","Commodity: Cauliflower
Variety: Cauliflower
State: Punjab
District: Patiala
Market: Rajpura
Arrival Date: 04/03/2019
Minimum Price: ₹400
Maximum Price: ₹600
Modal Price: ₹500"
"What is the price of Ginger(Green) in Rajpura market of Patiala, Punjab?","Commodity: Ginger(Green)
Variety: Other
State: Punjab
District: Patiala
Market: Rajpura
Arrival Date: 04/03/2019
Minimum Price: ₹5000
Maximum Price: ₹6000
Modal Price: ₹5500"
"What is the price of Green Chilli in Rajpura market of Patiala, Punjab?","Commodity: Green Chilli
Variety: Other
State: Punjab
District: Patiala
Market: Rajpura
Arrival Date: 04/03/2019
Minimum Price: ₹2000
Maximum Price: ₹3000
Modal Price: ₹2500"
"What is the price of Onion in Rajpura market of Patiala, Punjab?","Commodity: Onion
Variety: Local
State: Punjab
District: Patiala
Market: Rajpura
Arrival Date: 04/03/2019
Minimum Price: ₹700
Maximum Price: ₹1000
Modal Price: ₹850"
"What is the price of Peas Wet in Rajpura market of Patiala, Punjab?","Commodity: Peas Wet
Variety: Peas Wet
State: Punjab
District: Patiala
Market: Rajpura
Arrival Date: 04/03/2019
Minimum Price: ₹700
Maximum Price: ₹1000
Modal Price: ₹850"
"What is the price of Potato in Rajpura market of Patiala, Punjab?","Commodity: Potato
Variety: Other
State: Punjab
District: Patiala
Market: Rajpura
Arrival Date: 04/03/2019
Minimum Price: ₹200
Maximum Price: ₹500
Modal Price: ₹350"
"What is the price of Tomato in Rajpura market of Patiala, Punjab?","Commodity: Tomato
Variety: Local
State: Punjab
District: Patiala
Market: Rajpura
Arrival Date: 04/03/2019
Minimum Price: ₹1000
Maximum Price: ₹1400
Modal Price: ₹1200"
"What is the price of Carrot in Morinda market of Ropar (Rupnagar), Punjab?","Commodity: Carrot
Variety: Other
State: Punjab
District: Ropar (Rupnagar)
Market: Morinda
Arrival Date: 04/03/2019
Minimum Price: ₹700
Maximum Price: ₹850
Modal Price: ₹760"
"What is the price of Cucumbar(Kheera) in Morinda market of Ropar (Rupnagar), Punjab?","Commodity: Cucumbar(Kheera)
Variety: Cucumbar
State: Punjab
District: Ropar (Rupnagar)
Market: Morinda
Arrival Date: 04/03/2019
Minimum Price: ₹1300
Maximum Price: ₹1500
Modal Price: ₹1400"
"What is the price of Ginger(Green) in Morinda market of Ropar (Rupnagar), Punjab?","Commodity: Ginger(Green)
Variety: Other
State: Punjab
District: Ropar (Rupnagar)
Market: Morinda
Arrival Date: 04/03/2019
Minimum Price: ₹7700
Maximum Price: ₹7800
Modal Price: ₹7730"
"What is the price of Green Chilli in Morinda market of Ropar (Rupnagar), Punjab?","Commodity: Green Chilli
Variety: Other
State: Punjab
District: Ropar (Rupnagar)
Market: Morinda
Arrival Date: 04/03/2019
Minimum Price: ₹2600
Maximum Price: ₹2750
Modal Price: ₹2640"
"What is the price of Onion in Morinda market of Ropar (Rupnagar), Punjab?","Commodity: Onion
Variety: Other
State: Punjab
District: Ropar (Rupnagar)
Market: Morinda
Arrival Date: 04/03/2019
Minimum Price: ₹1000
Maximum Price: ₹1100
Modal Price: ₹1020"
"What is the price of Peas Wet in Morinda market of Ropar (Rupnagar), Punjab?","Commodity: Peas Wet
Variety: Other
State: Punjab
District: Ropar (Rupnagar)
Market: Morinda
Arrival Date: 04/03/2019
Minimum Price: ₹1200
Maximum Price: ₹1400
Modal Price: ₹1330"
"What is the price of Raddish in Morinda market of Ropar (Rupnagar), Punjab?","Commodity: Raddish
Variety: Other
State: Punjab
District: Ropar (Rupnagar)
Market: Morinda
Arrival Date: 04/03/2019
Minimum Price: ₹500
Maximum Price: ₹650
Modal Price: ₹550"
"What is the price of Tomato in Morinda market of Ropar (Rupnagar), Punjab?","Commodity: Tomato
Variety: Deshi
State: Punjab
District: Ropar (Rupnagar)
Market: Morinda
Arrival Date: 04/03/2019
Minimum Price: ₹1500
Maximum Price: ₹1500
Modal Price: ₹1500"
"What is the price of Carrot in Harike market of Tarntaran, Punjab?","Commodity: Carrot
Variety: Carrot
State: Punjab
District: Tarntaran
Market: Harike
Arrival Date: 04/03/2019
Minimum Price: ₹500
Maximum Price: ₹500
Modal Price: ₹500"
"What is the price of Cauliflower in Harike market of Tarntaran, Punjab?","Commodity: Cauliflower
Variety: Cauliflower
State: Punjab
District: Tarntaran
Market: Harike
Arrival Date: 04/03/2019
Minimum Price: ₹400
Maximum Price: ₹500
Modal Price: ₹400"
"What is the price of Coriander(Leaves) in Harike market of Tarntaran, Punjab?","Commodity: Coriander(Leaves)
Variety: Coriander
State: Punjab
District: Tarntaran
Market: Harike
Arrival Date: 04/03/2019
Minimum Price: ₹400
Maximum Price: ₹500
Modal Price: ₹400"
"What is the price of Peas Wet in Harike market of Tarntaran, Punjab?","Commodity: Peas Wet
Variety: Peas Wet
State: Punjab
District: Tarntaran
Market: Harike
Arrival Date: 04/03/2019
Minimum Price: ₹700
Maximum Price: ₹800
Modal Price: ₹700"
"What is the price of Raddish in Harike market of Tarntaran, Punjab?","Commodity: Raddish
Variety: Raddish
State: Punjab
District: Tarntaran
Market: Harike
Arrival Date: 04/03/2019
Minimum Price: ₹300
Maximum Price: ₹400
Modal Price: ₹400"
"What is the price of Squash(Chappal Kadoo) in Harike market of Tarntaran, Punjab?","Commodity: Squash(Chappal Kadoo)
Variety: Squash(Chappal Kadoo)
State: Punjab
District: Tarntaran
Market: Harike
Arrival Date: 04/03/2019
Minimum Price: ₹1400
Maximum Price: ₹1500
Modal Price: ₹1400"
"What is the price of Apple in Patti market of Tarntaran, Punjab?","Commodity: Apple
Variety: Other
State: Punjab
District: Tarntaran
Market: Patti
Arrival Date: 04/03/2019
Minimum Price: ₹5000
Maximum Price: ₹6000
Modal Price: ₹5500"
"What is the price of Banana in Patti market of Tarntaran, Punjab?","Commodity: Banana
Variety: Other
State: Punjab
District: Tarntaran
Market: Patti
Arrival Date: 04/03/2019
Minimum Price: ₹800
Maximum Price: ₹1000
Modal Price: ₹900"
"What is the price of Brinjal in Patti market of Tarntaran, Punjab?","Commodity: Brinjal
Variety: Other
State: Punjab
District: Tarntaran
Market: Patti
Arrival Date: 04/03/2019
Minimum Price: ₹800
Maximum Price: ₹1000
Modal Price: ₹900"
"What is the price of Capsicum in Patti market of Tarntaran, Punjab?","Commodity: Capsicum
Variety: Other
State: Punjab
District: Tarntaran
Market: Patti
Arrival Date: 04/03/2019
Minimum Price: ₹2000
Maximum Price: ₹2200
Modal Price: ₹2100"
"What is the price of Carrot in Patti market of Tarntaran, Punjab?","Commodity: Carrot
Variety: Other
State: Punjab
District: Tarntaran
Market: Patti
Arrival Date: 04/03/2019
Minimum Price: ₹600
Maximum Price: ₹800
Modal Price: ₹700"
"What is the price of Cauliflower in Patti market of Tarntaran, Punjab?","Commodity: Cauliflower
Variety: Other
State: Punjab
District: Tarntaran
Market: Patti
Arrival Date: 04/03/2019
Minimum Price: ₹500
Maximum Price: ₹530
Modal Price: ₹520"
"What is the price of Coriander(Leaves) in Patti market of Tarntaran, Punjab?","Commodity: Coriander(Leaves)
Variety: Other
State: Punjab
District: Tarntaran
Market: Patti
Arrival Date: 04/03/2019
Minimum Price: ₹100
Maximum Price: ₹150
Modal Price: ₹120"
"What is the price of Cucumbar(Kheera) in Patti market of Tarntaran, Punjab?","Commodity: Cucumbar(Kheera)
Variety: Other
State: Punjab
District: Tarntaran
Market: Patti
Arrival Date: 04/03/2019
Minimum Price: ₹1500
Maximum Price: ₹2000
Modal Price: ₹1800"
"What is the price of Garlic in Patti market of Tarntaran, Punjab?","Commodity: Garlic
Variety: Other
State: Punjab
District: Tarntaran
Market: Patti
Arrival Date: 04/03/2019
Minimum Price: ₹2000
Maximum Price: ₹2500
Modal Price: ₹2200"
"What is the price of Ginger(Dry) in Patti market of Tarntaran, Punjab?","Commodity: Ginger(Dry)
Variety: Other
State: Punjab
District: Tarntaran
Market: Patti
Arrival Date: 04/03/2019
Minimum Price: ₹6000
Maximum Price: ₹7000
Modal Price: ₹6500"
"What is the price of Green Chilli in Patti market of Tarntaran, Punjab?","Commodity: Green Chilli
Variety: Other
State: Punjab
District: Tarntaran
Market: Patti
Arrival Date: 04/03/2019
Minimum Price: ₹1200
Maximum Price: ₹1600
Modal Price: ₹1400"
"What is the price of Guava in Patti market of Tarntaran, Punjab?","Commodity: Guava
Variety: Other
State: Punjab
District: Tarntaran
Market: Patti
Arrival Date: 04/03/2019
Minimum Price: ₹1800
Maximum Price: ₹2200
Modal Price: ₹2000"
"What is the price of Kinnow in Patti market of Tarntaran, Punjab?","Commodity: Kinnow
Variety: Other
State: Punjab
District: Tarntaran
Market: Patti
Arrival Date: 04/03/2019
Minimum Price: ₹800
Maximum Price: ₹1000
Modal Price: ₹900"
"What is the price of Leafy Vegetable in Patti market of Tarntaran, Punjab?","Commodity: Leafy Vegetable
Variety: Other
State: Punjab
District: Tarntaran
Market: Patti
Arrival Date: 04/03/2019
Minimum Price: ₹300
Maximum Price: ₹400
Modal Price: ₹320"
"What is the price of Onion in Patti market of Tarntaran, Punjab?","Commodity: Onion
Variety: Other
State: Punjab
District: Tarntaran
Market: Patti
Arrival Date: 04/03/2019
Minimum Price: ₹800
Maximum Price: ₹1000
Modal Price: ₹900"
"What is the price of Papaya in Patti market of Tarntaran, Punjab?","Commodity: Papaya
Variety: Other
State: Punjab
District: Tarntaran
Market: Patti
Arrival Date: 04/03/2019
Minimum Price: ₹1000
Maximum Price: ₹1500
Modal Price: ₹1200"
"What is the price of Peas Wet in Patti market of Tarntaran, Punjab?","Commodity: Peas Wet
Variety: Other
State: Punjab
District: Tarntaran
Market: Patti
Arrival Date: 04/03/2019
Minimum Price: ₹900
Maximum Price: ₹1200
Modal Price: ₹1000"
"What is the price of Potato in Patti market of Tarntaran, Punjab?","Commodity: Potato
Variety: Other
State: Punjab
District: Tarntaran
Market: Patti
Arrival Date: 04/03/2019
Minimum Price: ₹500
Maximum Price: ₹700
Modal Price: ₹600"
"What is the price of Raddish in Patti market of Tarntaran, Punjab?","Commodity: Raddish
Variety: Other
State: Punjab
District: Tarntaran
Market: Patti
Arrival Date: 04/03/2019
Minimum Price: ₹300
Maximum Price: ₹400
Modal Price: ₹350"
"What is the price of Spinach in Patti market of Tarntaran, Punjab?","Commodity: Spinach
Variety: Other
State: Punjab
District: Tarntaran
Market: Patti
Arrival Date: 04/03/2019
Minimum Price: ₹300
Maximum Price: ₹430
Modal Price: ₹400"
"What is the price of Tomato in Patti market of Tarntaran, Punjab?","Commodity: Tomato
Variety: Other
State: Punjab
District: Tarntaran
Market: Patti
Arrival Date: 04/03/2019
Minimum Price: ₹1000
Maximum Price: ₹1800
Modal Price: ₹1500"
"What is the price of Mustard in Anta market of Baran, Rajasthan?","Commodity: Mustard
Variety: Other
State: Rajasthan
District: Baran
Market: Anta
Arrival Date: 04/03/2019
Minimum Price: ₹3316
Maximum Price: ₹3570
Modal Price: ₹3443"
"What is the price of Guar Seed(Cluster Beans Seed) in Barmer market of Barmer, Rajasthan?","Commodity: Guar Seed(Cluster Beans Seed)
Variety: Other
State: Rajasthan
District: Barmer
Market: Barmer
Arrival Date: 04/03/2019
Minimum Price: ₹4050
Maximum Price: ₹4150
Modal Price: ₹4100"
"What is the price of Moath Dal in Barmer market of Barmer, Rajasthan?","Commodity: Moath Dal
Variety: Other
State: Rajasthan
District: Barmer
Market: Barmer
Arrival Date: 04/03/2019
Minimum Price: ₹4300
Maximum Price: ₹4400
Modal Price: ₹4350"
"What is the price of Guar in Lunkaransar market of Bikaner, Rajasthan?","Commodity: Guar
Variety: Other
State: Rajasthan
District: Bikaner
Market: Lunkaransar
Arrival Date: 04/03/2019
Minimum Price: ₹3990
Maximum Price: ₹4050
Modal Price: ₹4020"
"What is the price of Moath Dal in Lunkaransar market of Bikaner, Rajasthan?","Commodity: Moath Dal
Variety: Other
State: Rajasthan
District: Bikaner
Market: Lunkaransar
Arrival Date: 04/03/2019
Minimum Price: ₹4250
Maximum Price: ₹4320
Modal Price: ₹4285"
"What is the price of Wheat in Begu market of Chittorgarh, Rajasthan?","Commodity: Wheat
Variety: Other
State: Rajasthan
District: Chittorgarh
Market: Begu
Arrival Date: 04/03/2019
Minimum Price: ₹1650
Maximum Price: ₹1990
Modal Price: ₹1750"
"What is the price of Banana in Jalore market of Jalore, Rajasthan?","Commodity: Banana
Variety: Banana - Ripe
State: Rajasthan
District: Jalore
Market: Jalore
Arrival Date: 04/03/2019
Minimum Price: ₹1800
Maximum Price: ₹2000
Modal Price: ₹1900"
"What is the price of Bhindi(Ladies Finger) in Jalore market of Jalore, Rajasthan?","Commodity: Bhindi(Ladies Finger)
Variety: Other
State: Rajasthan
District: Jalore
Market: Jalore
Arrival Date: 04/03/2019
Minimum Price: ₹3800
Maximum Price: ₹4000
Modal Price: ₹3900"
"What is the price of Bottle gourd in Jalore market of Jalore, Rajasthan?","Commodity: Bottle gourd
Variety: Other
State: Rajasthan
District: Jalore
Market: Jalore
Arrival Date: 04/03/2019
Minimum Price: ₹1000
Maximum Price: ₹1200
Modal Price: ₹1100"
"What is the price of Cabbage in Jalore market of Jalore, Rajasthan?","Commodity: Cabbage
Variety: Other
State: Rajasthan
District: Jalore
Market: Jalore
Arrival Date: 04/03/2019
Minimum Price: ₹800
Maximum Price: ₹1000
Modal Price: ₹900"
"What is the price of Capsicum in Jalore market of Jalore, Rajasthan?","Commodity: Capsicum
Variety: Other
State: Rajasthan
District: Jalore
Market: Jalore
Arrival Date: 04/03/2019
Minimum Price: ₹2300
Maximum Price: ₹2500
Modal Price: ₹2400"
"What is the price of Carrot in Jalore market of Jalore, Rajasthan?","Commodity: Carrot
Variety: Other
State: Rajasthan
District: Jalore
Market: Jalore
Arrival Date: 04/03/2019
Minimum Price: ₹800
Maximum Price: ₹1000
Modal Price: ₹900"
"What is the price of Cauliflower in Jalore market of Jalore, Rajasthan?","Commodity: Cauliflower
Variety: Other
State: Rajasthan
District: Jalore
Market: Jalore
Arrival Date: 04/03/2019
Minimum Price: ₹1000
Maximum Price: ₹1200
Modal Price: ₹1100"
"What is the price of Cucumbar(Kheera) in Jalore market of Jalore, Rajasthan?","Commodity: Cucumbar(Kheera)
Variety: Other
State: Rajasthan
District: Jalore
Market: Jalore
Arrival Date: 04/03/2019
Minimum Price: ₹2300
Maximum Price: ₹2500
Modal Price: ₹2400"
"What is the price of Ginger(Green) in Jalore market of Jalore, Rajasthan?","Commodity: Ginger(Green)
Variety: Other
State: Rajasthan
District: Jalore
Market: Jalore
Arrival Date: 04/03/2019
Minimum Price: ₹5800
Maximum Price: ₹6000
Modal Price: ₹5900"
"What is the price of Grapes in Jalore market of Jalore, Rajasthan?","Commodity: Grapes
Variety: Green
State: Rajasthan
District: Jalore
Market: Jalore
Arrival Date: 04/03/2019
Minimum Price: ₹3300
Maximum Price: ₹3500
Modal Price: ₹3400"
"What is the price of Green Chilli in Jalore market of Jalore, Rajasthan?","Commodity: Green Chilli
Variety: Other
State: Rajasthan
District: Jalore
Market: Jalore
Arrival Date: 04/03/2019
Minimum Price: ₹4300
Maximum Price: ₹4500
Modal Price: ₹4400"
"What is the price of Lemon in Jalore market of Jalore, Rajasthan?","Commodity: Lemon
Variety: Other
State: Rajasthan
District: Jalore
Market: Jalore
Arrival Date: 04/03/2019
Minimum Price: ₹2300
Maximum Price: ₹2500
Modal Price: ₹2400"
"What is the price of Onion in Jalore market of Jalore, Rajasthan?","Commodity: Onion
Variety: Other
State: Rajasthan
District: Jalore
Market: Jalore
Arrival Date: 04/03/2019
Minimum Price: ₹600
Maximum Price: ₹800
Modal Price: ₹700"
"What is the price of Papaya in Jalore market of Jalore, Rajasthan?","Commodity: Papaya
Variety: Other
State: Rajasthan
District: Jalore
Market: Jalore
Arrival Date: 04/03/2019
Minimum Price: ₹1300
Maximum Price: ₹1500
Modal Price: ₹1400"
"What is the price of Pomegranate in Jalore market of Jalore, Rajasthan?","Commodity: Pomegranate
Variety: Other
State: Rajasthan
District: Jalore
Market: Jalore
Arrival Date: 04/03/2019
Minimum Price: ₹1400
Maximum Price: ₹1600
Modal Price: ₹1500"
"What is the price of Tomato in Jalore market of Jalore, Rajasthan?","Commodity: Tomato
Variety: Other
State: Rajasthan
District: Jalore
Market: Jalore
Arrival Date: 04/03/2019
Minimum Price: ₹1400
Maximum Price: ₹1600
Modal Price: ₹1500"
"What is the price of Mustard in Khanpur market of Jhalawar, Rajasthan?","Commodity: Mustard
Variety: Other
State: Rajasthan
District: Jhalawar
Market: Khanpur
Arrival Date: 04/03/2019
Minimum Price: ₹2549
Maximum Price: ₹3613
Modal Price: ₹3613"
"What is the price of Soyabean in Khanpur market of Jhalawar, Rajasthan?","Commodity: Soyabean
Variety: Other
State: Rajasthan
District: Jhalawar
Market: Khanpur
Arrival Date: 04/03/2019
Minimum Price: ₹3500
Maximum Price: ₹3525
Modal Price: ₹3525"
"What is the price of Wheat in Khanpur market of Jhalawar, Rajasthan?","Commodity: Wheat
Variety: Other
State: Rajasthan
District: Jhalawar
Market: Khanpur
Arrival Date: 04/03/2019
Minimum Price: ₹1950
Maximum Price: ₹1975
Modal Price: ₹1975"
"What is the price of Bengal Gram(Gram)(Whole) in Itawa market of Kota, Rajasthan?","Commodity: Bengal Gram(Gram)(Whole)
Variety: 999
State: Rajasthan
District: Kota
Market: Itawa
Arrival Date: 04/03/2019
Minimum Price: ₹3550
Maximum Price: ₹3550
Modal Price: ₹3550"
"What is the price of Corriander seed in Itawa market of Kota, Rajasthan?","Commodity: Corriander seed
Variety: Other
State: Rajasthan
District: Kota
Market: Itawa
Arrival Date: 04/03/2019
Minimum Price: ₹4152
Maximum Price: ₹4152
Modal Price: ₹4152"
"What is the price of Mustard in Itawa market of Kota, Rajasthan?","Commodity: Mustard
Variety: Other
State: Rajasthan
District: Kota
Market: Itawa
Arrival Date: 04/03/2019
Minimum Price: ₹2786
Maximum Price: ₹3471
Modal Price: ₹3128"
"What is the price of Soyabean in Itawa market of Kota, Rajasthan?","Commodity: Soyabean
Variety: Other
State: Rajasthan
District: Kota
Market: Itawa
Arrival Date: 04/03/2019
Minimum Price: ₹3615
Maximum Price: ₹3615
Modal Price: ₹3615"
"What is the price of Wheat in Itawa market of Kota, Rajasthan?","Commodity: Wheat
Variety: Other
State: Rajasthan
District: Kota
Market: Itawa
Arrival Date: 04/03/2019
Minimum Price: ₹1915
Maximum Price: ₹1915
Modal Price: ₹1915"
"What is the price of Bajra(Pearl Millet/Cumbu) in Sri Madhopur market of Sikar, Rajasthan?","Commodity: Bajra(Pearl Millet/Cumbu)
Variety: Other
State: Rajasthan
District: Sikar
Market: Sri Madhopur
Arrival Date: 04/03/2019
Minimum Price: ₹1700
Maximum Price: ₹1925
Modal Price: ₹1812"
"What is the price of Bengal Gram(Gram)(Whole) in Sri Madhopur market of Sikar, Rajasthan?","Commodity: Bengal Gram(Gram)(Whole)
Variety: Other
State: Rajasthan
District: Sikar
Market: Sri Madhopur
Arrival Date: 04/03/2019
Minimum Price: ₹3400
Maximum Price: ₹3400
Modal Price: ₹3400"
"What is the price of Ground Nut Seed in Sri Madhopur market of Sikar, Rajasthan?","Commodity: Ground Nut Seed
Variety: Other
State: Rajasthan
District: Sikar
Market: Sri Madhopur
Arrival Date: 04/03/2019
Minimum Price: ₹3500
Maximum Price: ₹3500
Modal Price: ₹3500"
"What is the price of Guar Seed(Cluster Beans Seed) in Sri Madhopur market of Sikar, Rajasthan?","Commodity: Guar Seed(Cluster Beans Seed)
Variety: Other
State: Rajasthan
District: Sikar
Market: Sri Madhopur
Arrival Date: 04/03/2019
Minimum Price: ₹3850
Maximum Price: ₹3900
Modal Price: ₹3875"
"What is the price of Guar in Surajgarh market of Sikar, Rajasthan?","Commodity: Guar
Variety: Other
State: Rajasthan
District: Sikar
Market: Surajgarh
Arrival Date: 04/03/2019
Minimum Price: ₹4050
Maximum Price: ₹4050
Modal Price: ₹4050"
"What is the price of Bajra(Pearl Millet/Cumbu) in Deoli market of Tonk, Rajasthan?","Commodity: Bajra(Pearl Millet/Cumbu)
Variety: Other
State: Rajasthan
District: Tonk
Market: Deoli
Arrival Date: 04/03/2019
Minimum Price: ₹1740
Maximum Price: ₹1740
Modal Price: ₹1740"
"What is the price of Maize in Deoli market of Tonk, Rajasthan?","Commodity: Maize
Variety: Other
State: Rajasthan
District: Tonk
Market: Deoli
Arrival Date: 04/03/2019
Minimum Price: ₹1875
Maximum Price: ₹1875
Modal Price: ₹1875"
"What is the price of Mustard in Deoli market of Tonk, Rajasthan?","Commodity: Mustard
Variety: Other
State: Rajasthan
District: Tonk
Market: Deoli
Arrival Date: 04/03/2019
Minimum Price: ₹2900
Maximum Price: ₹3800
Modal Price: ₹3350"
"What is the price of Taramira in Deoli market of Tonk, Rajasthan?","Commodity: Taramira
Variety: Other
State: Rajasthan
District: Tonk
Market: Deoli
Arrival Date: 04/03/2019
Minimum Price: ₹3111
Maximum Price: ₹3401
Modal Price: ₹3256"
"What is the price of Wheat in Deoli market of Tonk, Rajasthan?","Commodity: Wheat
Variety: Other
State: Rajasthan
District: Tonk
Market: Deoli
Arrival Date: 04/03/2019
Minimum Price: ₹1835
Maximum Price: ₹1920
Modal Price: ₹1878"
"What is the price of Black Gram (Urd Beans)(Whole) in Uniyara market of Tonk, Rajasthan?","Commodity: Black Gram (Urd Beans)(Whole)
Variety: Other
State: Rajasthan
District: Tonk
Market: Uniyara
Arrival Date: 04/03/2019
Minimum Price: ₹2650
Maximum Price: ₹2750
Modal Price: ₹2700"
"What is the price of Coconut in Anaimalai market of Coimbatore, Tamil Nadu?","Commodity: Coconut
Variety: Other
State: Tamil Nadu
District: Coimbatore
Market: Anaimalai
Arrival Date: 04/03/2019
Minimum Price: ₹2800
Maximum Price: ₹3000
Modal Price: ₹2900"
"What is the price of Tobacco in Annur market of Coimbatore, Tamil Nadu?","Commodity: Tobacco
Variety: Other
State: Tamil Nadu
District: Coimbatore
Market: Annur
Arrival Date: 04/03/2019
Minimum Price: ₹3000
Maximum Price: ₹3200
Modal Price: ₹3100"
"What is the price of Turmeric in Coimbatore market of Coimbatore, Tamil Nadu?","Commodity: Turmeric
Variety: Bulb
State: Tamil Nadu
District: Coimbatore
Market: Coimbatore
Arrival Date: 04/03/2019
Minimum Price: ₹5800
Maximum Price: ₹7200
Modal Price: ₹6300"
"What is the price of Coconut in Karamadai market of Coimbatore, Tamil Nadu?","Commodity: Coconut
Variety: Other
State: Tamil Nadu
District: Coimbatore
Market: Karamadai
Arrival Date: 04/03/2019
Minimum Price: ₹2000
Maximum Price: ₹3000
Modal Price: ₹2500"
"What is the price of Coconut in Madathukulam market of Coimbatore, Tamil Nadu?","Commodity: Coconut
Variety: Coconut
State: Tamil Nadu
District: Coimbatore
Market: Madathukulam
Arrival Date: 04/03/2019
Minimum Price: ₹3050
Maximum Price: ₹3150
Modal Price: ₹3100"
"What is the price of Copra in Madathukulam market of Coimbatore, Tamil Nadu?","Commodity: Copra
Variety: Ball
State: Tamil Nadu
District: Coimbatore
Market: Madathukulam
Arrival Date: 04/03/2019
Minimum Price: ₹10250
Maximum Price: ₹10300
Modal Price: ₹10275"
"What is the price of Maize in Madathukulam market of Coimbatore, Tamil Nadu?","Commodity: Maize
Variety: Other
State: Tamil Nadu
District: Coimbatore
Market: Madathukulam
Arrival Date: 04/03/2019
Minimum Price: ₹1900
Maximum Price: ₹1950
Modal Price: ₹1925"
"What is the price of Paddy(Dhan)(Common) in Madathukulam market of Coimbatore, Tamil Nadu?","Commodity: Paddy(Dhan)(Common)
Variety: Other
State: Tamil Nadu
District: Coimbatore
Market: Madathukulam
Arrival Date: 04/03/2019
Minimum Price: ₹1680
Maximum Price: ₹1720
Modal Price: ₹1700"
"What is the price of Coconut in Negamam market of Coimbatore, Tamil Nadu?","Commodity: Coconut
Variety: Other
State: Tamil Nadu
District: Coimbatore
Market: Negamam
Arrival Date: 04/03/2019
Minimum Price: ₹3100
Maximum Price: ₹3200
Modal Price: ₹3150"
"What is the price of Coconut in Palladam market of Coimbatore, Tamil Nadu?","Commodity: Coconut
Variety: Other
State: Tamil Nadu
District: Coimbatore
Market: Palladam
Arrival Date: 04/03/2019
Minimum Price: ₹2040
Maximum Price: ₹2240
Modal Price: ₹2140"
"What is the price of Copra in Pethappampatti market of Coimbatore, Tamil Nadu?","Commodity: Copra
Variety: Copra
State: Tamil Nadu
District: Coimbatore
Market: Pethappampatti
Arrival Date: 04/03/2019
Minimum Price: ₹9000
Maximum Price: ₹10000
Modal Price: ₹9500"
"What is the price of Maize in Pethappampatti market of Coimbatore, Tamil Nadu?","Commodity: Maize
Variety: Yellow
State: Tamil Nadu
District: Coimbatore
Market: Pethappampatti
Arrival Date: 04/03/2019
Minimum Price: ₹1800
Maximum Price: ₹1950
Modal Price: ₹1850"
"What is the price of Coconut in Pollachi market of Coimbatore, Tamil Nadu?","Commodity: Coconut
Variety: Other
State: Tamil Nadu
District: Coimbatore
Market: Pollachi
Arrival Date: 04/03/2019
Minimum Price: ₹2600
Maximum Price: ₹2900
Modal Price: ₹2720"
"What is the price of Coconut in Pongalur market of Coimbatore, Tamil Nadu?","Commodity: Coconut
Variety: Other
State: Tamil Nadu
District: Coimbatore
Market: Pongalur
Arrival Date: 04/03/2019
Minimum Price: ₹2100
Maximum Price: ₹2700
Modal Price: ₹2400"
"What is the price of Coconut in Pudupalayam market of Coimbatore, Tamil Nadu?","Commodity: Coconut
Variety: Coconut
State: Tamil Nadu
District: Coimbatore
Market: Pudupalayam
Arrival Date: 04/03/2019
Minimum Price: ₹2170
Maximum Price: ₹2370
Modal Price: ₹2270"
"What is the price of Coconut in Senjeri market of Coimbatore, Tamil Nadu?","Commodity: Coconut
Variety: Coconut
State: Tamil Nadu
District: Coimbatore
Market: Senjeri
Arrival Date: 04/03/2019
Minimum Price: ₹2700
Maximum Price: ₹2900
Modal Price: ₹2800"
"What is the price of Groundnut in Sevur market of Coimbatore, Tamil Nadu?","Commodity: Groundnut
Variety: DMV-7
State: Tamil Nadu
District: Coimbatore
Market: Sevur
Arrival Date: 04/03/2019
Minimum Price: ₹5000
Maximum Price: ₹5340
Modal Price: ₹5100"
"What is the price of Coconut in Thondamuthur market of Coimbatore, Tamil Nadu?","Commodity: Coconut
Variety: Other
State: Tamil Nadu
District: Coimbatore
Market: Thondamuthur
Arrival Date: 04/03/2019
Minimum Price: ₹2700
Maximum Price: ₹2900
Modal Price: ₹2800"
"What is the price of Coconut in Udumalpet market of Coimbatore, Tamil Nadu?","Commodity: Coconut
Variety: Other
State: Tamil Nadu
District: Coimbatore
Market: Udumalpet
Arrival Date: 04/03/2019
Minimum Price: ₹2700
Maximum Price: ₹2800
Modal Price: ₹2750"
"What is the price of Copra in Udumalpet market of Coimbatore, Tamil Nadu?","Commodity: Copra
Variety: other
State: Tamil Nadu
District: Coimbatore
Market: Udumalpet
Arrival Date: 04/03/2019
Minimum Price: ₹8900
Maximum Price: ₹10250
Modal Price: ₹9350"
"What is the price of Maize in Udumalpet market of Coimbatore, Tamil Nadu?","Commodity: Maize
Variety: Hybrid Red (Cattle Feed)
State: Tamil Nadu
District: Coimbatore
Market: Udumalpet
Arrival Date: 04/03/2019
Minimum Price: ₹1800
Maximum Price: ₹1900
Modal Price: ₹1850"
"What is the price of Black Gram (Urd Beans)(Whole) in Cuddalore market of Cuddalore, Tamil Nadu?","Commodity: Black Gram (Urd Beans)(Whole)
Variety: Black Gram (Whole)
State: Tamil Nadu
District: Cuddalore
Market: Cuddalore
Arrival Date: 04/03/2019
Minimum Price: ₹4559
Maximum Price: ₹4789
Modal Price: ₹4789"
"What is the price of Groundnut in Cuddalore market of Cuddalore, Tamil Nadu?","Commodity: Groundnut
Variety: Other
State: Tamil Nadu
District: Cuddalore
Market: Cuddalore
Arrival Date: 04/03/2019
Minimum Price: ₹6036
Maximum Price: ₹7361
Modal Price: ₹7034"
"What is the price of Paddy(Dhan)(Common) in Cuddalore market of Cuddalore, Tamil Nadu?","Commodity: Paddy(Dhan)(Common)
Variety: B P T
State: Tamil Nadu
District: Cuddalore
Market: Cuddalore
Arrival Date: 04/03/2019
Minimum Price: ₹1344
Maximum Price: ₹1555
Modal Price: ₹1500"
"What is the price of Paddy(Dhan)(Common) in Cuddalore market of Cuddalore, Tamil Nadu?","Commodity: Paddy(Dhan)(Common)
Variety: Other
State: Tamil Nadu
District: Cuddalore
Market: Cuddalore
Arrival Date: 04/03/2019
Minimum Price: ₹1616
Maximum Price: ₹1616
Modal Price: ₹1616"
"What is the price of Paddy(Dhan)(Common) in Cuddalore market of Cuddalore, Tamil Nadu?","Commodity: Paddy(Dhan)(Common)
Variety: Pommani
State: Tamil Nadu
District: Cuddalore
Market: Cuddalore
Arrival Date: 04/03/2019
Minimum Price: ₹1407
Maximum Price: ₹1407
Modal Price: ₹1407"
"What is the price of Black Gram (Urd Beans)(Whole) in Kurinchipadi market of Cuddalore, Tamil Nadu?","Commodity: Black Gram (Urd Beans)(Whole)
Variety: Black Gram (Whole)
State: Tamil Nadu
District: Cuddalore
Market: Kurinchipadi
Arrival Date: 04/03/2019
Minimum Price: ₹4606
Maximum Price: ₹4806
Modal Price: ₹4706"
"What is the price of Groundnut in Kurinchipadi market of Cuddalore, Tamil Nadu?","Commodity: Groundnut
Variety: Other
State: Tamil Nadu
District: Cuddalore
Market: Kurinchipadi
Arrival Date: 04/03/2019
Minimum Price: ₹6861
Maximum Price: ₹7240
Modal Price: ₹7036"
"What is the price of Tamarind Fruit in Dharampuri market of Dharmapuri, Tamil Nadu?","Commodity: Tamarind Fruit
Variety: Chapathi
State: Tamil Nadu
District: Dharmapuri
Market: Dharampuri
Arrival Date: 04/03/2019
Minimum Price: ₹4000
Maximum Price: ₹7500
Modal Price: ₹6000"
"What is the price of Coconut Seed in Palakode market of Dharmapuri, Tamil Nadu?","Commodity: Coconut Seed
Variety: Other
State: Tamil Nadu
District: Dharmapuri
Market: Palakode
Arrival Date: 04/03/2019
Minimum Price: ₹1000
Maximum Price: ₹1500
Modal Price: ₹1200"
"What is the price of Cotton in Papparapatti market of Dharmapuri, Tamil Nadu?","Commodity: Cotton
Variety: Other
State: Tamil Nadu
District: Dharmapuri
Market: Papparapatti
Arrival Date: 04/03/2019
Minimum Price: ₹5200
Maximum Price: ₹5700
Modal Price: ₹5600"
"What is the price of Tamarind Fruit in Papparapatti market of Dharmapuri, Tamil Nadu?","Commodity: Tamarind Fruit
Variety: Chapathi
State: Tamil Nadu
District: Dharmapuri
Market: Papparapatti
Arrival Date: 04/03/2019
Minimum Price: ₹4000
Maximum Price: ₹6800
Modal Price: ₹5900"
"What is the price of Coconut Seed in Pappireddipatti market of Dharmapuri, Tamil Nadu?","Commodity: Coconut Seed
Variety: Other
State: Tamil Nadu
District: Dharmapuri
Market: Pappireddipatti
Arrival Date: 04/03/2019
Minimum Price: ₹1000
Maximum Price: ₹1500
Modal Price: ₹1200"
"What is the price of Groundnut in Pennagaram market of Dharmapuri, Tamil Nadu?","Commodity: Groundnut
Variety: Other
State: Tamil Nadu
District: Dharmapuri
Market: Pennagaram
Arrival Date: 04/03/2019
Minimum Price: ₹4900
Maximum Price: ₹5200
Modal Price: ₹5000"
"What is the price of Coconut in Gopalpatti market of Dindigul, Tamil Nadu?","Commodity: Coconut
Variety: Medium
State: Tamil Nadu
District: Dindigul
Market: Gopalpatti
Arrival Date: 04/03/2019
Minimum Price: ₹1100
Maximum Price: ₹2100
Modal Price: ₹1600"
"What is the price of Maize in Gopalpatti market of Dindigul, Tamil Nadu?","Commodity: Maize
Variety: Medium
State: Tamil Nadu
District: Dindigul
Market: Gopalpatti
Arrival Date: 04/03/2019
Minimum Price: ₹1500
Maximum Price: ₹1700
Modal Price: ₹1600"
"What is the price of Coconut in Palani market of Dindigul, Tamil Nadu?","Commodity: Coconut
Variety: Coconut
State: Tamil Nadu
District: Dindigul
Market: Palani
Arrival Date: 04/03/2019
Minimum Price: ₹1500
Maximum Price: ₹1800
Modal Price: ₹1650"
"What is the price of Coconut in Dharapuram market of Erode, Tamil Nadu?","Commodity: Coconut
Variety: Big
State: Tamil Nadu
District: Erode
Market: Dharapuram
Arrival Date: 04/03/2019
Minimum Price: ₹2505
Maximum Price: ₹3275
Modal Price: ₹3000"
"What is the price of Coconut in Elumathur market of Erode, Tamil Nadu?","Commodity: Coconut
Variety: Other
State: Tamil Nadu
District: Erode
Market: Elumathur
Arrival Date: 04/03/2019
Minimum Price: ₹2535
Maximum Price: ₹3410
Modal Price: ₹2870"
"What is the price of Coconut in Kodumudi market of Erode, Tamil Nadu?","Commodity: Coconut
Variety: Other
State: Tamil Nadu
District: Erode
Market: Kodumudi
Arrival Date: 04/03/2019
Minimum Price: ₹2635
Maximum Price: ₹3000
Modal Price: ₹2935"
"What is the price of Copra in Kodumudi market of Erode, Tamil Nadu?","Commodity: Copra
Variety: other
State: Tamil Nadu
District: Erode
Market: Kodumudi
Arrival Date: 04/03/2019
Minimum Price: ₹9605
Maximum Price: ₹10205
Modal Price: ₹10195"
"What is the price of Sesamum(Sesame,Gingelly,Til) in Kodumudi market of Erode, Tamil Nadu?","Commodity: Sesamum(Sesame,Gingelly,Til)
Variety: Black
State: Tamil Nadu
District: Erode
Market: Kodumudi
Arrival Date: 04/03/2019
Minimum Price: ₹11300
Maximum Price: ₹14677
Modal Price: ₹14509"
"What is the price of Sesamum(Sesame,Gingelly,Til) in Kodumudi market of Erode, Tamil Nadu?","Commodity: Sesamum(Sesame,Gingelly,Til)
Variety: Red
State: Tamil Nadu
District: Erode
Market: Kodumudi
Arrival Date: 04/03/2019
Minimum Price: ₹10249
Maximum Price: ₹11791
Modal Price: ₹11681"
"What is the price of Coconut in Kunnathur market of Erode, Tamil Nadu?","Commodity: Coconut
Variety: Coconut
State: Tamil Nadu
District: Erode
Market: Kunnathur
Arrival Date: 04/03/2019
Minimum Price: ₹2500
Maximum Price: ₹2600
Modal Price: ₹2530"
"What is the price of Coconut in Muthur market of Erode, Tamil Nadu?","Commodity: Coconut
Variety: Coconut
State: Tamil Nadu
District: Erode
Market: Muthur
Arrival Date: 04/03/2019
Minimum Price: ₹2505
Maximum Price: ₹3275
Modal Price: ₹3225"
"What is the price of Copra in Vellakkoil market of Erode, Tamil Nadu?","Commodity: Copra
Variety: Copra
State: Tamil Nadu
District: Erode
Market: Vellakkoil
Arrival Date: 04/03/2019
Minimum Price: ₹5305
Maximum Price: ₹10915
Modal Price: ₹8845"
"What is the price of Paddy(Dhan)(Common) in Acharapakkam market of Kancheepuram, Tamil Nadu?","Commodity: Paddy(Dhan)(Common)
Variety: ADT 37
State: Tamil Nadu
District: Kancheepuram
Market: Acharapakkam
Arrival Date: 04/03/2019
Minimum Price: ₹1350
Maximum Price: ₹1480
Modal Price: ₹1420"
"What is the price of Paddy(Dhan)(Common) in Chengalpattu market of Kancheepuram, Tamil Nadu?","Commodity: Paddy(Dhan)(Common)
Variety: ADT 37
State: Tamil Nadu
District: Kancheepuram
Market: Chengalpattu
Arrival Date: 04/03/2019
Minimum Price: ₹1427
Maximum Price: ₹1692
Modal Price: ₹1560"
"What is the price of Paddy(Dhan)(Common) in Gummidipoondy market of Kancheepuram, Tamil Nadu?","Commodity: Paddy(Dhan)(Common)
Variety: ADT 37
State: Tamil Nadu
District: Kancheepuram
Market: Gummidipoondy
Arrival Date: 04/03/2019
Minimum Price: ₹1450
Maximum Price: ₹1750
Modal Price: ₹1550"
"What is the price of Paddy(Dhan)(Common) in Kanchipuram market of Kancheepuram, Tamil Nadu?","Commodity: Paddy(Dhan)(Common)
Variety: ADT 37
State: Tamil Nadu
District: Kancheepuram
Market: Kanchipuram
Arrival Date: 04/03/2019
Minimum Price: ₹1220
Maximum Price: ₹1410
Modal Price: ₹1350"
"What is the price of Paddy(Dhan)(Common) in Maduranthagam market of Kancheepuram, Tamil Nadu?","Commodity: Paddy(Dhan)(Common)
Variety: ADT 37
State: Tamil Nadu
District: Kancheepuram
Market: Maduranthagam
Arrival Date: 04/03/2019
Minimum Price: ₹1360
Maximum Price: ₹1480
Modal Price: ₹1420"
"What is the price of Paddy(Dhan)(Common) in Pallipattu market of Kancheepuram, Tamil Nadu?","Commodity: Paddy(Dhan)(Common)
Variety: ADT 37
State: Tamil Nadu
District: Kancheepuram
Market: Pallipattu
Arrival Date: 04/03/2019
Minimum Price: ₹1427
Maximum Price: ₹1692
Modal Price: ₹1560"
"What is the price of Paddy(Dhan)(Common) in Ponner market of Kancheepuram, Tamil Nadu?","Commodity: Paddy(Dhan)(Common)
Variety: ADT 43
State: Tamil Nadu
District: Kancheepuram
Market: Ponner
Arrival Date: 04/03/2019
Minimum Price: ₹1450
Maximum Price: ₹1750
Modal Price: ₹1550"
"What is the price of Paddy(Dhan)(Common) in Sunguvarchatram market of Kancheepuram, Tamil Nadu?","Commodity: Paddy(Dhan)(Common)
Variety: ADT 37
State: Tamil Nadu
District: Kancheepuram
Market: Sunguvarchatram
Arrival Date: 04/03/2019
Minimum Price: ₹1427
Maximum Price: ₹1692
Modal Price: ₹1560"
"What is the price of Paddy(Dhan)(Common) in Uthiramerur market of Kancheepuram, Tamil Nadu?","Commodity: Paddy(Dhan)(Common)
Variety: ADT 37
State: Tamil Nadu
District: Kancheepuram
Market: Uthiramerur
Arrival Date: 04/03/2019
Minimum Price: ₹1400
Maximum Price: ₹1407
Modal Price: ₹1404"
"What is the price of Coconut Seed in Bargur market of Krishnagiri, Tamil Nadu?","Commodity: Coconut Seed
Variety: Other
State: Tamil Nadu
District: Krishnagiri
Market: Bargur
Arrival Date: 04/03/2019
Minimum Price: ₹1500
Maximum Price: ₹1950
Modal Price: ₹1800"
"What is the price of Coconut Seed in Pochampalli market of Krishnagiri, Tamil Nadu?","Commodity: Coconut Seed
Variety: Other
State: Tamil Nadu
District: Krishnagiri
Market: Pochampalli
Arrival Date: 04/03/2019
Minimum Price: ₹1500
Maximum Price: ₹2100
Modal Price: ₹1950"
"What is the price of Coconut Seed in Uthangarai market of Krishnagiri, Tamil Nadu?","Commodity: Coconut Seed
Variety: Other
State: Tamil Nadu
District: Krishnagiri
Market: Uthangarai
Arrival Date: 04/03/2019
Minimum Price: ₹1500
Maximum Price: ₹2100
Modal Price: ₹1950"
"What is the price of Cotton in Uthangarai market of Krishnagiri, Tamil Nadu?","Commodity: Cotton
Variety: Other
State: Tamil Nadu
District: Krishnagiri
Market: Uthangarai
Arrival Date: 04/03/2019
Minimum Price: ₹5200
Maximum Price: ₹6200
Modal Price: ₹5700"
"What is the price of Coconut in Melur market of Madurai, Tamil Nadu?","Commodity: Coconut
Variety: Medium
State: Tamil Nadu
District: Madurai
Market: Melur
Arrival Date: 04/03/2019
Minimum Price: ₹1350
Maximum Price: ₹2150
Modal Price: ₹1750"
"What is the price of Paddy(Dhan)(Common) in Melur market of Madurai, Tamil Nadu?","Commodity: Paddy(Dhan)(Common)
Variety: ADT 36
State: Tamil Nadu
District: Madurai
Market: Melur
Arrival Date: 04/03/2019
Minimum Price: ₹1790
Maximum Price: ₹1850
Modal Price: ₹1820"
"What is the price of Paddy(Dhan)(Common) in Melur market of Madurai, Tamil Nadu?","Commodity: Paddy(Dhan)(Common)
Variety: ADT 43
State: Tamil Nadu
District: Madurai
Market: Melur
Arrival Date: 04/03/2019
Minimum Price: ₹1810
Maximum Price: ₹1870
Modal Price: ₹1840"
"What is the price of Sesamum(Sesame,Gingelly,Til) in Melur market of Madurai, Tamil Nadu?","Commodity: Sesamum(Sesame,Gingelly,Til)
Variety: Black
State: Tamil Nadu
District: Madurai
Market: Melur
Arrival Date: 04/03/2019
Minimum Price: ₹6200
Maximum Price: ₹8000
Modal Price: ₹7100"
"What is the price of Cotton in Thirumangalam market of Madurai, Tamil Nadu?","Commodity: Cotton
Variety: MCU 5
State: Tamil Nadu
District: Madurai
Market: Thirumangalam
Arrival Date: 04/03/2019
Minimum Price: ₹4200
Maximum Price: ₹4300
Modal Price: ₹4250"
"What is the price of Cotton in Thirumangalam market of Madurai, Tamil Nadu?","Commodity: Cotton
Variety: Other
State: Tamil Nadu
District: Madurai
Market: Thirumangalam
Arrival Date: 04/03/2019
Minimum Price: ₹3950
Maximum Price: ₹4080
Modal Price: ₹4000"
"What is the price of Jowar(Sorghum) in Thirumangalam market of Madurai, Tamil Nadu?","Commodity: Jowar(Sorghum)
Variety: Red
State: Tamil Nadu
District: Madurai
Market: Thirumangalam
Arrival Date: 04/03/2019
Minimum Price: ₹2100
Maximum Price: ₹2200
Modal Price: ₹2150"
"What is the price of Paddy(Dhan)(Common) in Thirumangalam market of Madurai, Tamil Nadu?","Commodity: Paddy(Dhan)(Common)
Variety: ADT 43
State: Tamil Nadu
District: Madurai
Market: Thirumangalam
Arrival Date: 04/03/2019
Minimum Price: ₹1800
Maximum Price: ₹1900
Modal Price: ₹1850"
"What is the price of Paddy(Dhan)(Common) in Thirumangalam market of Madurai, Tamil Nadu?","Commodity: Paddy(Dhan)(Common)
Variety: Ponni
State: Tamil Nadu
District: Madurai
Market: Thirumangalam
Arrival Date: 04/03/2019
Minimum Price: ₹2400
Maximum Price: ₹2500
Modal Price: ₹2450"
"What is the price of Cashewnuts in Kalliakavillai market of Nagercoil (Kannyiakumari), Tamil Nadu?","Commodity: Cashewnuts
Variety: Local(Raw)
State: Tamil Nadu
District: Nagercoil (Kannyiakumari)
Market: Kalliakavillai
Arrival Date: 04/03/2019
Minimum Price: ₹9500
Maximum Price: ₹11500
Modal Price: ₹10500"
"What is the price of Turmeric in Namagiripettai market of Namakkal, Tamil Nadu?","Commodity: Turmeric
Variety: Bulb
State: Tamil Nadu
District: Namakkal
Market: Namagiripettai
Arrival Date: 04/03/2019
Minimum Price: ₹5050
Maximum Price: ₹6050
Modal Price: ₹5740"
"What is the price of Turmeric in Namagiripettai market of Namakkal, Tamil Nadu?","Commodity: Turmeric
Variety: Finger
State: Tamil Nadu
District: Namakkal
Market: Namagiripettai
Arrival Date: 04/03/2019
Minimum Price: ₹6500
Maximum Price: ₹7500
Modal Price: ₹6800"
"What is the price of Copra in Namakkal market of Namakkal, Tamil Nadu?","Commodity: Copra
Variety: Ball
State: Tamil Nadu
District: Namakkal
Market: Namakkal
Arrival Date: 04/03/2019
Minimum Price: ₹8100
Maximum Price: ₹8700
Modal Price: ₹8400"
"What is the price of Copra in Rasipuram market of Namakkal, Tamil Nadu?","Commodity: Copra
Variety: other
State: Tamil Nadu
District: Namakkal
Market: Rasipuram
Arrival Date: 04/03/2019
Minimum Price: ₹8500
Maximum Price: ₹10400
Modal Price: ₹9450"
"What is the price of Turmeric in Tiruchengode market of Namakkal, Tamil Nadu?","Commodity: Turmeric
Variety: Bulb
State: Tamil Nadu
District: Namakkal
Market: Tiruchengode
Arrival Date: 04/03/2019
Minimum Price: ₹6712
Maximum Price: ₹7288
Modal Price: ₹6950"
"What is the price of Turmeric in Tiruchengode market of Namakkal, Tamil Nadu?","Commodity: Turmeric
Variety: Finger
State: Tamil Nadu
District: Namakkal
Market: Tiruchengode
Arrival Date: 04/03/2019
Minimum Price: ₹7412
Maximum Price: ₹8609
Modal Price: ₹8000"
"What is the price of Coconut in Velur market of Namakkal, Tamil Nadu?","Commodity: Coconut
Variety: Other
State: Tamil Nadu
District: Namakkal
Market: Velur
Arrival Date: 04/03/2019
Minimum Price: ₹2200
Maximum Price: ₹2500
Modal Price: ₹2350"
"What is the price of Paddy(Dhan)(Common) in Sivagangai market of Ramanathapuram, Tamil Nadu?","Commodity: Paddy(Dhan)(Common)
Variety: ADT 36
State: Tamil Nadu
District: Ramanathapuram
Market: Sivagangai
Arrival Date: 04/03/2019
Minimum Price: ₹1780
Maximum Price: ₹1830
Modal Price: ₹1810"
"What is the price of Copra in Attur market of Salem, Tamil Nadu?","Commodity: Copra
Variety: Ball
State: Tamil Nadu
District: Salem
Market: Attur
Arrival Date: 04/03/2019
Minimum Price: ₹9400
Maximum Price: ₹10300
Modal Price: ₹9700"
"What is the price of Tapioca in Attur market of Salem, Tamil Nadu?","Commodity: Tapioca
Variety: Other
State: Tamil Nadu
District: Salem
Market: Attur
Arrival Date: 04/03/2019
Minimum Price: ₹210
Maximum Price: ₹230
Modal Price: ₹220"
"What is the price of Cotton in Gangavalli market of Salem, Tamil Nadu?","Commodity: Cotton
Variety: Other
State: Tamil Nadu
District: Salem
Market: Gangavalli
Arrival Date: 04/03/2019
Minimum Price: ₹5600
Maximum Price: ₹5700
Modal Price: ₹5650"
"What is the price of Coconut in Karumanturai market of Salem, Tamil Nadu?","Commodity: Coconut
Variety: Other
State: Tamil Nadu
District: Salem
Market: Karumanturai
Arrival Date: 04/03/2019
Minimum Price: ₹1980
Maximum Price: ₹2440
Modal Price: ₹2210"
"What is the price of Cotton in Kolathur market of Salem, Tamil Nadu?","Commodity: Cotton
Variety: Other
State: Tamil Nadu
District: Salem
Market: Kolathur
Arrival Date: 04/03/2019
Minimum Price: ₹4600
Maximum Price: ₹5000
Modal Price: ₹4800"
"What is the price of Cotton in Konganapuram market of Salem, Tamil Nadu?","Commodity: Cotton
Variety: Other
State: Tamil Nadu
District: Salem
Market: Konganapuram
Arrival Date: 04/03/2019
Minimum Price: ₹5000
Maximum Price: ₹5400
Modal Price: ₹5200"
"What is the price of Coconut in Omalur market of Salem, Tamil Nadu?","Commodity: Coconut
Variety: Other
State: Tamil Nadu
District: Salem
Market: Omalur
Arrival Date: 04/03/2019
Minimum Price: ₹1160
Maximum Price: ₹1400
Modal Price: ₹1280"
"What is the price of Turmeric in Salem market of Salem, Tamil Nadu?","Commodity: Turmeric
Variety: Finger
State: Tamil Nadu
District: Salem
Market: Salem
Arrival Date: 04/03/2019
Minimum Price: ₹6940
Maximum Price: ₹7395
Modal Price: ₹7120"
"What is the price of Maize in Thalaivasal market of Salem, Tamil Nadu?","Commodity: Maize
Variety: Other
State: Tamil Nadu
District: Salem
Market: Thalaivasal
Arrival Date: 04/03/2019
Minimum Price: ₹1790
Maximum Price: ₹1880
Modal Price: ₹1840"
"What is the price of Cotton in Thammampati market of Salem, Tamil Nadu?","Commodity: Cotton
Variety: GCH
State: Tamil Nadu
District: Salem
Market: Thammampati
Arrival Date: 04/03/2019
Minimum Price: ₹5600
Maximum Price: ₹5650
Modal Price: ₹5625"
"What is the price of Coconut in Vazhapadi market of Salem, Tamil Nadu?","Commodity: Coconut
Variety: Other
State: Tamil Nadu
District: Salem
Market: Vazhapadi
Arrival Date: 04/03/2019
Minimum Price: ₹2080
Maximum Price: ₹2540
Modal Price: ₹2310"
"What is the price of Coconut in Singampuneri market of Sivaganga, Tamil Nadu?","Commodity: Coconut
Variety: Other
State: Tamil Nadu
District: Sivaganga
Market: Singampuneri
Arrival Date: 04/03/2019
Minimum Price: ₹800
Maximum Price: ₹1200
Modal Price: ₹950"
"What is the price of Paddy(Dhan)(Common) in Budalur market of Thanjavur, Tamil Nadu?","Commodity: Paddy(Dhan)(Common)
Variety: B P T
State: Tamil Nadu
District: Thanjavur
Market: Budalur
Arrival Date: 04/03/2019
Minimum Price: ₹1900
Maximum Price: ₹2100
Modal Price: ₹2000"
"What is the price of Paddy(Dhan)(Common) in Kumbakonam market of Thanjavur, Tamil Nadu?","Commodity: Paddy(Dhan)(Common)
Variety: B P T
State: Tamil Nadu
District: Thanjavur
Market: Kumbakonam
Arrival Date: 04/03/2019
Minimum Price: ₹1750
Maximum Price: ₹1800
Modal Price: ₹1780"
"What is the price of Paddy(Dhan)(Common) in Orathanadu market of Thanjavur, Tamil Nadu?","Commodity: Paddy(Dhan)(Common)
Variety: B P T
State: Tamil Nadu
District: Thanjavur
Market: Orathanadu
Arrival Date: 04/03/2019
Minimum Price: ₹1750
Maximum Price: ₹1800
Modal Price: ₹1780"
"What is the price of Paddy(Dhan)(Common) in Papanasam market of Thanjavur, Tamil Nadu?","Commodity: Paddy(Dhan)(Common)
Variety: 1001
State: Tamil Nadu
District: Thanjavur
Market: Papanasam
Arrival Date: 04/03/2019
Minimum Price: ₹1750
Maximum Price: ₹1800
Modal Price: ₹1780"
"What is the price of Paddy(Dhan)(Common) in Thanjavur market of Thanjavur, Tamil Nadu?","Commodity: Paddy(Dhan)(Common)
Variety: B P T
State: Tamil Nadu
District: Thanjavur
Market: Thanjavur
Arrival Date: 04/03/2019
Minimum Price: ₹2200
Maximum Price: ₹2300
Modal Price: ₹2250"
"What is the price of Paddy(Dhan)(Common) in Thiruppananthal market of Thanjavur, Tamil Nadu?","Commodity: Paddy(Dhan)(Common)
Variety: Paddy
State: Tamil Nadu
District: Thanjavur
Market: Thiruppananthal
Arrival Date: 04/03/2019
Minimum Price: ₹1800
Maximum Price: ₹1900
Modal Price: ₹1850"
"What is the price of Paddy(Dhan)(Common) in Vallam market of Thanjavur, Tamil Nadu?","Commodity: Paddy(Dhan)(Common)
Variety: B P T
State: Tamil Nadu
District: Thanjavur
Market: Vallam
Arrival Date: 04/03/2019
Minimum Price: ₹1900
Maximum Price: ₹2000
Modal Price: ₹1950"
"What is the price of Groundnut in Cheyyar market of Thiruvannamalai, Tamil Nadu?","Commodity: Groundnut
Variety: Other
State: Tamil Nadu
District: Thiruvannamalai
Market: Cheyyar
Arrival Date: 04/03/2019
Minimum Price: ₹6203
Maximum Price: ₹6703
Modal Price: ₹6620"
"What is the price of Paddy(Dhan)(Common) in Cheyyar market of Thiruvannamalai, Tamil Nadu?","Commodity: Paddy(Dhan)(Common)
Variety: ADT 37
State: Tamil Nadu
District: Thiruvannamalai
Market: Cheyyar
Arrival Date: 04/03/2019
Minimum Price: ₹1258
Maximum Price: ₹1449
Modal Price: ₹1356"
"What is the price of Paddy(Dhan)(Common) in Cheyyar market of Thiruvannamalai, Tamil Nadu?","Commodity: Paddy(Dhan)(Common)
Variety: Other
State: Tamil Nadu
District: Thiruvannamalai
Market: Cheyyar
Arrival Date: 04/03/2019
Minimum Price: ₹1286
Maximum Price: ₹1509
Modal Price: ₹1448"
"What is the price of Paddy(Dhan)(Common) in Ammoor market of Vellore, Tamil Nadu?","Commodity: Paddy(Dhan)(Common)
Variety: ADT 36
State: Tamil Nadu
District: Vellore
Market: Ammoor
Arrival Date: 04/03/2019
Minimum Price: ₹1385
Maximum Price: ₹1467
Modal Price: ₹1426"
"What is the price of Paddy(Dhan)(Common) in Ammoor market of Vellore, Tamil Nadu?","Commodity: Paddy(Dhan)(Common)
Variety: ADT 37
State: Tamil Nadu
District: Vellore
Market: Ammoor
Arrival Date: 04/03/2019
Minimum Price: ₹1140
Maximum Price: ₹1455
Modal Price: ₹1298"
"What is the price of Paddy(Dhan)(Common) in Ammoor market of Vellore, Tamil Nadu?","Commodity: Paddy(Dhan)(Common)
Variety: Other
State: Tamil Nadu
District: Vellore
Market: Ammoor
Arrival Date: 04/03/2019
Minimum Price: ₹1448
Maximum Price: ₹1521
Modal Price: ₹1485"
"What is the price of Paddy(Dhan)(Common) in Kalavai market of Vellore, Tamil Nadu?","Commodity: Paddy(Dhan)(Common)
Variety: ADT 37
State: Tamil Nadu
District: Vellore
Market: Kalavai
Arrival Date: 04/03/2019
Minimum Price: ₹1453
Maximum Price: ₹1453
Modal Price: ₹1453"
"What is the price of Paddy(Dhan)(Common) in Kalavai market of Vellore, Tamil Nadu?","Commodity: Paddy(Dhan)(Common)
Variety: Super Ponni
State: Tamil Nadu
District: Vellore
Market: Kalavai
Arrival Date: 04/03/2019
Minimum Price: ₹1406
Maximum Price: ₹1453
Modal Price: ₹1430"
"What is the price of Black Gram (Urd Beans)(Whole) in Vellore market of Vellore, Tamil Nadu?","Commodity: Black Gram (Urd Beans)(Whole)
Variety: Other
State: Tamil Nadu
District: Vellore
Market: Vellore
Arrival Date: 04/03/2019
Minimum Price: ₹4315
Maximum Price: ₹4815
Modal Price: ₹4715"
"What is the price of Copra in Vellore market of Vellore, Tamil Nadu?","Commodity: Copra
Variety: Copra
State: Tamil Nadu
District: Vellore
Market: Vellore
Arrival Date: 04/03/2019
Minimum Price: ₹7030
Maximum Price: ₹9600
Modal Price: ₹9300"
"What is the price of Cowpea (Lobia/Karamani) in Vellore market of Vellore, Tamil Nadu?","Commodity: Cowpea (Lobia/Karamani)
Variety: Other
State: Tamil Nadu
District: Vellore
Market: Vellore
Arrival Date: 04/03/2019
Minimum Price: ₹4350
Maximum Price: ₹4550
Modal Price: ₹4550"
"What is the price of Groundnut in Vellore market of Vellore, Tamil Nadu?","Commodity: Groundnut
Variety: Other
State: Tamil Nadu
District: Vellore
Market: Vellore
Arrival Date: 04/03/2019
Minimum Price: ₹7013
Maximum Price: ₹7752
Modal Price: ₹7361"
"What is the price of Kulthi(Horse Gram) in Vellore market of Vellore, Tamil Nadu?","Commodity: Kulthi(Horse Gram)
Variety: Other
State: Tamil Nadu
District: Vellore
Market: Vellore
Arrival Date: 04/03/2019
Minimum Price: ₹2189
Maximum Price: ₹3002
Modal Price: ₹2881"
"What is the price of Maize in Vellore market of Vellore, Tamil Nadu?","Commodity: Maize
Variety: Other
State: Tamil Nadu
District: Vellore
Market: Vellore
Arrival Date: 04/03/2019
Minimum Price: ₹1589
Maximum Price: ₹2210
Modal Price: ₹2210"
"What is the price of Paddy(Dhan)(Common) in Vellore market of Vellore, Tamil Nadu?","Commodity: Paddy(Dhan)(Common)
Variety: ADT 37
State: Tamil Nadu
District: Vellore
Market: Vellore
Arrival Date: 04/03/2019
Minimum Price: ₹1092
Maximum Price: ₹1492
Modal Price: ₹1400"
"What is the price of Paddy(Dhan)(Common) in Vellore market of Vellore, Tamil Nadu?","Commodity: Paddy(Dhan)(Common)
Variety: Other
State: Tamil Nadu
District: Vellore
Market: Vellore
Arrival Date: 04/03/2019
Minimum Price: ₹1652
Maximum Price: ₹1652
Modal Price: ₹1652"
"What is the price of Ragi (Finger Millet) in Vellore market of Vellore, Tamil Nadu?","Commodity: Ragi (Finger Millet)
Variety: Other
State: Tamil Nadu
District: Vellore
Market: Vellore
Arrival Date: 04/03/2019
Minimum Price: ₹2089
Maximum Price: ₹2661
Modal Price: ₹2640"
"What is the price of Tamarind Fruit in Vellore market of Vellore, Tamil Nadu?","Commodity: Tamarind Fruit
Variety: Other
State: Tamil Nadu
District: Vellore
Market: Vellore
Arrival Date: 04/03/2019
Minimum Price: ₹10100
Maximum Price: ₹10100
Modal Price: ₹10100"
"What is the price of Black Gram (Urd Beans)(Whole) in Avalurpet market of Villupuram, Tamil Nadu?","Commodity: Black Gram (Urd Beans)(Whole)
Variety: Other
State: Tamil Nadu
District: Villupuram
Market: Avalurpet
Arrival Date: 04/03/2019
Minimum Price: ₹4569
Maximum Price: ₹4892
Modal Price: ₹4792"
"What is the price of Green Gram (Moong)(Whole) in Avalurpet market of Villupuram, Tamil Nadu?","Commodity: Green Gram (Moong)(Whole)
Variety: Other
State: Tamil Nadu
District: Villupuram
Market: Avalurpet
Arrival Date: 04/03/2019
Minimum Price: ₹4412
Maximum Price: ₹7079
Modal Price: ₹5062"
"What is the price of Groundnut in Avalurpet market of Villupuram, Tamil Nadu?","Commodity: Groundnut
Variety: Other
State: Tamil Nadu
District: Villupuram
Market: Avalurpet
Arrival Date: 04/03/2019
Minimum Price: ₹5786
Maximum Price: ₹7111
Modal Price: ₹6961"
"What is the price of Paddy(Dhan)(Common) in Avalurpet market of Villupuram, Tamil Nadu?","Commodity: Paddy(Dhan)(Common)
Variety: ADT 37
State: Tamil Nadu
District: Villupuram
Market: Avalurpet
Arrival Date: 04/03/2019
Minimum Price: ₹1400
Maximum Price: ₹1507
Modal Price: ₹1453"
"What is the price of Paddy(Dhan)(Common) in Avalurpet market of Villupuram, Tamil Nadu?","Commodity: Paddy(Dhan)(Common)
Variety: Ponni
State: Tamil Nadu
District: Villupuram
Market: Avalurpet
Arrival Date: 04/03/2019
Minimum Price: ₹1772
Maximum Price: ₹2265
Modal Price: ₹2019"
"What is the price of Black Gram (Urd Beans)(Whole) in Chinnasalem market of Villupuram, Tamil Nadu?","Commodity: Black Gram (Urd Beans)(Whole)
Variety: Other
State: Tamil Nadu
District: Villupuram
Market: Chinnasalem
Arrival Date: 04/03/2019
Minimum Price: ₹4870
Maximum Price: ₹4870
Modal Price: ₹4870"
"What is the price of Maize in Chinnasalem market of Villupuram, Tamil Nadu?","Commodity: Maize
Variety: Other
State: Tamil Nadu
District: Villupuram
Market: Chinnasalem
Arrival Date: 04/03/2019
Minimum Price: ₹1867
Maximum Price: ₹2009
Modal Price: ₹1900"
"What is the price of Sesamum(Sesame,Gingelly,Til) in Chinnasalem market of Villupuram, Tamil Nadu?","Commodity: Sesamum(Sesame,Gingelly,Til)
Variety: Other
State: Tamil Nadu
District: Villupuram
Market: Chinnasalem
Arrival Date: 04/03/2019
Minimum Price: ₹9300
Maximum Price: ₹9400
Modal Price: ₹9350"
"What is the price of Black Gram (Urd Beans)(Whole) in Gingee market of Villupuram, Tamil Nadu?","Commodity: Black Gram (Urd Beans)(Whole)
Variety: Other
State: Tamil Nadu
District: Villupuram
Market: Gingee
Arrival Date: 04/03/2019
Minimum Price: ₹4809
Maximum Price: ₹4839
Modal Price: ₹4824"
"What is the price of Cotton in Gingee market of Villupuram, Tamil Nadu?","Commodity: Cotton
Variety: RCH-2
State: Tamil Nadu
District: Villupuram
Market: Gingee
Arrival Date: 04/03/2019
Minimum Price: ₹4250
Maximum Price: ₹4939
Modal Price: ₹4595"
"What is the price of Green Gram (Moong)(Whole) in Gingee market of Villupuram, Tamil Nadu?","Commodity: Green Gram (Moong)(Whole)
Variety: Other
State: Tamil Nadu
District: Villupuram
Market: Gingee
Arrival Date: 04/03/2019
Minimum Price: ₹5080
Maximum Price: ₹5199
Modal Price: ₹5140"
"What is the price of Groundnut in Gingee market of Villupuram, Tamil Nadu?","Commodity: Groundnut
Variety: Other
State: Tamil Nadu
District: Villupuram
Market: Gingee
Arrival Date: 04/03/2019
Minimum Price: ₹6336
Maximum Price: ₹6711
Modal Price: ₹6524"
"What is the price of Paddy(Dhan)(Common) in Gingee market of Villupuram, Tamil Nadu?","Commodity: Paddy(Dhan)(Common)
Variety: B P T
State: Tamil Nadu
District: Villupuram
Market: Gingee
Arrival Date: 04/03/2019
Minimum Price: ₹1673
Maximum Price: ₹1827
Modal Price: ₹1700"
"What is the price of Paddy(Dhan)(Common) in Gingee market of Villupuram, Tamil Nadu?","Commodity: Paddy(Dhan)(Common)
Variety: Ponni
State: Tamil Nadu
District: Villupuram
Market: Gingee
Arrival Date: 04/03/2019
Minimum Price: ₹2200
Maximum Price: ₹2812
Modal Price: ₹2506"
"What is the price of Paddy(Dhan)(Common) in Gingee market of Villupuram, Tamil Nadu?","Commodity: Paddy(Dhan)(Common)
Variety: TKM 9
State: Tamil Nadu
District: Villupuram
Market: Gingee
Arrival Date: 04/03/2019
Minimum Price: ₹1336
Maximum Price: ₹1565
Modal Price: ₹1451"
"What is the price of Ragi (Finger Millet) in Gingee market of Villupuram, Tamil Nadu?","Commodity: Ragi (Finger Millet)
Variety: Other
State: Tamil Nadu
District: Villupuram
Market: Gingee
Arrival Date: 04/03/2019
Minimum Price: ₹2400
Maximum Price: ₹2439
Modal Price: ₹2420"
"What is the price of Sesamum(Sesame,Gingelly,Til) in Gingee market of Villupuram, Tamil Nadu?","Commodity: Sesamum(Sesame,Gingelly,Til)
Variety: 95/5
State: Tamil Nadu
District: Villupuram
Market: Gingee
Arrival Date: 04/03/2019
Minimum Price: ₹10799
Maximum Price: ₹11299
Modal Price: ₹11049"
"What is the price of T.V. Cumbu in Gingee market of Villupuram, Tamil Nadu?","Commodity: T.V. Cumbu
Variety: Other
State: Tamil Nadu
District: Villupuram
Market: Gingee
Arrival Date: 04/03/2019
Minimum Price: ₹1851
Maximum Price: ₹1851
Modal Price: ₹1851"
"What is the price of Black Gram (Urd Beans)(Whole) in Kallakurichi market of Villupuram, Tamil Nadu?","Commodity: Black Gram (Urd Beans)(Whole)
Variety: Other
State: Tamil Nadu
District: Villupuram
Market: Kallakurichi
Arrival Date: 04/03/2019
Minimum Price: ₹4769
Maximum Price: ₹5013
Modal Price: ₹4866"
"What is the price of Gingelly Oil in Kallakurichi market of Villupuram, Tamil Nadu?","Commodity: Gingelly Oil
Variety: Other
State: Tamil Nadu
District: Villupuram
Market: Kallakurichi
Arrival Date: 04/03/2019
Minimum Price: ₹7999
Maximum Price: ₹11561
Modal Price: ₹10649"
"What is the price of Green Gram (Moong)(Whole) in Kallakurichi market of Villupuram, Tamil Nadu?","Commodity: Green Gram (Moong)(Whole)
Variety: Other
State: Tamil Nadu
District: Villupuram
Market: Kallakurichi
Arrival Date: 04/03/2019
Minimum Price: ₹4199
Maximum Price: ₹4599
Modal Price: ₹4302"
"What is the price of Groundnut in Kallakurichi market of Villupuram, Tamil Nadu?","Commodity: Groundnut
Variety: Other
State: Tamil Nadu
District: Villupuram
Market: Kallakurichi
Arrival Date: 04/03/2019
Minimum Price: ₹6886
Maximum Price: ₹6886
Modal Price: ₹6886"
"What is the price of Kodo Millet(Varagu) in Kallakurichi market of Villupuram, Tamil Nadu?","Commodity: Kodo Millet(Varagu)
Variety: Other
State: Tamil Nadu
District: Villupuram
Market: Kallakurichi
Arrival Date: 04/03/2019
Minimum Price: ₹1989
Maximum Price: ₹1989
Modal Price: ₹1989"
"What is the price of Maize in Kallakurichi market of Villupuram, Tamil Nadu?","Commodity: Maize
Variety: Other
State: Tamil Nadu
District: Villupuram
Market: Kallakurichi
Arrival Date: 04/03/2019
Minimum Price: ₹1509
Maximum Price: ₹1999
Modal Price: ₹1849"
"What is the price of Ragi (Finger Millet) in Kallakurichi market of Villupuram, Tamil Nadu?","Commodity: Ragi (Finger Millet)
Variety: Other
State: Tamil Nadu
District: Villupuram
Market: Kallakurichi
Arrival Date: 04/03/2019
Minimum Price: ₹2599
Maximum Price: ₹2599
Modal Price: ₹2599"
"What is the price of T.V. Cumbu in Kallakurichi market of Villupuram, Tamil Nadu?","Commodity: T.V. Cumbu
Variety: Other
State: Tamil Nadu
District: Villupuram
Market: Kallakurichi
Arrival Date: 04/03/2019
Minimum Price: ₹1910
Maximum Price: ₹2112
Modal Price: ₹2029"
"What is the price of Black Gram (Urd Beans)(Whole) in Manalurpet market of Villupuram, Tamil Nadu?","Commodity: Black Gram (Urd Beans)(Whole)
Variety: Other
State: Tamil Nadu
District: Villupuram
Market: Manalurpet
Arrival Date: 04/03/2019
Minimum Price: ₹4769
Maximum Price: ₹4852
Modal Price: ₹4811"
"What is the price of Green Gram (Moong)(Whole) in Manalurpet market of Villupuram, Tamil Nadu?","Commodity: Green Gram (Moong)(Whole)
Variety: Other
State: Tamil Nadu
District: Villupuram
Market: Manalurpet
Arrival Date: 04/03/2019
Minimum Price: ₹3539
Maximum Price: ₹3539
Modal Price: ₹3539"
"What is the price of Hybrid Cumbu in Manalurpet market of Villupuram, Tamil Nadu?","Commodity: Hybrid Cumbu
Variety: Other
State: Tamil Nadu
District: Villupuram
Market: Manalurpet
Arrival Date: 04/03/2019
Minimum Price: ₹1948
Maximum Price: ₹1948
Modal Price: ₹1948"
"What is the price of Paddy(Dhan)(Common) in Manalurpet market of Villupuram, Tamil Nadu?","Commodity: Paddy(Dhan)(Common)
Variety: ADT 37
State: Tamil Nadu
District: Villupuram
Market: Manalurpet
Arrival Date: 04/03/2019
Minimum Price: ₹1252
Maximum Price: ₹1457
Modal Price: ₹1355"
"What is the price of Ragi (Finger Millet) in Manalurpet market of Villupuram, Tamil Nadu?","Commodity: Ragi (Finger Millet)
Variety: Other
State: Tamil Nadu
District: Villupuram
Market: Manalurpet
Arrival Date: 04/03/2019
Minimum Price: ₹2312
Maximum Price: ₹2312
Modal Price: ₹2312"
"What is the price of Sesamum(Sesame,Gingelly,Til) in Manalurpet market of Villupuram, Tamil Nadu?","Commodity: Sesamum(Sesame,Gingelly,Til)
Variety: Other
State: Tamil Nadu
District: Villupuram
Market: Manalurpet
Arrival Date: 04/03/2019
Minimum Price: ₹9011
Maximum Price: ₹11351
Modal Price: ₹10181"
"What is the price of Black Gram (Urd Beans)(Whole) in Sangarapuram market of Villupuram, Tamil Nadu?","Commodity: Black Gram (Urd Beans)(Whole)
Variety: Other
State: Tamil Nadu
District: Villupuram
Market: Sangarapuram
Arrival Date: 04/03/2019
Minimum Price: ₹4009
Maximum Price: ₹5000
Modal Price: ₹4802"
"What is the price of Groundnut in Sangarapuram market of Villupuram, Tamil Nadu?","Commodity: Groundnut
Variety: Other
State: Tamil Nadu
District: Villupuram
Market: Sangarapuram
Arrival Date: 04/03/2019
Minimum Price: ₹4080
Maximum Price: ₹4080
Modal Price: ₹4080"
"What is the price of Kulthi(Horse Gram) in Sangarapuram market of Villupuram, Tamil Nadu?","Commodity: Kulthi(Horse Gram)
Variety: Other
State: Tamil Nadu
District: Villupuram
Market: Sangarapuram
Arrival Date: 04/03/2019
Minimum Price: ₹2630
Maximum Price: ₹2630
Modal Price: ₹2630"
"What is the price of Maize in Sangarapuram market of Villupuram, Tamil Nadu?","Commodity: Maize
Variety: Other
State: Tamil Nadu
District: Villupuram
Market: Sangarapuram
Arrival Date: 04/03/2019
Minimum Price: ₹1953
Maximum Price: ₹2042
Modal Price: ₹2029"
"What is the price of Paddy(Dhan)(Common) in Sangarapuram market of Villupuram, Tamil Nadu?","Commodity: Paddy(Dhan)(Common)
Variety: A. Ponni
State: Tamil Nadu
District: Villupuram
Market: Sangarapuram
Arrival Date: 04/03/2019
Minimum Price: ₹1548
Maximum Price: ₹1875
Modal Price: ₹1789"
"What is the price of Ragi (Finger Millet) in Sangarapuram market of Villupuram, Tamil Nadu?","Commodity: Ragi (Finger Millet)
Variety: Other
State: Tamil Nadu
District: Villupuram
Market: Sangarapuram
Arrival Date: 04/03/2019
Minimum Price: ₹1180
Maximum Price: ₹1180
Modal Price: ₹1180"
"What is the price of Sesamum(Sesame,Gingelly,Til) in Sangarapuram market of Villupuram, Tamil Nadu?","Commodity: Sesamum(Sesame,Gingelly,Til)
Variety: Other
State: Tamil Nadu
District: Villupuram
Market: Sangarapuram
Arrival Date: 04/03/2019
Minimum Price: ₹8640
Maximum Price: ₹10516
Modal Price: ₹9391"
"What is the price of Groundnut in Tindivanam market of Villupuram, Tamil Nadu?","Commodity: Groundnut
Variety: Other
State: Tamil Nadu
District: Villupuram
Market: Tindivanam
Arrival Date: 04/03/2019
Minimum Price: ₹6236
Maximum Price: ₹7387
Modal Price: ₹6724"
"What is the price of Hybrid Cumbu in Tindivanam market of Villupuram, Tamil Nadu?","Commodity: Hybrid Cumbu
Variety: Other
State: Tamil Nadu
District: Villupuram
Market: Tindivanam
Arrival Date: 04/03/2019
Minimum Price: ₹2222
Maximum Price: ₹2222
Modal Price: ₹2222"
"What is the price of Karamani in Tindivanam market of Villupuram, Tamil Nadu?","Commodity: Karamani
Variety: Other
State: Tamil Nadu
District: Villupuram
Market: Tindivanam
Arrival Date: 04/03/2019
Minimum Price: ₹5987
Maximum Price: ₹6363
Modal Price: ₹6263"
"What is the price of Ragi (Finger Millet) in Tindivanam market of Villupuram, Tamil Nadu?","Commodity: Ragi (Finger Millet)
Variety: Other
State: Tamil Nadu
District: Villupuram
Market: Tindivanam
Arrival Date: 04/03/2019
Minimum Price: ₹2400
Maximum Price: ₹2654
Modal Price: ₹2400"
"What is the price of Sesamum(Sesame,Gingelly,Til) in Tindivanam market of Villupuram, Tamil Nadu?","Commodity: Sesamum(Sesame,Gingelly,Til)
Variety: Other
State: Tamil Nadu
District: Villupuram
Market: Tindivanam
Arrival Date: 04/03/2019
Minimum Price: ₹11199
Maximum Price: ₹11324
Modal Price: ₹11261"
"What is the price of Paddy(Dhan)(Common) in Tiruvennainallur market of Villupuram, Tamil Nadu?","Commodity: Paddy(Dhan)(Common)
Variety: ADT 37
State: Tamil Nadu
District: Villupuram
Market: Tiruvennainallur
Arrival Date: 04/03/2019
Minimum Price: ₹1318
Maximum Price: ₹1425
Modal Price: ₹1376"
"What is the price of Paddy(Dhan)(Common) in Tiruvennainallur market of Villupuram, Tamil Nadu?","Commodity: Paddy(Dhan)(Common)
Variety: Other
State: Tamil Nadu
District: Villupuram
Market: Tiruvennainallur
Arrival Date: 04/03/2019
Minimum Price: ₹1358
Maximum Price: ₹1420
Modal Price: ₹1395"
"What is the price of Black Gram (Urd Beans)(Whole) in Vikkiravandi market of Villupuram, Tamil Nadu?","Commodity: Black Gram (Urd Beans)(Whole)
Variety: Other
State: Tamil Nadu
District: Villupuram
Market: Vikkiravandi
Arrival Date: 04/03/2019
Minimum Price: ₹4699
Maximum Price: ₹4869
Modal Price: ₹4779"
"What is the price of Cotton in Vikkiravandi market of Villupuram, Tamil Nadu?","Commodity: Cotton
Variety: Other
State: Tamil Nadu
District: Villupuram
Market: Vikkiravandi
Arrival Date: 04/03/2019
Minimum Price: ₹4696
Maximum Price: ₹4912
Modal Price: ₹4896"
"What is the price of Green Gram (Moong)(Whole) in Vikkiravandi market of Villupuram, Tamil Nadu?","Commodity: Green Gram (Moong)(Whole)
Variety: Other
State: Tamil Nadu
District: Villupuram
Market: Vikkiravandi
Arrival Date: 04/03/2019
Minimum Price: ₹5179
Maximum Price: ₹5339
Modal Price: ₹5209"
"What is the price of Groundnut in Vikkiravandi market of Villupuram, Tamil Nadu?","Commodity: Groundnut
Variety: Other
State: Tamil Nadu
District: Villupuram
Market: Vikkiravandi
Arrival Date: 04/03/2019
Minimum Price: ₹4723
Maximum Price: ₹5923
Modal Price: ₹5555"
"What is the price of Hybrid Cumbu in Vikkiravandi market of Villupuram, Tamil Nadu?","Commodity: Hybrid Cumbu
Variety: Other
State: Tamil Nadu
District: Villupuram
Market: Vikkiravandi
Arrival Date: 04/03/2019
Minimum Price: ₹1800
Maximum Price: ₹1853
Modal Price: ₹1825"
"What is the price of Paddy(Dhan)(Common) in Vikkiravandi market of Villupuram, Tamil Nadu?","Commodity: Paddy(Dhan)(Common)
Variety: ADT 37
State: Tamil Nadu
District: Villupuram
Market: Vikkiravandi
Arrival Date: 04/03/2019
Minimum Price: ₹1248
Maximum Price: ₹1629
Modal Price: ₹1420"
"What is the price of Paddy(Dhan)(Common) in Vikkiravandi market of Villupuram, Tamil Nadu?","Commodity: Paddy(Dhan)(Common)
Variety: ADT 39
State: Tamil Nadu
District: Villupuram
Market: Vikkiravandi
Arrival Date: 04/03/2019
Minimum Price: ₹1270
Maximum Price: ₹1587
Modal Price: ₹1515"
"What is the price of Paddy(Dhan)(Common) in Vikkiravandi market of Villupuram, Tamil Nadu?","Commodity: Paddy(Dhan)(Common)
Variety: B P T
State: Tamil Nadu
District: Villupuram
Market: Vikkiravandi
Arrival Date: 04/03/2019
Minimum Price: ₹1700
Maximum Price: ₹1737
Modal Price: ₹1715"
"What is the price of Ragi (Finger Millet) in Vikkiravandi market of Villupuram, Tamil Nadu?","Commodity: Ragi (Finger Millet)
Variety: Other
State: Tamil Nadu
District: Villupuram
Market: Vikkiravandi
Arrival Date: 04/03/2019
Minimum Price: ₹2529
Maximum Price: ₹2592
Modal Price: ₹2579"
"What is the price of Sesamum(Sesame,Gingelly,Til) in Vikkiravandi market of Villupuram, Tamil Nadu?","Commodity: Sesamum(Sesame,Gingelly,Til)
Variety: Other
State: Tamil Nadu
District: Villupuram
Market: Vikkiravandi
Arrival Date: 04/03/2019
Minimum Price: ₹9774
Maximum Price: ₹10749
Modal Price: ₹10049"
"What is the price of Thinai (Italian Millet) in Vikkiravandi market of Villupuram, Tamil Nadu?","Commodity: Thinai (Italian Millet)
Variety: Other
State: Tamil Nadu
District: Villupuram
Market: Vikkiravandi
Arrival Date: 04/03/2019
Minimum Price: ₹1200
Maximum Price: ₹1214
Modal Price: ₹1205"
"What is the price of Black Gram (Urd Beans)(Whole) in Villupuram market of Villupuram, Tamil Nadu?","Commodity: Black Gram (Urd Beans)(Whole)
Variety: Other
State: Tamil Nadu
District: Villupuram
Market: Villupuram
Arrival Date: 04/03/2019
Minimum Price: ₹2559
Maximum Price: ₹2639
Modal Price: ₹2619"
"What is the price of Green Gram (Moong)(Whole) in Villupuram market of Villupuram, Tamil Nadu?","Commodity: Green Gram (Moong)(Whole)
Variety: Other
State: Tamil Nadu
District: Villupuram
Market: Villupuram
Arrival Date: 04/03/2019
Minimum Price: ₹5071
Maximum Price: ₹5239
Modal Price: ₹5109"
"What is the price of Groundnut in Villupuram market of Villupuram, Tamil Nadu?","Commodity: Groundnut
Variety: Bold Kernel
State: Tamil Nadu
District: Villupuram
Market: Villupuram
Arrival Date: 04/03/2019
Minimum Price: ₹6549
Maximum Price: ₹6915
Modal Price: ₹6584"
"What is the price of Paddy(Dhan)(Common) in Villupuram market of Villupuram, Tamil Nadu?","Commodity: Paddy(Dhan)(Common)
Variety: ADT 37
State: Tamil Nadu
District: Villupuram
Market: Villupuram
Arrival Date: 04/03/2019
Minimum Price: ₹1393
Maximum Price: ₹1456
Modal Price: ₹1424"
"What is the price of Paddy(Dhan)(Common) in Villupuram market of Villupuram, Tamil Nadu?","Commodity: Paddy(Dhan)(Common)
Variety: ADT 39
State: Tamil Nadu
District: Villupuram
Market: Villupuram
Arrival Date: 04/03/2019
Minimum Price: ₹1392
Maximum Price: ₹1471
Modal Price: ₹1431"
"What is the price of Paddy(Dhan)(Common) in Villupuram market of Villupuram, Tamil Nadu?","Commodity: Paddy(Dhan)(Common)
Variety: B P T
State: Tamil Nadu
District: Villupuram
Market: Villupuram
Arrival Date: 04/03/2019
Minimum Price: ₹1579
Maximum Price: ₹1715
Modal Price: ₹1643"
"What is the price of Paddy(Dhan)(Common) in Villupuram market of Villupuram, Tamil Nadu?","Commodity: Paddy(Dhan)(Common)
Variety: Other
State: Tamil Nadu
District: Villupuram
Market: Villupuram
Arrival Date: 04/03/2019
Minimum Price: ₹1400
Maximum Price: ₹1440
Modal Price: ₹1420"
"What is the price of Paddy(Dhan)(Common) in Villupuram market of Villupuram, Tamil Nadu?","Commodity: Paddy(Dhan)(Common)
Variety: White Ponni
State: Tamil Nadu
District: Villupuram
Market: Villupuram
Arrival Date: 04/03/2019
Minimum Price: ₹1608
Maximum Price: ₹1701
Modal Price: ₹1655"
"What is the price of Sesamum(Sesame,Gingelly,Til) in Villupuram market of Villupuram, Tamil Nadu?","Commodity: Sesamum(Sesame,Gingelly,Til)
Variety: Black
State: Tamil Nadu
District: Villupuram
Market: Villupuram
Arrival Date: 04/03/2019
Minimum Price: ₹10636
Maximum Price: ₹11458
Modal Price: ₹11124"
"What is the price of T.V. Cumbu in Villupuram market of Villupuram, Tamil Nadu?","Commodity: T.V. Cumbu
Variety: Other
State: Tamil Nadu
District: Villupuram
Market: Villupuram
Arrival Date: 04/03/2019
Minimum Price: ₹1969
Maximum Price: ₹1969
Modal Price: ₹1969"
"What is the price of Paddy(Dhan)(Common) in Rajapalayam market of Virudhunagar, Tamil Nadu?","Commodity: Paddy(Dhan)(Common)
Variety: Super Ponni
State: Tamil Nadu
District: Virudhunagar
Market: Rajapalayam
Arrival Date: 04/03/2019
Minimum Price: ₹1650
Maximum Price: ₹1750
Modal Price: ₹1700"
"What is the price of Paddy(Dhan)(Common) in Sathur market of Virudhunagar, Tamil Nadu?","Commodity: Paddy(Dhan)(Common)
Variety: Other
State: Tamil Nadu
District: Virudhunagar
Market: Sathur
Arrival Date: 04/03/2019
Minimum Price: ₹1750
Maximum Price: ₹1800
Modal Price: ₹1775"
"What is the price of Dry Chillies in Mahboob Manison market of Hyderabad, Telangana?","Commodity: Dry Chillies
Variety: 1st Sort
State: Telangana
District: Hyderabad
Market: Mahboob Manison
Arrival Date: 04/03/2019
Minimum Price: ₹6000
Maximum Price: ₹8500
Modal Price: ₹7000"
"What is the price of Dry Chillies in Mahboob Manison market of Hyderabad, Telangana?","Commodity: Dry Chillies
Variety: 2nd Sort
State: Telangana
District: Hyderabad
Market: Mahboob Manison
Arrival Date: 04/03/2019
Minimum Price: ₹2500
Maximum Price: ₹5000
Modal Price: ₹4000"
"What is the price of Cotton in Koratla market of Karimnagar, Telangana?","Commodity: Cotton
Variety: Desi
State: Telangana
District: Karimnagar
Market: Koratla
Arrival Date: 04/03/2019
Minimum Price: ₹5150
Maximum Price: ₹6000
Modal Price: ₹6000"
"What is the price of Mustard in Koratla market of Karimnagar, Telangana?","Commodity: Mustard
Variety: Mustard
State: Telangana
District: Karimnagar
Market: Koratla
Arrival Date: 04/03/2019
Minimum Price: ₹4200
Maximum Price: ₹4255
Modal Price: ₹4255"
"What is the price of Cotton in Vemulawada market of Karimnagar, Telangana?","Commodity: Cotton
Variety: Cotton (Unginned)
State: Telangana
District: Karimnagar
Market: Vemulawada
Arrival Date: 04/03/2019
Minimum Price: ₹5000
Maximum Price: ₹5350
Modal Price: ₹5200"
"What is the price of Wood in Madhira market of Khammam, Telangana?","Commodity: Wood
Variety:  Subabul
State: Telangana
District: Khammam
Market: Madhira
Arrival Date: 04/03/2019
Minimum Price: ₹440
Maximum Price: ₹440
Modal Price: ₹440"
"What is the price of Paddy(Dhan)(Common) in Nalgonda market of Nalgonda, Telangana?","Commodity: Paddy(Dhan)(Common)
Variety: B P T
State: Telangana
District: Nalgonda
Market: Nalgonda
Arrival Date: 04/03/2019
Minimum Price: ₹1750
Maximum Price: ₹1750
Modal Price: ₹1750"
"What is the price of Paddy(Dhan)(Common) in Ramannapet market of Nalgonda, Telangana?","Commodity: Paddy(Dhan)(Common)
Variety: 1001
State: Telangana
District: Nalgonda
Market: Ramannapet
Arrival Date: 04/03/2019
Minimum Price: ₹1770
Maximum Price: ₹1770
Modal Price: ₹1770"
"What is the price of Paddy(Dhan)(Common) in Voligonda market of Nalgonda, Telangana?","Commodity: Paddy(Dhan)(Common)
Variety: 1001
State: Telangana
District: Nalgonda
Market: Voligonda
Arrival Date: 04/03/2019
Minimum Price: ₹1770
Maximum Price: ₹1770
Modal Price: ₹1770"
"What is the price of Paddy(Dhan)(Common) in Pitlam market of Nizamabad, Telangana?","Commodity: Paddy(Dhan)(Common)
Variety: MTU-1010
State: Telangana
District: Nizamabad
Market: Pitlam
Arrival Date: 04/03/2019
Minimum Price: ₹1750
Maximum Price: ₹1750
Modal Price: ₹1750"
"What is the price of Brinjal in Chevella market of Ranga Reddy, Telangana?","Commodity: Brinjal
Variety: Other
State: Telangana
District: Ranga Reddy
Market: Chevella
Arrival Date: 04/03/2019
Minimum Price: ₹300
Maximum Price: ₹300
Modal Price: ₹300"
"What is the price of Cabbage in Chevella market of Ranga Reddy, Telangana?","Commodity: Cabbage
Variety: Cabbage
State: Telangana
District: Ranga Reddy
Market: Chevella
Arrival Date: 04/03/2019
Minimum Price: ₹500
Maximum Price: ₹500
Modal Price: ₹500"
"What is the price of Cauliflower in Chevella market of Ranga Reddy, Telangana?","Commodity: Cauliflower
Variety: African Sarson
State: Telangana
District: Ranga Reddy
Market: Chevella
Arrival Date: 04/03/2019
Minimum Price: ₹650
Maximum Price: ₹650
Modal Price: ₹650"
"What is the price of Green Chilli in Chevella market of Ranga Reddy, Telangana?","Commodity: Green Chilli
Variety: Green Chilly
State: Telangana
District: Ranga Reddy
Market: Chevella
Arrival Date: 04/03/2019
Minimum Price: ₹1200
Maximum Price: ₹1200
Modal Price: ₹1200"
"What is the price of Tomato in Chevella market of Ranga Reddy, Telangana?","Commodity: Tomato
Variety: Deshi
State: Telangana
District: Ranga Reddy
Market: Chevella
Arrival Date: 04/03/2019
Minimum Price: ₹300
Maximum Price: ₹300
Modal Price: ₹300"
"What is the price of Masur Dal in Dasda market of North Tripura, Tripura?","Commodity: Masur Dal
Variety: Kala Masoor New
State: Tripura
District: North Tripura
Market: Dasda
Arrival Date: 04/03/2019
Minimum Price: ₹8000
Maximum Price: ₹9000
Modal Price: ₹8500"
"What is the price of Rice in Dasda market of North Tripura, Tripura?","Commodity: Rice
Variety: Masuri
State: Tripura
District: North Tripura
Market: Dasda
Arrival Date: 04/03/2019
Minimum Price: ₹2500
Maximum Price: ₹2700
Modal Price: ₹2600"
"What is the price of Bitter gourd in Bishalgarh market of Sepahijala, Tripura?","Commodity: Bitter gourd
Variety: Other
State: Tripura
District: Sepahijala
Market: Bishalgarh
Arrival Date: 04/03/2019
Minimum Price: ₹6500
Maximum Price: ₹7500
Modal Price: ₹7000"
"What is the price of Brinjal in Bishalgarh market of Sepahijala, Tripura?","Commodity: Brinjal
Variety: Round/Long
State: Tripura
District: Sepahijala
Market: Bishalgarh
Arrival Date: 04/03/2019
Minimum Price: ₹1500
Maximum Price: ₹2500
Modal Price: ₹2000"
"What is the price of Cabbage in Bishalgarh market of Sepahijala, Tripura?","Commodity: Cabbage
Variety: Other
State: Tripura
District: Sepahijala
Market: Bishalgarh
Arrival Date: 04/03/2019
Minimum Price: ₹800
Maximum Price: ₹1000
Modal Price: ₹900"
"What is the price of Cauliflower in Bishalgarh market of Sepahijala, Tripura?","Commodity: Cauliflower
Variety: Other
State: Tripura
District: Sepahijala
Market: Bishalgarh
Arrival Date: 04/03/2019
Minimum Price: ₹2500
Maximum Price: ₹3500
Modal Price: ₹3000"
"What is the price of Cucumbar(Kheera) in Bishalgarh market of Sepahijala, Tripura?","Commodity: Cucumbar(Kheera)
Variety: Cucumbar
State: Tripura
District: Sepahijala
Market: Bishalgarh
Arrival Date: 04/03/2019
Minimum Price: ₹3500
Maximum Price: ₹4500
Modal Price: ₹4000"
"What is the price of Green Chilli in Bishalgarh market of Sepahijala, Tripura?","Commodity: Green Chilli
Variety: Green Chilly
State: Tripura
District: Sepahijala
Market: Bishalgarh
Arrival Date: 04/03/2019
Minimum Price: ₹6000
Maximum Price: ₹7000
Modal Price: ₹6500"
"What is the price of Papaya (Raw) in Bishalgarh market of Sepahijala, Tripura?","Commodity: Papaya (Raw)
Variety: Papaya (Raw)
State: Tripura
District: Sepahijala
Market: Bishalgarh
Arrival Date: 04/03/2019
Minimum Price: ₹1500
Maximum Price: ₹2000
Modal Price: ₹1800"
"What is the price of Bitter gourd in Bishramganj market of Sepahijala, Tripura?","Commodity: Bitter gourd
Variety: Bitter Gourd
State: Tripura
District: Sepahijala
Market: Bishramganj
Arrival Date: 04/03/2019
Minimum Price: ₹6500
Maximum Price: ₹7500
Modal Price: ₹7000"
"What is the price of Brinjal in Bishramganj market of Sepahijala, Tripura?","Commodity: Brinjal
Variety: Round/Long
State: Tripura
District: Sepahijala
Market: Bishramganj
Arrival Date: 04/03/2019
Minimum Price: ₹1200
Maximum Price: ₹2000
Modal Price: ₹1500"
"What is the price of Cabbage in Bishramganj market of Sepahijala, Tripura?","Commodity: Cabbage
Variety: Cabbage
State: Tripura
District: Sepahijala
Market: Bishramganj
Arrival Date: 04/03/2019
Minimum Price: ₹600
Maximum Price: ₹800
Modal Price: ₹700"
"What is the price of Cauliflower in Bishramganj market of Sepahijala, Tripura?","Commodity: Cauliflower
Variety: Cauliflower
State: Tripura
District: Sepahijala
Market: Bishramganj
Arrival Date: 04/03/2019
Minimum Price: ₹2500
Maximum Price: ₹3500
Modal Price: ₹3000"
"What is the price of Cucumbar(Kheera) in Bishramganj market of Sepahijala, Tripura?","Commodity: Cucumbar(Kheera)
Variety: Cucumbar
State: Tripura
District: Sepahijala
Market: Bishramganj
Arrival Date: 04/03/2019
Minimum Price: ₹3000
Maximum Price: ₹4000
Modal Price: ₹3500"
"What is the price of Ginger(Green) in Bishramganj market of Sepahijala, Tripura?","Commodity: Ginger(Green)
Variety: Green Ginger
State: Tripura
District: Sepahijala
Market: Bishramganj
Arrival Date: 04/03/2019
Minimum Price: ₹6000
Maximum Price: ₹7000
Modal Price: ₹6500"
"What is the price of Papaya (Raw) in Bishramganj market of Sepahijala, Tripura?","Commodity: Papaya (Raw)
Variety: Papaya (Raw)
State: Tripura
District: Sepahijala
Market: Bishramganj
Arrival Date: 04/03/2019
Minimum Price: ₹1000
Maximum Price: ₹1500
Modal Price: ₹1200"
"What is the price of Onion in Barpathari market of South District, Tripura?","Commodity: Onion
Variety: Other
State: Tripura
District: South District
Market: Barpathari
Arrival Date: 04/03/2019
Minimum Price: ₹1800
Maximum Price: ₹1900
Modal Price: ₹1850"
"What is the price of Potato in Barpathari market of South District, Tripura?","Commodity: Potato
Variety: Jalander
State: Tripura
District: South District
Market: Barpathari
Arrival Date: 04/03/2019
Minimum Price: ₹700
Maximum Price: ₹800
Modal Price: ₹750"
"What is the price of Bajra(Pearl Millet/Cumbu) in Achnera market of Agra, Uttar Pradesh?","Commodity: Bajra(Pearl Millet/Cumbu)
Variety: Deshi
State: Uttar Pradesh
District: Agra
Market: Achnera
Arrival Date: 04/03/2019
Minimum Price: ₹1700
Maximum Price: ₹1760
Modal Price: ₹1730"
"What is the price of Banana in Achnera market of Agra, Uttar Pradesh?","Commodity: Banana
Variety: Banana - Ripe
State: Uttar Pradesh
District: Agra
Market: Achnera
Arrival Date: 04/03/2019
Minimum Price: ₹1500
Maximum Price: ₹1600
Modal Price: ₹1550"
"What is the price of Barley (Jau) in Achnera market of Agra, Uttar Pradesh?","Commodity: Barley (Jau)
Variety: Dara
State: Uttar Pradesh
District: Agra
Market: Achnera
Arrival Date: 04/03/2019
Minimum Price: ₹1800
Maximum Price: ₹1860
Modal Price: ₹1830"
"What is the price of Bottle gourd in Achnera market of Agra, Uttar Pradesh?","Commodity: Bottle gourd
Variety: Bottle Gourd
State: Uttar Pradesh
District: Agra
Market: Achnera
Arrival Date: 04/03/2019
Minimum Price: ₹950
Maximum Price: ₹1050
Modal Price: ₹1000"
"What is the price of Brinjal in Achnera market of Agra, Uttar Pradesh?","Commodity: Brinjal
Variety: Brinjal
State: Uttar Pradesh
District: Agra
Market: Achnera
Arrival Date: 04/03/2019
Minimum Price: ₹800
Maximum Price: ₹900
Modal Price: ₹850"
"What is the price of Cabbage in Achnera market of Agra, Uttar Pradesh?","Commodity: Cabbage
Variety: Cabbage
State: Uttar Pradesh
District: Agra
Market: Achnera
Arrival Date: 04/03/2019
Minimum Price: ₹550
Maximum Price: ₹650
Modal Price: ₹600"
"What is the price of Carrot in Achnera market of Agra, Uttar Pradesh?","Commodity: Carrot
Variety: Carrot
State: Uttar Pradesh
District: Agra
Market: Achnera
Arrival Date: 04/03/2019
Minimum Price: ₹440
Maximum Price: ₹480
Modal Price: ₹460"
"What is the price of Cauliflower in Achnera market of Agra, Uttar Pradesh?","Commodity: Cauliflower
Variety: Cauliflower
State: Uttar Pradesh
District: Agra
Market: Achnera
Arrival Date: 04/03/2019
Minimum Price: ₹600
Maximum Price: ₹700
Modal Price: ₹650"
"What is the price of Ginger(Green) in Achnera market of Agra, Uttar Pradesh?","Commodity: Ginger(Green)
Variety: Green Ginger
State: Uttar Pradesh
District: Agra
Market: Achnera
Arrival Date: 04/03/2019
Minimum Price: ₹4500
Maximum Price: ₹4600
Modal Price: ₹4550"
"What is the price of Green Chilli in Achnera market of Agra, Uttar Pradesh?","Commodity: Green Chilli
Variety: Green Chilly
State: Uttar Pradesh
District: Agra
Market: Achnera
Arrival Date: 04/03/2019
Minimum Price: ₹2200
Maximum Price: ₹2300
Modal Price: ₹2250"
"What is the price of Gur(Jaggery) in Achnera market of Agra, Uttar Pradesh?","Commodity: Gur(Jaggery)
Variety: Red
State: Uttar Pradesh
District: Agra
Market: Achnera
Arrival Date: 04/03/2019
Minimum Price: ₹2560
Maximum Price: ₹2580
Modal Price: ₹2570"
"What is the price of Lemon in Achnera market of Agra, Uttar Pradesh?","Commodity: Lemon
Variety: Lemon
State: Uttar Pradesh
District: Agra
Market: Achnera
Arrival Date: 04/03/2019
Minimum Price: ₹2950
Maximum Price: ₹3050
Modal Price: ₹3000"
"What is the price of Mustard in Achnera market of Agra, Uttar Pradesh?","Commodity: Mustard
Variety: Sarson(Black)
State: Uttar Pradesh
District: Agra
Market: Achnera
Arrival Date: 04/03/2019
Minimum Price: ₹3300
Maximum Price: ₹3500
Modal Price: ₹3400"
"What is the price of Onion in Achnera market of Agra, Uttar Pradesh?","Commodity: Onion
Variety: Red
State: Uttar Pradesh
District: Agra
Market: Achnera
Arrival Date: 04/03/2019
Minimum Price: ₹750
Maximum Price: ₹850
Modal Price: ₹800"
"What is the price of Potato in Achnera market of Agra, Uttar Pradesh?","Commodity: Potato
Variety: Desi
State: Uttar Pradesh
District: Agra
Market: Achnera
Arrival Date: 04/03/2019
Minimum Price: ₹500
Maximum Price: ₹560
Modal Price: ₹530"
"What is the price of Pumpkin in Achnera market of Agra, Uttar Pradesh?","Commodity: Pumpkin
Variety: Pumpkin
State: Uttar Pradesh
District: Agra
Market: Achnera
Arrival Date: 04/03/2019
Minimum Price: ₹500
Maximum Price: ₹580
Modal Price: ₹540"
"What is the price of Raddish in Achnera market of Agra, Uttar Pradesh?","Commodity: Raddish
Variety: Raddish
State: Uttar Pradesh
District: Agra
Market: Achnera
Arrival Date: 04/03/2019
Minimum Price: ₹600
Maximum Price: ₹700
Modal Price: ₹650"
"What is the price of Rice in Achnera market of Agra, Uttar Pradesh?","Commodity: Rice
Variety: III
State: Uttar Pradesh
District: Agra
Market: Achnera
Arrival Date: 04/03/2019
Minimum Price: ₹2530
Maximum Price: ₹2550
Modal Price: ₹2540"
"What is the price of Spinach in Achnera market of Agra, Uttar Pradesh?","Commodity: Spinach
Variety: Spinach
State: Uttar Pradesh
District: Agra
Market: Achnera
Arrival Date: 04/03/2019
Minimum Price: ₹600
Maximum Price: ₹700
Modal Price: ₹650"
"What is the price of Tomato in Achnera market of Agra, Uttar Pradesh?","Commodity: Tomato
Variety: Tomato
State: Uttar Pradesh
District: Agra
Market: Achnera
Arrival Date: 04/03/2019
Minimum Price: ₹800
Maximum Price: ₹880
Modal Price: ₹840"
"What is the price of Wheat in Achnera market of Agra, Uttar Pradesh?","Commodity: Wheat
Variety: Dara
State: Uttar Pradesh
District: Agra
Market: Achnera
Arrival Date: 04/03/2019
Minimum Price: ₹1900
Maximum Price: ₹1960
Modal Price: ₹1930"
"What is the price of Apple in Fatehabad market of Agra, Uttar Pradesh?","Commodity: Apple
Variety: Delicious
State: Uttar Pradesh
District: Agra
Market: Fatehabad
Arrival Date: 04/03/2019
Minimum Price: ₹5800
Maximum Price: ₹5950
Modal Price: ₹5850"
"What is the price of Bajra(Pearl Millet/Cumbu) in Fatehabad market of Agra, Uttar Pradesh?","Commodity: Bajra(Pearl Millet/Cumbu)
Variety: Deshi
State: Uttar Pradesh
District: Agra
Market: Fatehabad
Arrival Date: 04/03/2019
Minimum Price: ₹1750
Maximum Price: ₹1800
Modal Price: ₹1780"
"What is the price of Banana in Fatehabad market of Agra, Uttar Pradesh?","Commodity: Banana
Variety: Banana - Ripe
State: Uttar Pradesh
District: Agra
Market: Fatehabad
Arrival Date: 04/03/2019
Minimum Price: ₹900
Maximum Price: ₹1000
Modal Price: ₹950"
"What is the price of Barley (Jau) in Fatehabad market of Agra, Uttar Pradesh?","Commodity: Barley (Jau)
Variety: Dara
State: Uttar Pradesh
District: Agra
Market: Fatehabad
Arrival Date: 04/03/2019
Minimum Price: ₹1700
Maximum Price: ₹1750
Modal Price: ₹1720"
"What is the price of Bhindi(Ladies Finger) in Fatehabad market of Agra, Uttar Pradesh?","Commodity: Bhindi(Ladies Finger)
Variety: Bhindi
State: Uttar Pradesh
District: Agra
Market: Fatehabad
Arrival Date: 04/03/2019
Minimum Price: ₹1800
Maximum Price: ₹1850
Modal Price: ₹1820"
"What is the price of Bottle gourd in Fatehabad market of Agra, Uttar Pradesh?","Commodity: Bottle gourd
Variety: Bottle Gourd
State: Uttar Pradesh
District: Agra
Market: Fatehabad
Arrival Date: 04/03/2019
Minimum Price: ₹1500
Maximum Price: ₹1600
Modal Price: ₹1550"
"What is the price of Brinjal in Fatehabad market of Agra, Uttar Pradesh?","Commodity: Brinjal
Variety: Round
State: Uttar Pradesh
District: Agra
Market: Fatehabad
Arrival Date: 04/03/2019
Minimum Price: ₹800
Maximum Price: ₹900
Modal Price: ₹850"
"What is the price of Cabbage in Fatehabad market of Agra, Uttar Pradesh?","Commodity: Cabbage
Variety: Cabbage
State: Uttar Pradesh
District: Agra
Market: Fatehabad
Arrival Date: 04/03/2019
Minimum Price: ₹400
Maximum Price: ₹500
Modal Price: ₹450"
"What is the price of Cauliflower in Fatehabad market of Agra, Uttar Pradesh?","Commodity: Cauliflower
Variety: Cauliflower
State: Uttar Pradesh
District: Agra
Market: Fatehabad
Arrival Date: 04/03/2019
Minimum Price: ₹600
Maximum Price: ₹700
Modal Price: ₹650"
"What is the price of Cucumbar(Kheera) in Fatehabad market of Agra, Uttar Pradesh?","Commodity: Cucumbar(Kheera)
Variety: Cucumbar
State: Uttar Pradesh
District: Agra
Market: Fatehabad
Arrival Date: 04/03/2019
Minimum Price: ₹1550
Maximum Price: ₹1600
Modal Price: ₹1550"
"What is the price of Ginger(Green) in Fatehabad market of Agra, Uttar Pradesh?","Commodity: Ginger(Green)
Variety: Green Ginger
State: Uttar Pradesh
District: Agra
Market: Fatehabad
Arrival Date: 04/03/2019
Minimum Price: ₹1800
Maximum Price: ₹1850
Modal Price: ₹1820"
"What is the price of Green Chilli in Fatehabad market of Agra, Uttar Pradesh?","Commodity: Green Chilli
Variety: Green Chilly
State: Uttar Pradesh
District: Agra
Market: Fatehabad
Arrival Date: 04/03/2019
Minimum Price: ₹1500
Maximum Price: ₹1600
Modal Price: ₹1550"
"What is the price of Guava in Fatehabad market of Agra, Uttar Pradesh?","Commodity: Guava
Variety: Guava
State: Uttar Pradesh
District: Agra
Market: Fatehabad
Arrival Date: 04/03/2019
Minimum Price: ₹1500
Maximum Price: ₹1550
Modal Price: ₹1520"
"What is the price of Gur(Jaggery) in Fatehabad market of Agra, Uttar Pradesh?","Commodity: Gur(Jaggery)
Variety: Pathari
State: Uttar Pradesh
District: Agra
Market: Fatehabad
Arrival Date: 04/03/2019
Minimum Price: ₹2800
Maximum Price: ₹2850
Modal Price: ₹2820"
"What is the price of Lemon in Fatehabad market of Agra, Uttar Pradesh?","Commodity: Lemon
Variety: Lemon
State: Uttar Pradesh
District: Agra
Market: Fatehabad
Arrival Date: 04/03/2019
Minimum Price: ₹2500
Maximum Price: ₹2600
Modal Price: ₹2550"
"What is the price of Mousambi(Sweet Lime) in Fatehabad market of Agra, Uttar Pradesh?","Commodity: Mousambi(Sweet Lime)
Variety: Mousambi
State: Uttar Pradesh
District: Agra
Market: Fatehabad
Arrival Date: 04/03/2019
Minimum Price: ₹2200
Maximum Price: ₹2300
Modal Price: ₹2250"
"What is the price of Mustard in Fatehabad market of Agra, Uttar Pradesh?","Commodity: Mustard
Variety: Sarson(Black)
State: Uttar Pradesh
District: Agra
Market: Fatehabad
Arrival Date: 04/03/2019
Minimum Price: ₹3250
Maximum Price: ₹3450
Modal Price: ₹3300"
"What is the price of Onion in Fatehabad market of Agra, Uttar Pradesh?","Commodity: Onion
Variety: Red
State: Uttar Pradesh
District: Agra
Market: Fatehabad
Arrival Date: 04/03/2019
Minimum Price: ₹850
Maximum Price: ₹1000
Modal Price: ₹900"
"What is the price of Papaya in Fatehabad market of Agra, Uttar Pradesh?","Commodity: Papaya
Variety: Papaya
State: Uttar Pradesh
District: Agra
Market: Fatehabad
Arrival Date: 04/03/2019
Minimum Price: ₹1000
Maximum Price: ₹1100
Modal Price: ₹1050"
"What is the price of Potato in Fatehabad market of Agra, Uttar Pradesh?","Commodity: Potato
Variety: Desi
State: Uttar Pradesh
District: Agra
Market: Fatehabad
Arrival Date: 04/03/2019
Minimum Price: ₹400
Maximum Price: ₹500
Modal Price: ₹450"
"What is the price of Pumpkin in Fatehabad market of Agra, Uttar Pradesh?","Commodity: Pumpkin
Variety: Pumpkin
State: Uttar Pradesh
District: Agra
Market: Fatehabad
Arrival Date: 04/03/2019
Minimum Price: ₹800
Maximum Price: ₹950
Modal Price: ₹850"
"What is the price of Raddish in Fatehabad market of Agra, Uttar Pradesh?","Commodity: Raddish
Variety: Raddish
State: Uttar Pradesh
District: Agra
Market: Fatehabad
Arrival Date: 04/03/2019
Minimum Price: ₹400
Maximum Price: ₹500
Modal Price: ₹450"
"What is the price of Rice in Fatehabad market of Agra, Uttar Pradesh?","Commodity: Rice
Variety: Other
State: Uttar Pradesh
District: Agra
Market: Fatehabad
Arrival Date: 04/03/2019
Minimum Price: ₹2250
Maximum Price: ₹2350
Modal Price: ₹2300"
"What is the price of Tomato in Fatehabad market of Agra, Uttar Pradesh?","Commodity: Tomato
Variety: Deshi
State: Uttar Pradesh
District: Agra
Market: Fatehabad
Arrival Date: 04/03/2019
Minimum Price: ₹400
Maximum Price: ₹550
Modal Price: ₹450"
"What is the price of Wheat in Fatehabad market of Agra, Uttar Pradesh?","Commodity: Wheat
Variety: Dara
State: Uttar Pradesh
District: Agra
Market: Fatehabad
Arrival Date: 04/03/2019
Minimum Price: ₹1850
Maximum Price: ₹1900
Modal Price: ₹1880"
"What is the price of Apple in Jagnair market of Agra, Uttar Pradesh?","Commodity: Apple
Variety: Delicious
State: Uttar Pradesh
District: Agra
Market: Jagnair
Arrival Date: 04/03/2019
Minimum Price: ₹5500
Maximum Price: ₹5600
Modal Price: ₹5550"
"What is the price of Bajra(Pearl Millet/Cumbu) in Jagnair market of Agra, Uttar Pradesh?","Commodity: Bajra(Pearl Millet/Cumbu)
Variety: Deshi
State: Uttar Pradesh
District: Agra
Market: Jagnair
Arrival Date: 04/03/2019
Minimum Price: ₹1700
Maximum Price: ₹1760
Modal Price: ₹1730"
"What is the price of Banana in Jagnair market of Agra, Uttar Pradesh?","Commodity: Banana
Variety: Banana - Ripe
State: Uttar Pradesh
District: Agra
Market: Jagnair
Arrival Date: 04/03/2019
Minimum Price: ₹1500
Maximum Price: ₹1560
Modal Price: ₹1530"
"What is the price of Barley (Jau) in Jagnair market of Agra, Uttar Pradesh?","Commodity: Barley (Jau)
Variety: Dara
State: Uttar Pradesh
District: Agra
Market: Jagnair
Arrival Date: 04/03/2019
Minimum Price: ₹1750
Maximum Price: ₹1850
Modal Price: ₹1800"
"What is the price of Bhindi(Ladies Finger) in Jagnair market of Agra, Uttar Pradesh?","Commodity: Bhindi(Ladies Finger)
Variety: Bhindi
State: Uttar Pradesh
District: Agra
Market: Jagnair
Arrival Date: 04/03/2019
Minimum Price: ₹3350
Maximum Price: ₹3450
Modal Price: ₹3400"
"What is the price of Bottle gourd in Jagnair market of Agra, Uttar Pradesh?","Commodity: Bottle gourd
Variety: Bottle Gourd
State: Uttar Pradesh
District: Agra
Market: Jagnair
Arrival Date: 04/03/2019
Minimum Price: ₹950
Maximum Price: ₹1050
Modal Price: ₹1000"
"What is the price of Brinjal in Jagnair market of Agra, Uttar Pradesh?","Commodity: Brinjal
Variety: Brinjal
State: Uttar Pradesh
District: Agra
Market: Jagnair
Arrival Date: 04/03/2019
Minimum Price: ₹800
Maximum Price: ₹900
Modal Price: ₹850"
"What is the price of Cabbage in Jagnair market of Agra, Uttar Pradesh?","Commodity: Cabbage
Variety: Cabbage
State: Uttar Pradesh
District: Agra
Market: Jagnair
Arrival Date: 04/03/2019
Minimum Price: ₹500
Maximum Price: ₹600
Modal Price: ₹550"
"What is the price of Cauliflower in Jagnair market of Agra, Uttar Pradesh?","Commodity: Cauliflower
Variety: Cauliflower
State: Uttar Pradesh
District: Agra
Market: Jagnair
Arrival Date: 04/03/2019
Minimum Price: ₹600
Maximum Price: ₹700
Modal Price: ₹650"
"What is the price of Green Chilli in Jagnair market of Agra, Uttar Pradesh?","Commodity: Green Chilli
Variety: Green Chilly
State: Uttar Pradesh
District: Agra
Market: Jagnair
Arrival Date: 04/03/2019
Minimum Price: ₹2200
Maximum Price: ₹2300
Modal Price: ₹2250"
"What is the price of Gur(Jaggery) in Jagnair market of Agra, Uttar Pradesh?","Commodity: Gur(Jaggery)
Variety: Red
State: Uttar Pradesh
District: Agra
Market: Jagnair
Arrival Date: 04/03/2019
Minimum Price: ₹2570
Maximum Price: ₹2590
Modal Price: ₹2580"
"What is the price of Lemon in Jagnair market of Agra, Uttar Pradesh?","Commodity: Lemon
Variety: Lemon
State: Uttar Pradesh
District: Agra
Market: Jagnair
Arrival Date: 04/03/2019
Minimum Price: ₹2950
Maximum Price: ₹3050
Modal Price: ₹3000"
"What is the price of Mustard in Jagnair market of Agra, Uttar Pradesh?","Commodity: Mustard
Variety: Sarson(Black)
State: Uttar Pradesh
District: Agra
Market: Jagnair
Arrival Date: 04/03/2019
Minimum Price: ₹3350
Maximum Price: ₹3550
Modal Price: ₹3450"
"What is the price of Onion in Jagnair market of Agra, Uttar Pradesh?","Commodity: Onion
Variety: Red
State: Uttar Pradesh
District: Agra
Market: Jagnair
Arrival Date: 04/03/2019
Minimum Price: ₹800
Maximum Price: ₹900
Modal Price: ₹850"
"What is the price of Potato in Jagnair market of Agra, Uttar Pradesh?","Commodity: Potato
Variety: Desi
State: Uttar Pradesh
District: Agra
Market: Jagnair
Arrival Date: 04/03/2019
Minimum Price: ₹500
Maximum Price: ₹580
Modal Price: ₹540"
"What is the price of Pumpkin in Jagnair market of Agra, Uttar Pradesh?","Commodity: Pumpkin
Variety: Pumpkin
State: Uttar Pradesh
District: Agra
Market: Jagnair
Arrival Date: 04/03/2019
Minimum Price: ₹1100
Maximum Price: ₹1200
Modal Price: ₹1150"
"What is the price of Raddish in Jagnair market of Agra, Uttar Pradesh?","Commodity: Raddish
Variety: Raddish
State: Uttar Pradesh
District: Agra
Market: Jagnair
Arrival Date: 04/03/2019
Minimum Price: ₹550
Maximum Price: ₹650
Modal Price: ₹600"
"What is the price of Rice in Jagnair market of Agra, Uttar Pradesh?","Commodity: Rice
Variety: III
State: Uttar Pradesh
District: Agra
Market: Jagnair
Arrival Date: 04/03/2019
Minimum Price: ₹2530
Maximum Price: ₹2550
Modal Price: ₹2540"
"What is the price of Wheat in Jagnair market of Agra, Uttar Pradesh?","Commodity: Wheat
Variety: Dara
State: Uttar Pradesh
District: Agra
Market: Jagnair
Arrival Date: 04/03/2019
Minimum Price: ₹1900
Maximum Price: ₹1960
Modal Price: ₹1930"
"What is the price of Apple in Jarar market of Agra, Uttar Pradesh?","Commodity: Apple
Variety: Kasmir/Shimla - II
State: Uttar Pradesh
District: Agra
Market: Jarar
Arrival Date: 04/03/2019
Minimum Price: ₹5150
Maximum Price: ₹5250
Modal Price: ₹5200"
"What is the price of Bajra(Pearl Millet/Cumbu) in Jarar market of Agra, Uttar Pradesh?","Commodity: Bajra(Pearl Millet/Cumbu)
Variety: Deshi
State: Uttar Pradesh
District: Agra
Market: Jarar
Arrival Date: 04/03/2019
Minimum Price: ₹1730
Maximum Price: ₹1780
Modal Price: ₹1760"
"What is the price of Banana in Jarar market of Agra, Uttar Pradesh?","Commodity: Banana
Variety: Other
State: Uttar Pradesh
District: Agra
Market: Jarar
Arrival Date: 04/03/2019
Minimum Price: ₹1050
Maximum Price: ₹1150
Modal Price: ₹1100"
"What is the price of Bottle gourd in Jarar market of Agra, Uttar Pradesh?","Commodity: Bottle gourd
Variety: Bottle Gourd
State: Uttar Pradesh
District: Agra
Market: Jarar
Arrival Date: 04/03/2019
Minimum Price: ₹950
Maximum Price: ₹1050
Modal Price: ₹1000"
"What is the price of Brinjal in Jarar market of Agra, Uttar Pradesh?","Commodity: Brinjal
Variety: Round
State: Uttar Pradesh
District: Agra
Market: Jarar
Arrival Date: 04/03/2019
Minimum Price: ₹1000
Maximum Price: ₹1100
Modal Price: ₹1050"
"What is the price of Cabbage in Jarar market of Agra, Uttar Pradesh?","Commodity: Cabbage
Variety: Cabbage
State: Uttar Pradesh
District: Agra
Market: Jarar
Arrival Date: 04/03/2019
Minimum Price: ₹600
Maximum Price: ₹680
Modal Price: ₹640"
"What is the price of Carrot in Jarar market of Agra, Uttar Pradesh?","Commodity: Carrot
Variety: Carrot
State: Uttar Pradesh
District: Agra
Market: Jarar
Arrival Date: 04/03/2019
Minimum Price: ₹540
Maximum Price: ₹620
Modal Price: ₹580"
"What is the price of Cauliflower in Jarar market of Agra, Uttar Pradesh?","Commodity: Cauliflower
Variety: Cauliflower
State: Uttar Pradesh
District: Agra
Market: Jarar
Arrival Date: 04/03/2019
Minimum Price: ₹560
Maximum Price: ₹620
Modal Price: ₹590"
"What is the price of Ginger(Green) in Jarar market of Agra, Uttar Pradesh?","Commodity: Ginger(Green)
Variety: Green Ginger
State: Uttar Pradesh
District: Agra
Market: Jarar
Arrival Date: 04/03/2019
Minimum Price: ₹2700
Maximum Price: ₹2800
Modal Price: ₹2750"
"What is the price of Green Chilli in Jarar market of Agra, Uttar Pradesh?","Commodity: Green Chilli
Variety: Green Chilly
State: Uttar Pradesh
District: Agra
Market: Jarar
Arrival Date: 04/03/2019
Minimum Price: ₹1040
Maximum Price: ₹1120
Modal Price: ₹1080"
"What is the price of Lemon in Jarar market of Agra, Uttar Pradesh?","Commodity: Lemon
Variety: Lemon
State: Uttar Pradesh
District: Agra
Market: Jarar
Arrival Date: 04/03/2019
Minimum Price: ₹2000
Maximum Price: ₹2100
Modal Price: ₹2050"
"What is the price of Onion in Jarar market of Agra, Uttar Pradesh?","Commodity: Onion
Variety: Red
State: Uttar Pradesh
District: Agra
Market: Jarar
Arrival Date: 04/03/2019
Minimum Price: ₹800
Maximum Price: ₹900
Modal Price: ₹850"
"What is the price of Papaya in Jarar market of Agra, Uttar Pradesh?","Commodity: Papaya
Variety: Papaya
State: Uttar Pradesh
District: Agra
Market: Jarar
Arrival Date: 04/03/2019
Minimum Price: ₹980
Maximum Price: ₹1060
Modal Price: ₹1040"
"What is the price of Peas Wet in Jarar market of Agra, Uttar Pradesh?","Commodity: Peas Wet
Variety: Other
State: Uttar Pradesh
District: Agra
Market: Jarar
Arrival Date: 04/03/2019
Minimum Price: ₹740
Maximum Price: ₹820
Modal Price: ₹780"
"What is the price of Potato in Jarar market of Agra, Uttar Pradesh?","Commodity: Potato
Variety: Desi
State: Uttar Pradesh
District: Agra
Market: Jarar
Arrival Date: 04/03/2019
Minimum Price: ₹450
Maximum Price: ₹550
Modal Price: ₹500"
"What is the price of Pumpkin in Jarar market of Agra, Uttar Pradesh?","Commodity: Pumpkin
Variety: Pumpkin
State: Uttar Pradesh
District: Agra
Market: Jarar
Arrival Date: 04/03/2019
Minimum Price: ₹500
Maximum Price: ₹540
Modal Price: ₹520"
"What is the price of Raddish in Jarar market of Agra, Uttar Pradesh?","Commodity: Raddish
Variety: Raddish
State: Uttar Pradesh
District: Agra
Market: Jarar
Arrival Date: 04/03/2019
Minimum Price: ₹300
Maximum Price: ₹400
Modal Price: ₹350"
"What is the price of Tomato in Jarar market of Agra, Uttar Pradesh?","Commodity: Tomato
Variety: Deshi
State: Uttar Pradesh
District: Agra
Market: Jarar
Arrival Date: 04/03/2019
Minimum Price: ₹900
Maximum Price: ₹1000
Modal Price: ₹950"
"What is the price of Wheat in Jarar market of Agra, Uttar Pradesh?","Commodity: Wheat
Variety: Dara
State: Uttar Pradesh
District: Agra
Market: Jarar
Arrival Date: 04/03/2019
Minimum Price: ₹1800
Maximum Price: ₹1840
Modal Price: ₹1830"
"What is the price of Apple in Khairagarh market of Agra, Uttar Pradesh?","Commodity: Apple
Variety: Delicious
State: Uttar Pradesh
District: Agra
Market: Khairagarh
Arrival Date: 04/03/2019
Minimum Price: ₹5500
Maximum Price: ₹5600
Modal Price: ₹5550"
"What is the price of Bajra(Pearl Millet/Cumbu) in Khairagarh market of Agra, Uttar Pradesh?","Commodity: Bajra(Pearl Millet/Cumbu)
Variety: Deshi
State: Uttar Pradesh
District: Agra
Market: Khairagarh
Arrival Date: 04/03/2019
Minimum Price: ₹1700
Maximum Price: ₹1760
Modal Price: ₹1730"
"What is the price of Banana in Khairagarh market of Agra, Uttar Pradesh?","Commodity: Banana
Variety: Banana - Ripe
State: Uttar Pradesh
District: Agra
Market: Khairagarh
Arrival Date: 04/03/2019
Minimum Price: ₹1500
Maximum Price: ₹1580
Modal Price: ₹1540"
"What is the price of Barley (Jau) in Khairagarh market of Agra, Uttar Pradesh?","Commodity: Barley (Jau)
Variety: Deshi
State: Uttar Pradesh
District: Agra
Market: Khairagarh
Arrival Date: 04/03/2019
Minimum Price: ₹1770
Maximum Price: ₹1870
Modal Price: ₹1820"
"What is the price of Bhindi(Ladies Finger) in Khairagarh market of Agra, Uttar Pradesh?","Commodity: Bhindi(Ladies Finger)
Variety: Bhindi
State: Uttar Pradesh
District: Agra
Market: Khairagarh
Arrival Date: 04/03/2019
Minimum Price: ₹3300
Maximum Price: ₹3400
Modal Price: ₹3350"
"What is the price of Bottle gourd in Khairagarh market of Agra, Uttar Pradesh?","Commodity: Bottle gourd
Variety: Bottle Gourd
State: Uttar Pradesh
District: Agra
Market: Khairagarh
Arrival Date: 04/03/2019
Minimum Price: ₹950
Maximum Price: ₹1050
Modal Price: ₹1000"
"What is the price of Brinjal in Khairagarh market of Agra, Uttar Pradesh?","Commodity: Brinjal
Variety: Round/Long
State: Uttar Pradesh
District: Agra
Market: Khairagarh
Arrival Date: 04/03/2019
Minimum Price: ₹800
Maximum Price: ₹900
Modal Price: ₹850"
"What is the price of Cabbage in Khairagarh market of Agra, Uttar Pradesh?","Commodity: Cabbage
Variety: Cabbage
State: Uttar Pradesh
District: Agra
Market: Khairagarh
Arrival Date: 04/03/2019
Minimum Price: ₹500
Maximum Price: ₹600
Modal Price: ₹550"
"What is the price of Carrot in Khairagarh market of Agra, Uttar Pradesh?","Commodity: Carrot
Variety: Carrot
State: Uttar Pradesh
District: Agra
Market: Khairagarh
Arrival Date: 04/03/2019
Minimum Price: ₹440
Maximum Price: ₹480
Modal Price: ₹460"
"What is the price of Cauliflower in Khairagarh market of Agra, Uttar Pradesh?","Commodity: Cauliflower
Variety: Cauliflower
State: Uttar Pradesh
District: Agra
Market: Khairagarh
Arrival Date: 04/03/2019
Minimum Price: ₹600
Maximum Price: ₹700
Modal Price: ₹650"
"What is the price of Green Chilli in Khairagarh market of Agra, Uttar Pradesh?","Commodity: Green Chilli
Variety: Green Chilly
State: Uttar Pradesh
District: Agra
Market: Khairagarh
Arrival Date: 04/03/2019
Minimum Price: ₹2200
Maximum Price: ₹2300
Modal Price: ₹2250"
"What is the price of Gur(Jaggery) in Khairagarh market of Agra, Uttar Pradesh?","Commodity: Gur(Jaggery)
Variety: Red
State: Uttar Pradesh
District: Agra
Market: Khairagarh
Arrival Date: 04/03/2019
Minimum Price: ₹2570
Maximum Price: ₹2590
Modal Price: ₹2580"
"What is the price of Lemon in Khairagarh market of Agra, Uttar Pradesh?","Commodity: Lemon
Variety: Lemon
State: Uttar Pradesh
District: Agra
Market: Khairagarh
Arrival Date: 04/03/2019
Minimum Price: ₹2950
Maximum Price: ₹3050
Modal Price: ₹3000"
"What is the price of Mousambi(Sweet Lime) in Khairagarh market of Agra, Uttar Pradesh?","Commodity: Mousambi(Sweet Lime)
Variety: Mousambi
State: Uttar Pradesh
District: Agra
Market: Khairagarh
Arrival Date: 04/03/2019
Minimum Price: ₹2600
Maximum Price: ₹2700
Modal Price: ₹2650"
"What is the price of Mustard in Khairagarh market of Agra, Uttar Pradesh?","Commodity: Mustard
Variety: Sarson(Black)
State: Uttar Pradesh
District: Agra
Market: Khairagarh
Arrival Date: 04/03/2019
Minimum Price: ₹3300
Maximum Price: ₹3500
Modal Price: ₹3400"
"What is the price of Onion in Khairagarh market of Agra, Uttar Pradesh?","Commodity: Onion
Variety: Red
State: Uttar Pradesh
District: Agra
Market: Khairagarh
Arrival Date: 04/03/2019
Minimum Price: ₹750
Maximum Price: ₹850
Modal Price: ₹800"
"What is the price of Papaya in Khairagarh market of Agra, Uttar Pradesh?","Commodity: Papaya
Variety: Papaya
State: Uttar Pradesh
District: Agra
Market: Khairagarh
Arrival Date: 04/03/2019
Minimum Price: ₹2100
Maximum Price: ₹2200
Modal Price: ₹2150"
"What is the price of Potato in Khairagarh market of Agra, Uttar Pradesh?","Commodity: Potato
Variety: Desi
State: Uttar Pradesh
District: Agra
Market: Khairagarh
Arrival Date: 04/03/2019
Minimum Price: ₹500
Maximum Price: ₹560
Modal Price: ₹530"
"What is the price of Pumpkin in Khairagarh market of Agra, Uttar Pradesh?","Commodity: Pumpkin
Variety: Pumpkin
State: Uttar Pradesh
District: Agra
Market: Khairagarh
Arrival Date: 04/03/2019
Minimum Price: ₹1100
Maximum Price: ₹1200
Modal Price: ₹1150"
"What is the price of Raddish in Khairagarh market of Agra, Uttar Pradesh?","Commodity: Raddish
Variety: Raddish
State: Uttar Pradesh
District: Agra
Market: Khairagarh
Arrival Date: 04/03/2019
Minimum Price: ₹600
Maximum Price: ₹700
Modal Price: ₹650"
"What is the price of Rice in Khairagarh market of Agra, Uttar Pradesh?","Commodity: Rice
Variety: III
State: Uttar Pradesh
District: Agra
Market: Khairagarh
Arrival Date: 04/03/2019
Minimum Price: ₹2530
Maximum Price: ₹2550
Modal Price: ₹2540"
"What is the price of Tomato in Khairagarh market of Agra, Uttar Pradesh?","Commodity: Tomato
Variety: Deshi
State: Uttar Pradesh
District: Agra
Market: Khairagarh
Arrival Date: 04/03/2019
Minimum Price: ₹800
Maximum Price: ₹900
Modal Price: ₹850"
"What is the price of Wheat in Khairagarh market of Agra, Uttar Pradesh?","Commodity: Wheat
Variety: Dara
State: Uttar Pradesh
District: Agra
Market: Khairagarh
Arrival Date: 04/03/2019
Minimum Price: ₹1900
Maximum Price: ₹1950
Modal Price: ₹1925"
"What is the price of Bajra(Pearl Millet/Cumbu) in Samsabad market of Agra, Uttar Pradesh?","Commodity: Bajra(Pearl Millet/Cumbu)
Variety: Hybrid
State: Uttar Pradesh
District: Agra
Market: Samsabad
Arrival Date: 04/03/2019
Minimum Price: ₹1825
Maximum Price: ₹1875
Modal Price: ₹1850"
"What is the price of Barley (Jau) in Samsabad market of Agra, Uttar Pradesh?","Commodity: Barley (Jau)
Variety: Dara
State: Uttar Pradesh
District: Agra
Market: Samsabad
Arrival Date: 04/03/2019
Minimum Price: ₹1825
Maximum Price: ₹1875
Modal Price: ₹1850"
"What is the price of Brinjal in Samsabad market of Agra, Uttar Pradesh?","Commodity: Brinjal
Variety: Round
State: Uttar Pradesh
District: Agra
Market: Samsabad
Arrival Date: 04/03/2019
Minimum Price: ₹500
Maximum Price: ₹700
Modal Price: ₹600"
"What is the price of Carrot in Samsabad market of Agra, Uttar Pradesh?","Commodity: Carrot
Variety: Carrot
State: Uttar Pradesh
District: Agra
Market: Samsabad
Arrival Date: 04/03/2019
Minimum Price: ₹500
Maximum Price: ₹700
Modal Price: ₹600"
"What is the price of Cauliflower in Samsabad market of Agra, Uttar Pradesh?","Commodity: Cauliflower
Variety: Cauliflower
State: Uttar Pradesh
District: Agra
Market: Samsabad
Arrival Date: 04/03/2019
Minimum Price: ₹400
Maximum Price: ₹600
Modal Price: ₹500"
"What is the price of Colacasia in Samsabad market of Agra, Uttar Pradesh?","Commodity: Colacasia
Variety: Colacasia
State: Uttar Pradesh
District: Agra
Market: Samsabad
Arrival Date: 04/03/2019
Minimum Price: ₹2050
Maximum Price: ₹2150
Modal Price: ₹2100"
"What is the price of Green Chilli in Samsabad market of Agra, Uttar Pradesh?","Commodity: Green Chilli
Variety: Green Chilly
State: Uttar Pradesh
District: Agra
Market: Samsabad
Arrival Date: 04/03/2019
Minimum Price: ₹1100
Maximum Price: ₹1300
Modal Price: ₹1200"
"What is the price of Groundnut in Samsabad market of Agra, Uttar Pradesh?","Commodity: Groundnut
Variety: Local
State: Uttar Pradesh
District: Agra
Market: Samsabad
Arrival Date: 04/03/2019
Minimum Price: ₹4900
Maximum Price: ₹5100
Modal Price: ₹5000"
"What is the price of Gur(Jaggery) in Samsabad market of Agra, Uttar Pradesh?","Commodity: Gur(Jaggery)
Variety: Pathari
State: Uttar Pradesh
District: Agra
Market: Samsabad
Arrival Date: 04/03/2019
Minimum Price: ₹4900
Maximum Price: ₹5100
Modal Price: ₹5000"
"What is the price of Mustard in Samsabad market of Agra, Uttar Pradesh?","Commodity: Mustard
Variety: Sarson(Black)
State: Uttar Pradesh
District: Agra
Market: Samsabad
Arrival Date: 04/03/2019
Minimum Price: ₹3400
Maximum Price: ₹3600
Modal Price: ₹3500"
"What is the price of Onion in Samsabad market of Agra, Uttar Pradesh?","Commodity: Onion
Variety: Red
State: Uttar Pradesh
District: Agra
Market: Samsabad
Arrival Date: 04/03/2019
Minimum Price: ₹800
Maximum Price: ₹900
Modal Price: ₹800"
"What is the price of Peas Wet in Samsabad market of Agra, Uttar Pradesh?","Commodity: Peas Wet
Variety: Peas Wet
State: Uttar Pradesh
District: Agra
Market: Samsabad
Arrival Date: 04/03/2019
Minimum Price: ₹700
Maximum Price: ₹900
Modal Price: ₹800"
"What is the price of Potato in Samsabad market of Agra, Uttar Pradesh?","Commodity: Potato
Variety: Local
State: Uttar Pradesh
District: Agra
Market: Samsabad
Arrival Date: 04/03/2019
Minimum Price: ₹450
Maximum Price: ₹550
Modal Price: ₹500"
"What is the price of Raddish in Samsabad market of Agra, Uttar Pradesh?","Commodity: Raddish
Variety: Raddish
State: Uttar Pradesh
District: Agra
Market: Samsabad
Arrival Date: 04/03/2019
Minimum Price: ₹400
Maximum Price: ₹600
Modal Price: ₹500"
"What is the price of Tomato in Samsabad market of Agra, Uttar Pradesh?","Commodity: Tomato
Variety: Hybrid
State: Uttar Pradesh
District: Agra
Market: Samsabad
Arrival Date: 04/03/2019
Minimum Price: ₹450
Maximum Price: ₹600
Modal Price: ₹500"
"What is the price of Wheat in Samsabad market of Agra, Uttar Pradesh?","Commodity: Wheat
Variety: Dara
State: Uttar Pradesh
District: Agra
Market: Samsabad
Arrival Date: 04/03/2019
Minimum Price: ₹1975
Maximum Price: ₹2050
Modal Price: ₹2000"
"What is the price of Bajra(Pearl Millet/Cumbu) in Atrauli market of Aligarh, Uttar Pradesh?","Commodity: Bajra(Pearl Millet/Cumbu)
Variety: Hybrid
State: Uttar Pradesh
District: Aligarh
Market: Atrauli
Arrival Date: 04/03/2019
Minimum Price: ₹1830
Maximum Price: ₹1850
Modal Price: ₹1840"
"What is the price of Brinjal in Atrauli market of Aligarh, Uttar Pradesh?","Commodity: Brinjal
Variety: Brinjal
State: Uttar Pradesh
District: Aligarh
Market: Atrauli
Arrival Date: 04/03/2019
Minimum Price: ₹430
Maximum Price: ₹450
Modal Price: ₹440"
"What is the price of Carrot in Atrauli market of Aligarh, Uttar Pradesh?","Commodity: Carrot
Variety: Carrot
State: Uttar Pradesh
District: Aligarh
Market: Atrauli
Arrival Date: 04/03/2019
Minimum Price: ₹380
Maximum Price: ₹400
Modal Price: ₹390"
"What is the price of Cauliflower in Atrauli market of Aligarh, Uttar Pradesh?","Commodity: Cauliflower
Variety: Cauliflower
State: Uttar Pradesh
District: Aligarh
Market: Atrauli
Arrival Date: 04/03/2019
Minimum Price: ₹480
Maximum Price: ₹500
Modal Price: ₹490"
"What is the price of Green Chilli in Atrauli market of Aligarh, Uttar Pradesh?","Commodity: Green Chilli
Variety: Green Chilly
State: Uttar Pradesh
District: Aligarh
Market: Atrauli
Arrival Date: 04/03/2019
Minimum Price: ₹780
Maximum Price: ₹800
Modal Price: ₹790"
"What is the price of Maize in Atrauli market of Aligarh, Uttar Pradesh?","Commodity: Maize
Variety: Hybrid
State: Uttar Pradesh
District: Aligarh
Market: Atrauli
Arrival Date: 04/03/2019
Minimum Price: ₹1930
Maximum Price: ₹1950
Modal Price: ₹1940"
"What is the price of Potato in Atrauli market of Aligarh, Uttar Pradesh?","Commodity: Potato
Variety: Desi
State: Uttar Pradesh
District: Aligarh
Market: Atrauli
Arrival Date: 04/03/2019
Minimum Price: ₹530
Maximum Price: ₹550
Modal Price: ₹540"
"What is the price of Pumpkin in Atrauli market of Aligarh, Uttar Pradesh?","Commodity: Pumpkin
Variety: Pumpkin
State: Uttar Pradesh
District: Aligarh
Market: Atrauli
Arrival Date: 04/03/2019
Minimum Price: ₹730
Maximum Price: ₹750
Modal Price: ₹740"
"What is the price of Raddish in Atrauli market of Aligarh, Uttar Pradesh?","Commodity: Raddish
Variety: Raddish
State: Uttar Pradesh
District: Aligarh
Market: Atrauli
Arrival Date: 04/03/2019
Minimum Price: ₹280
Maximum Price: ₹300
Modal Price: ₹290"
"What is the price of Tomato in Atrauli market of Aligarh, Uttar Pradesh?","Commodity: Tomato
Variety: Hybrid
State: Uttar Pradesh
District: Aligarh
Market: Atrauli
Arrival Date: 04/03/2019
Minimum Price: ₹980
Maximum Price: ₹1000
Modal Price: ₹990"
"What is the price of Gur(Jaggery) in Sirsa market of Allahabad, Uttar Pradesh?","Commodity: Gur(Jaggery)
Variety: Red
State: Uttar Pradesh
District: Allahabad
Market: Sirsa
Arrival Date: 04/03/2019
Minimum Price: ₹2950
Maximum Price: ₹3050
Modal Price: ₹3000"
"What is the price of Onion in Sirsa market of Allahabad, Uttar Pradesh?","Commodity: Onion
Variety: Red
State: Uttar Pradesh
District: Allahabad
Market: Sirsa
Arrival Date: 04/03/2019
Minimum Price: ₹600
Maximum Price: ₹700
Modal Price: ₹650"
"What is the price of Potato in Sirsa market of Allahabad, Uttar Pradesh?","Commodity: Potato
Variety: Desi
State: Uttar Pradesh
District: Allahabad
Market: Sirsa
Arrival Date: 04/03/2019
Minimum Price: ₹550
Maximum Price: ₹650
Modal Price: ₹600"
"What is the price of Brinjal in Bagpat market of Baghpat, Uttar Pradesh?","Commodity: Brinjal
Variety: Arkasheela Mattigulla
State: Uttar Pradesh
District: Baghpat
Market: Bagpat
Arrival Date: 04/03/2019
Minimum Price: ₹1100
Maximum Price: ₹1300
Modal Price: ₹1200"
"What is the price of Carrot in Bagpat market of Baghpat, Uttar Pradesh?","Commodity: Carrot
Variety: Carrot
State: Uttar Pradesh
District: Baghpat
Market: Bagpat
Arrival Date: 04/03/2019
Minimum Price: ₹400
Maximum Price: ₹600
Modal Price: ₹500"
"What is the price of Cauliflower in Bagpat market of Baghpat, Uttar Pradesh?","Commodity: Cauliflower
Variety: African Sarson
State: Uttar Pradesh
District: Baghpat
Market: Bagpat
Arrival Date: 04/03/2019
Minimum Price: ₹1100
Maximum Price: ₹1300
Modal Price: ₹1200"
"What is the price of Green Chilli in Bagpat market of Baghpat, Uttar Pradesh?","Commodity: Green Chilli
Variety: Green Chilly
State: Uttar Pradesh
District: Baghpat
Market: Bagpat
Arrival Date: 04/03/2019
Minimum Price: ₹2400
Maximum Price: ₹2600
Modal Price: ₹2500"
"What is the price of Onion in Bagpat market of Baghpat, Uttar Pradesh?","Commodity: Onion
Variety: 1st Sort
State: Uttar Pradesh
District: Baghpat
Market: Bagpat
Arrival Date: 04/03/2019
Minimum Price: ₹900
Maximum Price: ₹1100
Modal Price: ₹1000"
"What is the price of Potato in Bagpat market of Baghpat, Uttar Pradesh?","Commodity: Potato
Variety: (Red Nanital)
State: Uttar Pradesh
District: Baghpat
Market: Bagpat
Arrival Date: 04/03/2019
Minimum Price: ₹500
Maximum Price: ₹700
Modal Price: ₹600"
"What is the price of Raddish in Bagpat market of Baghpat, Uttar Pradesh?","Commodity: Raddish
Variety: Raddish
State: Uttar Pradesh
District: Baghpat
Market: Bagpat
Arrival Date: 04/03/2019
Minimum Price: ₹300
Maximum Price: ₹400
Modal Price: ₹350"
"What is the price of Tomato in Bagpat market of Baghpat, Uttar Pradesh?","Commodity: Tomato
Variety: Deshi
State: Uttar Pradesh
District: Baghpat
Market: Bagpat
Arrival Date: 04/03/2019
Minimum Price: ₹1100
Maximum Price: ₹1300
Modal Price: ₹1200"
"What is the price of Apple in Baraut market of Baghpat, Uttar Pradesh?","Commodity: Apple
Variety: Kasmir/Shimla - II
State: Uttar Pradesh
District: Baghpat
Market: Baraut
Arrival Date: 04/03/2019
Minimum Price: ₹4800
Maximum Price: ₹5000
Modal Price: ₹4900"
"What is the price of Banana - Green in Baraut market of Baghpat, Uttar Pradesh?","Commodity: Banana - Green
Variety: Banana - Green
State: Uttar Pradesh
District: Baghpat
Market: Baraut
Arrival Date: 04/03/2019
Minimum Price: ₹1020
Maximum Price: ₹1040
Modal Price: ₹1030"
"What is the price of Bengal Gram(Gram)(Whole) in Baraut market of Baghpat, Uttar Pradesh?","Commodity: Bengal Gram(Gram)(Whole)
Variety: Desi (Whole)
State: Uttar Pradesh
District: Baghpat
Market: Baraut
Arrival Date: 04/03/2019
Minimum Price: ₹5000
Maximum Price: ₹5150
Modal Price: ₹5100"
"What is the price of Brinjal in Baraut market of Baghpat, Uttar Pradesh?","Commodity: Brinjal
Variety: Round/Long
State: Uttar Pradesh
District: Baghpat
Market: Baraut
Arrival Date: 04/03/2019
Minimum Price: ₹700
Maximum Price: ₹800
Modal Price: ₹750"
"What is the price of Carrot in Baraut market of Baghpat, Uttar Pradesh?","Commodity: Carrot
Variety: Carrot
State: Uttar Pradesh
District: Baghpat
Market: Baraut
Arrival Date: 04/03/2019
Minimum Price: ₹600
Maximum Price: ₹700
Modal Price: ₹650"
"What is the price of Cauliflower in Baraut market of Baghpat, Uttar Pradesh?","Commodity: Cauliflower
Variety: Cauliflower
State: Uttar Pradesh
District: Baghpat
Market: Baraut
Arrival Date: 04/03/2019
Minimum Price: ₹700
Maximum Price: ₹800
Modal Price: ₹750"
"What is the price of Chikoos(Sapota) in Baraut market of Baghpat, Uttar Pradesh?","Commodity: Chikoos(Sapota)
Variety: Sapota
State: Uttar Pradesh
District: Baghpat
Market: Baraut
Arrival Date: 04/03/2019
Minimum Price: ₹2200
Maximum Price: ₹2400
Modal Price: ₹2300"
"What is the price of Cucumbar(Kheera) in Baraut market of Baghpat, Uttar Pradesh?","Commodity: Cucumbar(Kheera)
Variety: Cucumbar
State: Uttar Pradesh
District: Baghpat
Market: Baraut
Arrival Date: 04/03/2019
Minimum Price: ₹800
Maximum Price: ₹900
Modal Price: ₹850"
"What is the price of Ginger(Green) in Baraut market of Baghpat, Uttar Pradesh?","Commodity: Ginger(Green)
Variety: Green Ginger
State: Uttar Pradesh
District: Baghpat
Market: Baraut
Arrival Date: 04/03/2019
Minimum Price: ₹2600
Maximum Price: ₹2800
Modal Price: ₹2700"
"What is the price of Green Chilli in Baraut market of Baghpat, Uttar Pradesh?","Commodity: Green Chilli
Variety: Green Chilly
State: Uttar Pradesh
District: Baghpat
Market: Baraut
Arrival Date: 04/03/2019
Minimum Price: ₹1500
Maximum Price: ₹1700
Modal Price: ₹1600"
"What is the price of Guava in Baraut market of Baghpat, Uttar Pradesh?","Commodity: Guava
Variety: Guava
State: Uttar Pradesh
District: Baghpat
Market: Baraut
Arrival Date: 04/03/2019
Minimum Price: ₹1300
Maximum Price: ₹1500
Modal Price: ₹1400"
"What is the price of Gur(Jaggery) in Baraut market of Baghpat, Uttar Pradesh?","Commodity: Gur(Jaggery)
Variety: Yellow
State: Uttar Pradesh
District: Baghpat
Market: Baraut
Arrival Date: 04/03/2019
Minimum Price: ₹2400
Maximum Price: ₹2600
Modal Price: ₹2500"
"What is the price of Onion in Baraut market of Baghpat, Uttar Pradesh?","Commodity: Onion
Variety: Red
State: Uttar Pradesh
District: Baghpat
Market: Baraut
Arrival Date: 04/03/2019
Minimum Price: ₹800
Maximum Price: ₹1000
Modal Price: ₹900"
"What is the price of Papaya in Baraut market of Baghpat, Uttar Pradesh?","Commodity: Papaya
Variety: Papaya
State: Uttar Pradesh
District: Baghpat
Market: Baraut
Arrival Date: 04/03/2019
Minimum Price: ₹1050
Maximum Price: ₹1150
Modal Price: ₹1100"
"What is the price of Pomegranate in Baraut market of Baghpat, Uttar Pradesh?","Commodity: Pomegranate
Variety: Pomogranate
State: Uttar Pradesh
District: Baghpat
Market: Baraut
Arrival Date: 04/03/2019
Minimum Price: ₹4200
Maximum Price: ₹4400
Modal Price: ₹4300"
"What is the price of Potato in Baraut market of Baghpat, Uttar Pradesh?","Commodity: Potato
Variety: Chips
State: Uttar Pradesh
District: Baghpat
Market: Baraut
Arrival Date: 04/03/2019
Minimum Price: ₹600
Maximum Price: ₹700
Modal Price: ₹650"
"What is the price of Pumpkin in Baraut market of Baghpat, Uttar Pradesh?","Commodity: Pumpkin
Variety: Pumpkin
State: Uttar Pradesh
District: Baghpat
Market: Baraut
Arrival Date: 04/03/2019
Minimum Price: ₹400
Maximum Price: ₹600
Modal Price: ₹500"
"What is the price of Raddish in Baraut market of Baghpat, Uttar Pradesh?","Commodity: Raddish
Variety: Raddish
State: Uttar Pradesh
District: Baghpat
Market: Baraut
Arrival Date: 04/03/2019
Minimum Price: ₹400
Maximum Price: ₹600
Modal Price: ₹500"
"What is the price of Tomato in Baraut market of Baghpat, Uttar Pradesh?","Commodity: Tomato
Variety: Deshi
State: Uttar Pradesh
District: Baghpat
Market: Baraut
Arrival Date: 04/03/2019
Minimum Price: ₹800
Maximum Price: ₹900
Modal Price: ₹850"
"What is the price of Wheat in Baraut market of Baghpat, Uttar Pradesh?","Commodity: Wheat
Variety: Other
State: Uttar Pradesh
District: Baghpat
Market: Baraut
Arrival Date: 04/03/2019
Minimum Price: ₹1800
Maximum Price: ₹1900
Modal Price: ₹1850"
"What is the price of Gur(Jaggery) in Mihipurwa market of Bahraich, Uttar Pradesh?","Commodity: Gur(Jaggery)
Variety: Yellow
State: Uttar Pradesh
District: Bahraich
Market: Mihipurwa
Arrival Date: 04/03/2019
Minimum Price: ₹1900
Maximum Price: ₹2100
Modal Price: ₹2000"
"What is the price of Paddy(Dhan)(Common) in Mihipurwa market of Bahraich, Uttar Pradesh?","Commodity: Paddy(Dhan)(Common)
Variety: Paddy Coarse
State: Uttar Pradesh
District: Bahraich
Market: Mihipurwa
Arrival Date: 04/03/2019
Minimum Price: ₹1450
Maximum Price: ₹1550
Modal Price: ₹1500"
"What is the price of Tomato in Mihipurwa market of Bahraich, Uttar Pradesh?","Commodity: Tomato
Variety: Deshi
State: Uttar Pradesh
District: Bahraich
Market: Mihipurwa
Arrival Date: 04/03/2019
Minimum Price: ₹400
Maximum Price: ₹475
Modal Price: ₹450"
"What is the price of Paddy(Dhan)(Common) in Risia market of Bahraich, Uttar Pradesh?","Commodity: Paddy(Dhan)(Common)
Variety: Paddy
State: Uttar Pradesh
District: Bahraich
Market: Risia
Arrival Date: 04/03/2019
Minimum Price: ₹1500
Maximum Price: ₹1550
Modal Price: ₹1510"
"What is the price of Apple in Ruperdeeha market of Bahraich, Uttar Pradesh?","Commodity: Apple
Variety: Apple
State: Uttar Pradesh
District: Bahraich
Market: Ruperdeeha
Arrival Date: 04/03/2019
Minimum Price: ₹5250
Maximum Price: ₹5500
Modal Price: ₹5350"
"What is the price of Banana in Ruperdeeha market of Bahraich, Uttar Pradesh?","Commodity: Banana
Variety: Banana - Ripe
State: Uttar Pradesh
District: Bahraich
Market: Ruperdeeha
Arrival Date: 04/03/2019
Minimum Price: ₹850
Maximum Price: ₹1000
Modal Price: ₹900"
"What is the price of Bhindi(Ladies Finger) in Ruperdeeha market of Bahraich, Uttar Pradesh?","Commodity: Bhindi(Ladies Finger)
Variety: Bhindi
State: Uttar Pradesh
District: Bahraich
Market: Ruperdeeha
Arrival Date: 04/03/2019
Minimum Price: ₹1125
Maximum Price: ₹1200
Modal Price: ₹1150"
"What is the price of Brinjal in Ruperdeeha market of Bahraich, Uttar Pradesh?","Commodity: Brinjal
Variety: Brinjal
State: Uttar Pradesh
District: Bahraich
Market: Ruperdeeha
Arrival Date: 04/03/2019
Minimum Price: ₹450
Maximum Price: ₹550
Modal Price: ₹500"
"What is the price of Fish in Ruperdeeha market of Bahraich, Uttar Pradesh?","Commodity: Fish
Variety: Rahu(Local)
State: Uttar Pradesh
District: Bahraich
Market: Ruperdeeha
Arrival Date: 04/03/2019
Minimum Price: ₹4250
Maximum Price: ₹4350
Modal Price: ₹4300"
"What is the price of Grapes in Ruperdeeha market of Bahraich, Uttar Pradesh?","Commodity: Grapes
Variety: Green
State: Uttar Pradesh
District: Bahraich
Market: Ruperdeeha
Arrival Date: 04/03/2019
Minimum Price: ₹4480
Maximum Price: ₹4540
Modal Price: ₹4500"
"What is the price of Green Chilli in Ruperdeeha market of Bahraich, Uttar Pradesh?","Commodity: Green Chilli
Variety: Green Chilly
State: Uttar Pradesh
District: Bahraich
Market: Ruperdeeha
Arrival Date: 04/03/2019
Minimum Price: ₹1480
Maximum Price: ₹1560
Modal Price: ₹1500"
"What is the price of Gur(Jaggery) in Ruperdeeha market of Bahraich, Uttar Pradesh?","Commodity: Gur(Jaggery)
Variety: Yellow
State: Uttar Pradesh
District: Bahraich
Market: Ruperdeeha
Arrival Date: 04/03/2019
Minimum Price: ₹1450
Maximum Price: ₹2525
Modal Price: ₹2500"
"What is the price of Lemon in Ruperdeeha market of Bahraich, Uttar Pradesh?","Commodity: Lemon
Variety: Lemon
State: Uttar Pradesh
District: Bahraich
Market: Ruperdeeha
Arrival Date: 04/03/2019
Minimum Price: ₹2260
Maximum Price: ₹2480
Modal Price: ₹2350"
"What is the price of Onion in Ruperdeeha market of Bahraich, Uttar Pradesh?","Commodity: Onion
Variety: Red
State: Uttar Pradesh
District: Bahraich
Market: Ruperdeeha
Arrival Date: 04/03/2019
Minimum Price: ₹680
Maximum Price: ₹850
Modal Price: ₹785"
"What is the price of Paddy(Dhan)(Common) in Ruperdeeha market of Bahraich, Uttar Pradesh?","Commodity: Paddy(Dhan)(Common)
Variety: Paddy
State: Uttar Pradesh
District: Bahraich
Market: Ruperdeeha
Arrival Date: 04/03/2019
Minimum Price: ₹1460
Maximum Price: ₹1540
Modal Price: ₹1500"
"What is the price of Potato in Ruperdeeha market of Bahraich, Uttar Pradesh?","Commodity: Potato
Variety: Potato
State: Uttar Pradesh
District: Bahraich
Market: Ruperdeeha
Arrival Date: 04/03/2019
Minimum Price: ₹580
Maximum Price: ₹750
Modal Price: ₹675"
"What is the price of Rice in Ruperdeeha market of Bahraich, Uttar Pradesh?","Commodity: Rice
Variety: III
State: Uttar Pradesh
District: Bahraich
Market: Ruperdeeha
Arrival Date: 04/03/2019
Minimum Price: ₹2080
Maximum Price: ₹2240
Modal Price: ₹2150"
"What is the price of Tomato in Ruperdeeha market of Bahraich, Uttar Pradesh?","Commodity: Tomato
Variety: Deshi
State: Uttar Pradesh
District: Bahraich
Market: Ruperdeeha
Arrival Date: 04/03/2019
Minimum Price: ₹675
Maximum Price: ₹755
Modal Price: ₹700"
"What is the price of Wheat in Ruperdeeha market of Bahraich, Uttar Pradesh?","Commodity: Wheat
Variety: Dara
State: Uttar Pradesh
District: Bahraich
Market: Ruperdeeha
Arrival Date: 04/03/2019
Minimum Price: ₹1760
Maximum Price: ₹1825
Modal Price: ₹1800"
"What is the price of Banana in Chitwadagaon market of Ballia, Uttar Pradesh?","Commodity: Banana
Variety: Banana - Ripe
State: Uttar Pradesh
District: Ballia
Market: Chitwadagaon
Arrival Date: 04/03/2019
Minimum Price: ₹1700
Maximum Price: ₹1800
Modal Price: ₹1750"
"What is the price of Gur(Jaggery) in Chitwadagaon market of Ballia, Uttar Pradesh?","Commodity: Gur(Jaggery)
Variety: Other
State: Uttar Pradesh
District: Ballia
Market: Chitwadagaon
Arrival Date: 04/03/2019
Minimum Price: ₹4200
Maximum Price: ₹4400
Modal Price: ₹4300"
"What is the price of Onion in Chitwadagaon market of Ballia, Uttar Pradesh?","Commodity: Onion
Variety: Other
State: Uttar Pradesh
District: Ballia
Market: Chitwadagaon
Arrival Date: 04/03/2019
Minimum Price: ₹1100
Maximum Price: ₹1200
Modal Price: ₹1150"
"What is the price of Potato in Chitwadagaon market of Ballia, Uttar Pradesh?","Commodity: Potato
Variety: Other
State: Uttar Pradesh
District: Ballia
Market: Chitwadagaon
Arrival Date: 04/03/2019
Minimum Price: ₹1000
Maximum Price: ₹1100
Modal Price: ₹1050"
"What is the price of Rice in Chitwadagaon market of Ballia, Uttar Pradesh?","Commodity: Rice
Variety: III
State: Uttar Pradesh
District: Ballia
Market: Chitwadagaon
Arrival Date: 04/03/2019
Minimum Price: ₹2000
Maximum Price: ₹2200
Modal Price: ₹2100"
"What is the price of Apple in Gopiganj market of Bhadohi(Sant Ravi Nagar), Uttar Pradesh?","Commodity: Apple
Variety: American
State: Uttar Pradesh
District: Bhadohi(Sant Ravi Nagar)
Market: Gopiganj
Arrival Date: 04/03/2019
Minimum Price: ₹3500
Maximum Price: ₹3500
Modal Price: ₹3500"
"What is the price of Kinnow in Gopiganj market of Bhadohi(Sant Ravi Nagar), Uttar Pradesh?","Commodity: Kinnow
Variety: Kinnow
State: Uttar Pradesh
District: Bhadohi(Sant Ravi Nagar)
Market: Gopiganj
Arrival Date: 04/03/2019
Minimum Price: ₹850
Maximum Price: ₹900
Modal Price: ₹900"
"What is the price of Onion in Gopiganj market of Bhadohi(Sant Ravi Nagar), Uttar Pradesh?","Commodity: Onion
Variety: Red
State: Uttar Pradesh
District: Bhadohi(Sant Ravi Nagar)
Market: Gopiganj
Arrival Date: 04/03/2019
Minimum Price: ₹700
Maximum Price: ₹700
Modal Price: ₹700"
"What is the price of Pomegranate in Gopiganj market of Bhadohi(Sant Ravi Nagar), Uttar Pradesh?","Commodity: Pomegranate
Variety: Pomogranate
State: Uttar Pradesh
District: Bhadohi(Sant Ravi Nagar)
Market: Gopiganj
Arrival Date: 04/03/2019
Minimum Price: ₹3800
Maximum Price: ₹3800
Modal Price: ₹3800"
"What is the price of Potato in Gopiganj market of Bhadohi(Sant Ravi Nagar), Uttar Pradesh?","Commodity: Potato
Variety: Potato
State: Uttar Pradesh
District: Bhadohi(Sant Ravi Nagar)
Market: Gopiganj
Arrival Date: 04/03/2019
Minimum Price: ₹350
Maximum Price: ₹400
Modal Price: ₹400"
"What is the price of Bajra(Pearl Millet/Cumbu) in Divai market of Bulandshahar, Uttar Pradesh?","Commodity: Bajra(Pearl Millet/Cumbu)
Variety: Hybrid
State: Uttar Pradesh
District: Bulandshahar
Market: Divai
Arrival Date: 04/03/2019
Minimum Price: ₹1580
Maximum Price: ₹1600
Modal Price: ₹1590"
"What is the price of Banana in Divai market of Bulandshahar, Uttar Pradesh?","Commodity: Banana
Variety: Banana - Ripe
State: Uttar Pradesh
District: Bulandshahar
Market: Divai
Arrival Date: 04/03/2019
Minimum Price: ₹1180
Maximum Price: ₹1200
Modal Price: ₹1190"
"What is the price of Bhindi(Ladies Finger) in Divai market of Bulandshahar, Uttar Pradesh?","Commodity: Bhindi(Ladies Finger)
Variety: Bhindi
State: Uttar Pradesh
District: Bulandshahar
Market: Divai
Arrival Date: 04/03/2019
Minimum Price: ₹580
Maximum Price: ₹600
Modal Price: ₹590"
"What is the price of Bottle gourd in Divai market of Bulandshahar, Uttar Pradesh?","Commodity: Bottle gourd
Variety: Bottle Gourd
State: Uttar Pradesh
District: Bulandshahar
Market: Divai
Arrival Date: 04/03/2019
Minimum Price: ₹680
Maximum Price: ₹700
Modal Price: ₹690"
"What is the price of Brinjal in Divai market of Bulandshahar, Uttar Pradesh?","Commodity: Brinjal
Variety: Brinjal
State: Uttar Pradesh
District: Bulandshahar
Market: Divai
Arrival Date: 04/03/2019
Minimum Price: ₹570
Maximum Price: ₹590
Modal Price: ₹580"
"What is the price of Carrot in Divai market of Bulandshahar, Uttar Pradesh?","Commodity: Carrot
Variety: Carrot
State: Uttar Pradesh
District: Bulandshahar
Market: Divai
Arrival Date: 04/03/2019
Minimum Price: ₹680
Maximum Price: ₹700
Modal Price: ₹690"
"What is the price of Cauliflower in Divai market of Bulandshahar, Uttar Pradesh?","Commodity: Cauliflower
Variety: Cauliflower
State: Uttar Pradesh
District: Bulandshahar
Market: Divai
Arrival Date: 04/03/2019
Minimum Price: ₹580
Maximum Price: ₹600
Modal Price: ₹590"
"What is the price of Maize in Divai market of Bulandshahar, Uttar Pradesh?","Commodity: Maize
Variety: Hybrid
State: Uttar Pradesh
District: Bulandshahar
Market: Divai
Arrival Date: 04/03/2019
Minimum Price: ₹1480
Maximum Price: ₹1500
Modal Price: ₹1490"
"What is the price of Mustard in Divai market of Bulandshahar, Uttar Pradesh?","Commodity: Mustard
Variety: Laha(Sarsib)
State: Uttar Pradesh
District: Bulandshahar
Market: Divai
Arrival Date: 04/03/2019
Minimum Price: ₹3580
Maximum Price: ₹3600
Modal Price: ₹3590"
"What is the price of Onion in Divai market of Bulandshahar, Uttar Pradesh?","Commodity: Onion
Variety: Red
State: Uttar Pradesh
District: Bulandshahar
Market: Divai
Arrival Date: 04/03/2019
Minimum Price: ₹1180
Maximum Price: ₹1200
Modal Price: ₹1190"
"What is the price of Potato in Divai market of Bulandshahar, Uttar Pradesh?","Commodity: Potato
Variety: F.A.Q.
State: Uttar Pradesh
District: Bulandshahar
Market: Divai
Arrival Date: 04/03/2019
Minimum Price: ₹580
Maximum Price: ₹600
Modal Price: ₹590"
"What is the price of Pumpkin in Divai market of Bulandshahar, Uttar Pradesh?","Commodity: Pumpkin
Variety: Pumpkin
State: Uttar Pradesh
District: Bulandshahar
Market: Divai
Arrival Date: 04/03/2019
Minimum Price: ₹680
Maximum Price: ₹700
Modal Price: ₹690"
"What is the price of Tomato in Divai market of Bulandshahar, Uttar Pradesh?","Commodity: Tomato
Variety: Deshi
State: Uttar Pradesh
District: Bulandshahar
Market: Divai
Arrival Date: 04/03/2019
Minimum Price: ₹680
Maximum Price: ₹700
Modal Price: ₹690"
"What is the price of Wheat in Divai market of Bulandshahar, Uttar Pradesh?","Commodity: Wheat
Variety: Dara
State: Uttar Pradesh
District: Bulandshahar
Market: Divai
Arrival Date: 04/03/2019
Minimum Price: ₹1730
Maximum Price: ₹1736
Modal Price: ₹1735"
"What is the price of Brinjal in Gulavati market of Bulandshahar, Uttar Pradesh?","Commodity: Brinjal
Variety: Other
State: Uttar Pradesh
District: Bulandshahar
Market: Gulavati
Arrival Date: 04/03/2019
Minimum Price: ₹443
Maximum Price: ₹447
Modal Price: ₹445"
"What is the price of Carrot in Gulavati market of Bulandshahar, Uttar Pradesh?","Commodity: Carrot
Variety: Carrot
State: Uttar Pradesh
District: Bulandshahar
Market: Gulavati
Arrival Date: 04/03/2019
Minimum Price: ₹428
Maximum Price: ₹432
Modal Price: ₹430"
"What is the price of Cauliflower in Gulavati market of Bulandshahar, Uttar Pradesh?","Commodity: Cauliflower
Variety: Cauliflower
State: Uttar Pradesh
District: Bulandshahar
Market: Gulavati
Arrival Date: 04/03/2019
Minimum Price: ₹408
Maximum Price: ₹412
Modal Price: ₹410"
"What is the price of Green Chilli in Gulavati market of Bulandshahar, Uttar Pradesh?","Commodity: Green Chilli
Variety: Green Chilly
State: Uttar Pradesh
District: Bulandshahar
Market: Gulavati
Arrival Date: 04/03/2019
Minimum Price: ₹1003
Maximum Price: ₹1007
Modal Price: ₹1005"
"What is the price of Guava in Gulavati market of Bulandshahar, Uttar Pradesh?","Commodity: Guava
Variety: Guava
State: Uttar Pradesh
District: Bulandshahar
Market: Gulavati
Arrival Date: 04/03/2019
Minimum Price: ₹908
Maximum Price: ₹912
Modal Price: ₹910"
"What is the price of Onion in Gulavati market of Bulandshahar, Uttar Pradesh?","Commodity: Onion
Variety: Other
State: Uttar Pradesh
District: Bulandshahar
Market: Gulavati
Arrival Date: 04/03/2019
Minimum Price: ₹983
Maximum Price: ₹987
Modal Price: ₹985"
"What is the price of Potato in Gulavati market of Bulandshahar, Uttar Pradesh?","Commodity: Potato
Variety: Other
State: Uttar Pradesh
District: Bulandshahar
Market: Gulavati
Arrival Date: 04/03/2019
Minimum Price: ₹438
Maximum Price: ₹442
Modal Price: ₹440"
"What is the price of Raddish in Gulavati market of Bulandshahar, Uttar Pradesh?","Commodity: Raddish
Variety: Other
State: Uttar Pradesh
District: Bulandshahar
Market: Gulavati
Arrival Date: 04/03/2019
Minimum Price: ₹218
Maximum Price: ₹222
Modal Price: ₹220"
"What is the price of Tomato in Gulavati market of Bulandshahar, Uttar Pradesh?","Commodity: Tomato
Variety: Other
State: Uttar Pradesh
District: Bulandshahar
Market: Gulavati
Arrival Date: 04/03/2019
Minimum Price: ₹708
Maximum Price: ₹712
Modal Price: ₹710"
"What is the price of Carrot in Siyana market of Bulandshahar, Uttar Pradesh?","Commodity: Carrot
Variety: Carrot
State: Uttar Pradesh
District: Bulandshahar
Market: Siyana
Arrival Date: 04/03/2019
Minimum Price: ₹400
Maximum Price: ₹500
Modal Price: ₹460"
"What is the price of Cauliflower in Siyana market of Bulandshahar, Uttar Pradesh?","Commodity: Cauliflower
Variety: Cauliflower
State: Uttar Pradesh
District: Bulandshahar
Market: Siyana
Arrival Date: 04/03/2019
Minimum Price: ₹500
Maximum Price: ₹600
Modal Price: ₹550"
"What is the price of Green Chilli in Siyana market of Bulandshahar, Uttar Pradesh?","Commodity: Green Chilli
Variety: Green Chilly
State: Uttar Pradesh
District: Bulandshahar
Market: Siyana
Arrival Date: 04/03/2019
Minimum Price: ₹910
Maximum Price: ₹1000
Modal Price: ₹960"
"What is the price of Gur(Jaggery) in Siyana market of Bulandshahar, Uttar Pradesh?","Commodity: Gur(Jaggery)
Variety: Yellow
State: Uttar Pradesh
District: Bulandshahar
Market: Siyana
Arrival Date: 04/03/2019
Minimum Price: ₹2100
Maximum Price: ₹2300
Modal Price: ₹2200"
"What is the price of Onion in Siyana market of Bulandshahar, Uttar Pradesh?","Commodity: Onion
Variety: Red
State: Uttar Pradesh
District: Bulandshahar
Market: Siyana
Arrival Date: 04/03/2019
Minimum Price: ₹500
Maximum Price: ₹600
Modal Price: ₹560"
"What is the price of Potato in Siyana market of Bulandshahar, Uttar Pradesh?","Commodity: Potato
Variety: Potato
State: Uttar Pradesh
District: Bulandshahar
Market: Siyana
Arrival Date: 04/03/2019
Minimum Price: ₹360
Maximum Price: ₹460
Modal Price: ₹410"
"What is the price of Tomato in Siyana market of Bulandshahar, Uttar Pradesh?","Commodity: Tomato
Variety: Other
State: Uttar Pradesh
District: Bulandshahar
Market: Siyana
Arrival Date: 04/03/2019
Minimum Price: ₹800
Maximum Price: ₹900
Modal Price: ₹860"
"What is the price of Arhar (Tur/Red Gram)(Whole) in Mau(Chitrakut) market of Chitrakut, Uttar Pradesh?","Commodity: Arhar (Tur/Red Gram)(Whole)
Variety: 777 New Ind
State: Uttar Pradesh
District: Chitrakut
Market: Mau(Chitrakut)
Arrival Date: 04/03/2019
Minimum Price: ₹4450
Maximum Price: ₹4500
Modal Price: ₹4475"
"What is the price of Bengal Gram(Gram)(Whole) in Mau(Chitrakut) market of Chitrakut, Uttar Pradesh?","Commodity: Bengal Gram(Gram)(Whole)
Variety: Desi (Whole)
State: Uttar Pradesh
District: Chitrakut
Market: Mau(Chitrakut)
Arrival Date: 04/03/2019
Minimum Price: ₹3850
Maximum Price: ₹3900
Modal Price: ₹3875"
"What is the price of Mustard in Mau(Chitrakut) market of Chitrakut, Uttar Pradesh?","Commodity: Mustard
Variety: Big 100 Kg
State: Uttar Pradesh
District: Chitrakut
Market: Mau(Chitrakut)
Arrival Date: 04/03/2019
Minimum Price: ₹3450
Maximum Price: ₹3500
Modal Price: ₹3475"
"What is the price of Rice in Mau(Chitrakut) market of Chitrakut, Uttar Pradesh?","Commodity: Rice
Variety: 1009 Kar
State: Uttar Pradesh
District: Chitrakut
Market: Mau(Chitrakut)
Arrival Date: 04/03/2019
Minimum Price: ₹1750
Maximum Price: ₹1800
Modal Price: ₹1775"
"What is the price of Wheat in Mau(Chitrakut) market of Chitrakut, Uttar Pradesh?","Commodity: Wheat
Variety: 147 Average
State: Uttar Pradesh
District: Chitrakut
Market: Mau(Chitrakut)
Arrival Date: 04/03/2019
Minimum Price: ₹1900
Maximum Price: ₹1950
Modal Price: ₹1925"
"What is the price of Bajra(Pearl Millet/Cumbu) in Aliganj market of Etah, Uttar Pradesh?","Commodity: Bajra(Pearl Millet/Cumbu)
Variety: Deshi
State: Uttar Pradesh
District: Etah
Market: Aliganj
Arrival Date: 04/03/2019
Minimum Price: ₹1800
Maximum Price: ₹1850
Modal Price: ₹1830"
"What is the price of Banana - Green in Aliganj market of Etah, Uttar Pradesh?","Commodity: Banana - Green
Variety: Banana - Green
State: Uttar Pradesh
District: Etah
Market: Aliganj
Arrival Date: 04/03/2019
Minimum Price: ₹800
Maximum Price: ₹1000
Modal Price: ₹900"
"What is the price of Brinjal in Aliganj market of Etah, Uttar Pradesh?","Commodity: Brinjal
Variety: Round/Long
State: Uttar Pradesh
District: Etah
Market: Aliganj
Arrival Date: 04/03/2019
Minimum Price: ₹600
Maximum Price: ₹800
Modal Price: ₹700"
"What is the price of Carrot in Aliganj market of Etah, Uttar Pradesh?","Commodity: Carrot
Variety: Carrot
State: Uttar Pradesh
District: Etah
Market: Aliganj
Arrival Date: 04/03/2019
Minimum Price: ₹400
Maximum Price: ₹600
Modal Price: ₹500"
"What is the price of Cauliflower in Aliganj market of Etah, Uttar Pradesh?","Commodity: Cauliflower
Variety: Cauliflower
State: Uttar Pradesh
District: Etah
Market: Aliganj
Arrival Date: 04/03/2019
Minimum Price: ₹500
Maximum Price: ₹700
Modal Price: ₹600"
"What is the price of Colacasia in Aliganj market of Etah, Uttar Pradesh?","Commodity: Colacasia
Variety: Colacasia
State: Uttar Pradesh
District: Etah
Market: Aliganj
Arrival Date: 04/03/2019
Minimum Price: ₹1000
Maximum Price: ₹1200
Modal Price: ₹1100"
"What is the price of Field Pea in Aliganj market of Etah, Uttar Pradesh?","Commodity: Field Pea
Variety: Field Pea
State: Uttar Pradesh
District: Etah
Market: Aliganj
Arrival Date: 04/03/2019
Minimum Price: ₹400
Maximum Price: ₹600
Modal Price: ₹500"
"What is the price of Garlic in Aliganj market of Etah, Uttar Pradesh?","Commodity: Garlic
Variety: Desi
State: Uttar Pradesh
District: Etah
Market: Aliganj
Arrival Date: 04/03/2019
Minimum Price: ₹700
Maximum Price: ₹900
Modal Price: ₹800"
"What is the price of Ginger(Green) in Aliganj market of Etah, Uttar Pradesh?","Commodity: Ginger(Green)
Variety: Green Ginger
State: Uttar Pradesh
District: Etah
Market: Aliganj
Arrival Date: 04/03/2019
Minimum Price: ₹3800
Maximum Price: ₹4000
Modal Price: ₹3900"
"What is the price of Green Chilli in Aliganj market of Etah, Uttar Pradesh?","Commodity: Green Chilli
Variety: Green Chilly
State: Uttar Pradesh
District: Etah
Market: Aliganj
Arrival Date: 04/03/2019
Minimum Price: ₹1200
Maximum Price: ₹1400
Modal Price: ₹1300"
"What is the price of Mustard in Aliganj market of Etah, Uttar Pradesh?","Commodity: Mustard
Variety: Big 100 Kg
State: Uttar Pradesh
District: Etah
Market: Aliganj
Arrival Date: 04/03/2019
Minimum Price: ₹3000
Maximum Price: ₹3200
Modal Price: ₹3100"
"What is the price of Onion in Aliganj market of Etah, Uttar Pradesh?","Commodity: Onion
Variety: Red
State: Uttar Pradesh
District: Etah
Market: Aliganj
Arrival Date: 04/03/2019
Minimum Price: ₹600
Maximum Price: ₹800
Modal Price: ₹700"
"What is the price of Potato in Aliganj market of Etah, Uttar Pradesh?","Commodity: Potato
Variety: Local
State: Uttar Pradesh
District: Etah
Market: Aliganj
Arrival Date: 04/03/2019
Minimum Price: ₹400
Maximum Price: ₹600
Modal Price: ₹500"
"What is the price of Tobacco in Aliganj market of Etah, Uttar Pradesh?","Commodity: Tobacco
Variety: Beedi
State: Uttar Pradesh
District: Etah
Market: Aliganj
Arrival Date: 04/03/2019
Minimum Price: ₹1800
Maximum Price: ₹2000
Modal Price: ₹1900"
"What is the price of Tomato in Aliganj market of Etah, Uttar Pradesh?","Commodity: Tomato
Variety: Deshi
State: Uttar Pradesh
District: Etah
Market: Aliganj
Arrival Date: 04/03/2019
Minimum Price: ₹600
Maximum Price: ₹800
Modal Price: ₹700"
"What is the price of Wheat in Aliganj market of Etah, Uttar Pradesh?","Commodity: Wheat
Variety: Dara
State: Uttar Pradesh
District: Etah
Market: Aliganj
Arrival Date: 04/03/2019
Minimum Price: ₹1800
Maximum Price: ₹2000
Modal Price: ₹1900"
"What is the price of Bajra(Pearl Millet/Cumbu) in Jasvantnagar market of Etawah, Uttar Pradesh?","Commodity: Bajra(Pearl Millet/Cumbu)
Variety: Hybrid
State: Uttar Pradesh
District: Etawah
Market: Jasvantnagar
Arrival Date: 04/03/2019
Minimum Price: ₹1550
Maximum Price: ₹1750
Modal Price: ₹1650"
"What is the price of Brinjal in Jasvantnagar market of Etawah, Uttar Pradesh?","Commodity: Brinjal
Variety: Brinjal
State: Uttar Pradesh
District: Etawah
Market: Jasvantnagar
Arrival Date: 04/03/2019
Minimum Price: ₹550
Maximum Price: ₹650
Modal Price: ₹600"
"What is the price of Carrot in Jasvantnagar market of Etawah, Uttar Pradesh?","Commodity: Carrot
Variety: Carrot
State: Uttar Pradesh
District: Etawah
Market: Jasvantnagar
Arrival Date: 04/03/2019
Minimum Price: ₹700
Maximum Price: ₹800
Modal Price: ₹750"
"What is the price of Cauliflower in Jasvantnagar market of Etawah, Uttar Pradesh?","Commodity: Cauliflower
Variety: Cauliflower
State: Uttar Pradesh
District: Etawah
Market: Jasvantnagar
Arrival Date: 04/03/2019
Minimum Price: ₹400
Maximum Price: ₹500
Modal Price: ₹450"
"What is the price of Green Chilli in Jasvantnagar market of Etawah, Uttar Pradesh?","Commodity: Green Chilli
Variety: Green Chilly
State: Uttar Pradesh
District: Etawah
Market: Jasvantnagar
Arrival Date: 04/03/2019
Minimum Price: ₹1200
Maximum Price: ₹1300
Modal Price: ₹1250"
"What is the price of Green Peas in Jasvantnagar market of Etawah, Uttar Pradesh?","Commodity: Green Peas
Variety: Green Peas
State: Uttar Pradesh
District: Etawah
Market: Jasvantnagar
Arrival Date: 04/03/2019
Minimum Price: ₹600
Maximum Price: ₹700
Modal Price: ₹650"
"What is the price of Guava in Jasvantnagar market of Etawah, Uttar Pradesh?","Commodity: Guava
Variety: Guava
State: Uttar Pradesh
District: Etawah
Market: Jasvantnagar
Arrival Date: 04/03/2019
Minimum Price: ₹900
Maximum Price: ₹1000
Modal Price: ₹950"
"What is the price of Potato in Jasvantnagar market of Etawah, Uttar Pradesh?","Commodity: Potato
Variety: Desi
State: Uttar Pradesh
District: Etawah
Market: Jasvantnagar
Arrival Date: 04/03/2019
Minimum Price: ₹300
Maximum Price: ₹450
Modal Price: ₹400"
"What is the price of Pumpkin in Jasvantnagar market of Etawah, Uttar Pradesh?","Commodity: Pumpkin
Variety: Pumpkin
State: Uttar Pradesh
District: Etawah
Market: Jasvantnagar
Arrival Date: 04/03/2019
Minimum Price: ₹500
Maximum Price: ₹600
Modal Price: ₹550"
"What is the price of Raddish in Jasvantnagar market of Etawah, Uttar Pradesh?","Commodity: Raddish
Variety: Raddish
State: Uttar Pradesh
District: Etawah
Market: Jasvantnagar
Arrival Date: 04/03/2019
Minimum Price: ₹450
Maximum Price: ₹550
Modal Price: ₹500"
"What is the price of Tomato in Jasvantnagar market of Etawah, Uttar Pradesh?","Commodity: Tomato
Variety: Hybrid
State: Uttar Pradesh
District: Etawah
Market: Jasvantnagar
Arrival Date: 04/03/2019
Minimum Price: ₹650
Maximum Price: ₹750
Modal Price: ₹700"
"What is the price of Maize in Kamlaganj market of Farukhabad, Uttar Pradesh?","Commodity: Maize
Variety: Yellow
State: Uttar Pradesh
District: Farukhabad
Market: Kamlaganj
Arrival Date: 04/03/2019
Minimum Price: ₹1600
Maximum Price: ₹1700
Modal Price: ₹1650"
"What is the price of Potato in Kamlaganj market of Farukhabad, Uttar Pradesh?","Commodity: Potato
Variety: Desi
State: Uttar Pradesh
District: Farukhabad
Market: Kamlaganj
Arrival Date: 04/03/2019
Minimum Price: ₹400
Maximum Price: ₹450
Modal Price: ₹430"
"What is the price of Wheat in Kamlaganj market of Farukhabad, Uttar Pradesh?","Commodity: Wheat
Variety: Dara
State: Uttar Pradesh
District: Farukhabad
Market: Kamlaganj
Arrival Date: 04/03/2019
Minimum Price: ₹1850
Maximum Price: ₹1900
Modal Price: ₹1870"
"What is the price of Potato in Bindki market of Fatehpur, Uttar Pradesh?","Commodity: Potato
Variety: Potato
State: Uttar Pradesh
District: Fatehpur
Market: Bindki
Arrival Date: 04/03/2019
Minimum Price: ₹400
Maximum Price: ₹550
Modal Price: ₹490"
"What is the price of Gur(Jaggery) in Kishunpur market of Fatehpur, Uttar Pradesh?","Commodity: Gur(Jaggery)
Variety: Other
State: Uttar Pradesh
District: Fatehpur
Market: Kishunpur
Arrival Date: 04/03/2019
Minimum Price: ₹2400
Maximum Price: ₹2600
Modal Price: ₹2500"
"What is the price of Paddy(Dhan)(Common) in Kishunpur market of Fatehpur, Uttar Pradesh?","Commodity: Paddy(Dhan)(Common)
Variety: Common
State: Uttar Pradesh
District: Fatehpur
Market: Kishunpur
Arrival Date: 04/03/2019
Minimum Price: ₹1600
Maximum Price: ₹1900
Modal Price: ₹1750"
"What is the price of Wheat in Kishunpur market of Fatehpur, Uttar Pradesh?","Commodity: Wheat
Variety: Dara
State: Uttar Pradesh
District: Fatehpur
Market: Kishunpur
Arrival Date: 04/03/2019
Minimum Price: ₹1800
Maximum Price: ₹2100
Modal Price: ₹1950"
"What is the price of Brinjal in Javer market of Gautam Budh Nagar, Uttar Pradesh?","Commodity: Brinjal
Variety: Other
State: Uttar Pradesh
District: Gautam Budh Nagar
Market: Javer
Arrival Date: 04/03/2019
Minimum Price: ₹0
Maximum Price: ₹650
Modal Price: ₹600"
"What is the price of Cabbage in Javer market of Gautam Budh Nagar, Uttar Pradesh?","Commodity: Cabbage
Variety: Cabbage
State: Uttar Pradesh
District: Gautam Budh Nagar
Market: Javer
Arrival Date: 04/03/2019
Minimum Price: ₹0
Maximum Price: ₹600
Modal Price: ₹500"
"What is the price of Carrot in Javer market of Gautam Budh Nagar, Uttar Pradesh?","Commodity: Carrot
Variety: Carrot
State: Uttar Pradesh
District: Gautam Budh Nagar
Market: Javer
Arrival Date: 04/03/2019
Minimum Price: ₹0
Maximum Price: ₹500
Modal Price: ₹400"
"What is the price of Green Chilli in Javer market of Gautam Budh Nagar, Uttar Pradesh?","Commodity: Green Chilli
Variety: Green Chilly
State: Uttar Pradesh
District: Gautam Budh Nagar
Market: Javer
Arrival Date: 04/03/2019
Minimum Price: ₹0
Maximum Price: ₹1000
Modal Price: ₹900"
"What is the price of Potato in Javer market of Gautam Budh Nagar, Uttar Pradesh?","Commodity: Potato
Variety: Potato
State: Uttar Pradesh
District: Gautam Budh Nagar
Market: Javer
Arrival Date: 04/03/2019
Minimum Price: ₹0
Maximum Price: ₹600
Modal Price: ₹500"
"What is the price of Tomato in Javer market of Gautam Budh Nagar, Uttar Pradesh?","Commodity: Tomato
Variety: Other
State: Uttar Pradesh
District: Gautam Budh Nagar
Market: Javer
Arrival Date: 04/03/2019
Minimum Price: ₹0
Maximum Price: ₹800
Modal Price: ₹700"
"What is the price of Apple in Hapur market of Ghaziabad, Uttar Pradesh?","Commodity: Apple
Variety: Delicious
State: Uttar Pradesh
District: Ghaziabad
Market: Hapur
Arrival Date: 04/03/2019
Minimum Price: ₹5700
Maximum Price: ₹6000
Modal Price: ₹5850"
"What is the price of Arhar Dal(Tur Dal) in Hapur market of Ghaziabad, Uttar Pradesh?","Commodity: Arhar Dal(Tur Dal)
Variety: Arhar Dal(Tur)
State: Uttar Pradesh
District: Ghaziabad
Market: Hapur
Arrival Date: 04/03/2019
Minimum Price: ₹6000
Maximum Price: ₹6150
Modal Price: ₹6080"
"What is the price of Banana in Hapur market of Ghaziabad, Uttar Pradesh?","Commodity: Banana
Variety: Medium
State: Uttar Pradesh
District: Ghaziabad
Market: Hapur
Arrival Date: 04/03/2019
Minimum Price: ₹1200
Maximum Price: ₹1350
Modal Price: ₹1260"
"What is the price of Bengal Gram(Gram)(Whole) in Hapur market of Ghaziabad, Uttar Pradesh?","Commodity: Bengal Gram(Gram)(Whole)
Variety: Desi (Whole)
State: Uttar Pradesh
District: Ghaziabad
Market: Hapur
Arrival Date: 04/03/2019
Minimum Price: ₹5250
Maximum Price: ₹5450
Modal Price: ₹5330"
"What is the price of Black Gram Dal (Urd Dal) in Hapur market of Ghaziabad, Uttar Pradesh?","Commodity: Black Gram Dal (Urd Dal)
Variety: Black Gram Dal
State: Uttar Pradesh
District: Ghaziabad
Market: Hapur
Arrival Date: 04/03/2019
Minimum Price: ₹5400
Maximum Price: ₹5650
Modal Price: ₹5500"
"What is the price of Bottle gourd in Hapur market of Ghaziabad, Uttar Pradesh?","Commodity: Bottle gourd
Variety: Bottle Gourd
State: Uttar Pradesh
District: Ghaziabad
Market: Hapur
Arrival Date: 04/03/2019
Minimum Price: ₹1650
Maximum Price: ₹2050
Modal Price: ₹1800"
"What is the price of Brinjal in Hapur market of Ghaziabad, Uttar Pradesh?","Commodity: Brinjal
Variety: Round/Long
State: Uttar Pradesh
District: Ghaziabad
Market: Hapur
Arrival Date: 04/03/2019
Minimum Price: ₹900
Maximum Price: ₹1050
Modal Price: ₹970"
"What is the price of Cabbage in Hapur market of Ghaziabad, Uttar Pradesh?","Commodity: Cabbage
Variety: Cabbage
State: Uttar Pradesh
District: Ghaziabad
Market: Hapur
Arrival Date: 04/03/2019
Minimum Price: ₹500
Maximum Price: ₹650
Modal Price: ₹570"
"What is the price of Green Chilli in Hapur market of Ghaziabad, Uttar Pradesh?","Commodity: Green Chilli
Variety: Green Chilly
State: Uttar Pradesh
District: Ghaziabad
Market: Hapur
Arrival Date: 04/03/2019
Minimum Price: ₹2400
Maximum Price: ₹2650
Modal Price: ₹2500"
"What is the price of Gur(Jaggery) in Hapur market of Ghaziabad, Uttar Pradesh?","Commodity: Gur(Jaggery)
Variety: Red
State: Uttar Pradesh
District: Ghaziabad
Market: Hapur
Arrival Date: 04/03/2019
Minimum Price: ₹2200
Maximum Price: ₹2350
Modal Price: ₹2260"
"What is the price of Lemon in Hapur market of Ghaziabad, Uttar Pradesh?","Commodity: Lemon
Variety: Lemon
State: Uttar Pradesh
District: Ghaziabad
Market: Hapur
Arrival Date: 04/03/2019
Minimum Price: ₹2700
Maximum Price: ₹2850
Modal Price: ₹2750"
"What is the price of Mousambi(Sweet Lime) in Hapur market of Ghaziabad, Uttar Pradesh?","Commodity: Mousambi(Sweet Lime)
Variety: Other
State: Uttar Pradesh
District: Ghaziabad
Market: Hapur
Arrival Date: 04/03/2019
Minimum Price: ₹2600
Maximum Price: ₹2750
Modal Price: ₹2680"
"What is the price of Mustard in Hapur market of Ghaziabad, Uttar Pradesh?","Commodity: Mustard
Variety: Mustard
State: Uttar Pradesh
District: Ghaziabad
Market: Hapur
Arrival Date: 04/03/2019
Minimum Price: ₹3950
Maximum Price: ₹4250
Modal Price: ₹4100"
"What is the price of Mustard Oil in Hapur market of Ghaziabad, Uttar Pradesh?","Commodity: Mustard Oil
Variety: Other
State: Uttar Pradesh
District: Ghaziabad
Market: Hapur
Arrival Date: 04/03/2019
Minimum Price: ₹9150
Maximum Price: ₹9400
Modal Price: ₹9250"
"What is the price of Onion in Hapur market of Ghaziabad, Uttar Pradesh?","Commodity: Onion
Variety: Red
State: Uttar Pradesh
District: Ghaziabad
Market: Hapur
Arrival Date: 04/03/2019
Minimum Price: ₹700
Maximum Price: ₹850
Modal Price: ₹760"
"What is the price of Papaya in Hapur market of Ghaziabad, Uttar Pradesh?","Commodity: Papaya
Variety: Papaya
State: Uttar Pradesh
District: Ghaziabad
Market: Hapur
Arrival Date: 04/03/2019
Minimum Price: ₹1200
Maximum Price: ₹1450
Modal Price: ₹1300"
"What is the price of Potato in Hapur market of Ghaziabad, Uttar Pradesh?","Commodity: Potato
Variety: Desi
State: Uttar Pradesh
District: Ghaziabad
Market: Hapur
Arrival Date: 04/03/2019
Minimum Price: ₹550
Maximum Price: ₹700
Modal Price: ₹610"
"What is the price of Raddish in Hapur market of Ghaziabad, Uttar Pradesh?","Commodity: Raddish
Variety: Raddish
State: Uttar Pradesh
District: Ghaziabad
Market: Hapur
Arrival Date: 04/03/2019
Minimum Price: ₹250
Maximum Price: ₹350
Modal Price: ₹280"
"What is the price of Rice in Hapur market of Ghaziabad, Uttar Pradesh?","Commodity: Rice
Variety: III
State: Uttar Pradesh
District: Ghaziabad
Market: Hapur
Arrival Date: 04/03/2019
Minimum Price: ₹2550
Maximum Price: ₹2750
Modal Price: ₹2670"
"What is the price of Sugar in Hapur market of Ghaziabad, Uttar Pradesh?","Commodity: Sugar
Variety: Fine
State: Uttar Pradesh
District: Ghaziabad
Market: Hapur
Arrival Date: 04/03/2019
Minimum Price: ₹3300
Maximum Price: ₹3450
Modal Price: ₹3380"
"What is the price of Tomato in Hapur market of Ghaziabad, Uttar Pradesh?","Commodity: Tomato
Variety: Deshi
State: Uttar Pradesh
District: Ghaziabad
Market: Hapur
Arrival Date: 04/03/2019
Minimum Price: ₹900
Maximum Price: ₹1050
Modal Price: ₹970"
"What is the price of Wheat in Hapur market of Ghaziabad, Uttar Pradesh?","Commodity: Wheat
Variety: Dara
State: Uttar Pradesh
District: Ghaziabad
Market: Hapur
Arrival Date: 04/03/2019
Minimum Price: ₹1900
Maximum Price: ₹2100
Modal Price: ₹1980"
"What is the price of Wheat in Ait market of Jalaun (Orai), Uttar Pradesh?","Commodity: Wheat
Variety: Dara
State: Uttar Pradesh
District: Jalaun (Orai)
Market: Ait
Arrival Date: 04/03/2019
Minimum Price: ₹1980
Maximum Price: ₹1980
Modal Price: ₹1980"
"What is the price of Wheat in Kadaura market of Jalaun (Orai), Uttar Pradesh?","Commodity: Wheat
Variety: 147 Average
State: Uttar Pradesh
District: Jalaun (Orai)
Market: Kadaura
Arrival Date: 04/03/2019
Minimum Price: ₹1750
Maximum Price: ₹1800
Modal Price: ₹1775"
"What is the price of Colacasia in Baruwasagar market of Jhansi, Uttar Pradesh?","Commodity: Colacasia
Variety: Colacasia
State: Uttar Pradesh
District: Jhansi
Market: Baruwasagar
Arrival Date: 04/03/2019
Minimum Price: ₹2130
Maximum Price: ₹2365
Modal Price: ₹2245"
"What is the price of Ginger(Green) in Baruwasagar market of Jhansi, Uttar Pradesh?","Commodity: Ginger(Green)
Variety: Green Ginger
State: Uttar Pradesh
District: Jhansi
Market: Baruwasagar
Arrival Date: 04/03/2019
Minimum Price: ₹3165
Maximum Price: ₹3345
Modal Price: ₹3245"
"What is the price of Black Gram (Urd Beans)(Whole) in Chirgaon market of Jhansi, Uttar Pradesh?","Commodity: Black Gram (Urd Beans)(Whole)
Variety: Black Gram (Whole)
State: Uttar Pradesh
District: Jhansi
Market: Chirgaon
Arrival Date: 04/03/2019
Minimum Price: ₹3500
Maximum Price: ₹3700
Modal Price: ₹3600"
"What is the price of Groundnut in Chirgaon market of Jhansi, Uttar Pradesh?","Commodity: Groundnut
Variety: Other
State: Uttar Pradesh
District: Jhansi
Market: Chirgaon
Arrival Date: 04/03/2019
Minimum Price: ₹3100
Maximum Price: ₹3200
Modal Price: ₹3150"
"What is the price of Wheat in Chirgaon market of Jhansi, Uttar Pradesh?","Commodity: Wheat
Variety: Dara
State: Uttar Pradesh
District: Jhansi
Market: Chirgaon
Arrival Date: 04/03/2019
Minimum Price: ₹1800
Maximum Price: ₹1850
Modal Price: ₹1825"
"What is the price of Apple in Chhibramau(Kannuj) market of Kannuj, Uttar Pradesh?","Commodity: Apple
Variety: Delicious
State: Uttar Pradesh
District: Kannuj
Market: Chhibramau(Kannuj)
Arrival Date: 04/03/2019
Minimum Price: ₹6400
Maximum Price: ₹6600
Modal Price: ₹6500"
"What is the price of Arhar Dal(Tur Dal) in Chhibramau(Kannuj) market of Kannuj, Uttar Pradesh?","Commodity: Arhar Dal(Tur Dal)
Variety: Arhar Dal(Tur)
State: Uttar Pradesh
District: Kannuj
Market: Chhibramau(Kannuj)
Arrival Date: 04/03/2019
Minimum Price: ₹6700
Maximum Price: ₹6900
Modal Price: ₹6800"
"What is the price of Banana in Chhibramau(Kannuj) market of Kannuj, Uttar Pradesh?","Commodity: Banana
Variety: Banana - Ripe
State: Uttar Pradesh
District: Kannuj
Market: Chhibramau(Kannuj)
Arrival Date: 04/03/2019
Minimum Price: ₹2100
Maximum Price: ₹2300
Modal Price: ₹2200"
"What is the price of Bengal Gram(Gram)(Whole) in Chhibramau(Kannuj) market of Kannuj, Uttar Pradesh?","Commodity: Bengal Gram(Gram)(Whole)
Variety: Desi (Whole)
State: Uttar Pradesh
District: Kannuj
Market: Chhibramau(Kannuj)
Arrival Date: 04/03/2019
Minimum Price: ₹4500
Maximum Price: ₹4650
Modal Price: ₹4600"
"What is the price of Black Gram Dal (Urd Dal) in Chhibramau(Kannuj) market of Kannuj, Uttar Pradesh?","Commodity: Black Gram Dal (Urd Dal)
Variety: Black Gram Dal
State: Uttar Pradesh
District: Kannuj
Market: Chhibramau(Kannuj)
Arrival Date: 04/03/2019
Minimum Price: ₹6400
Maximum Price: ₹6600
Modal Price: ₹6500"
"What is the price of Brinjal in Chhibramau(Kannuj) market of Kannuj, Uttar Pradesh?","Commodity: Brinjal
Variety: Round/Long
State: Uttar Pradesh
District: Kannuj
Market: Chhibramau(Kannuj)
Arrival Date: 04/03/2019
Minimum Price: ₹780
Maximum Price: ₹850
Modal Price: ₹800"
"What is the price of Cabbage in Chhibramau(Kannuj) market of Kannuj, Uttar Pradesh?","Commodity: Cabbage
Variety: Cabbage
State: Uttar Pradesh
District: Kannuj
Market: Chhibramau(Kannuj)
Arrival Date: 04/03/2019
Minimum Price: ₹450
Maximum Price: ₹480
Modal Price: ₹470"
"What is the price of Cauliflower in Chhibramau(Kannuj) market of Kannuj, Uttar Pradesh?","Commodity: Cauliflower
Variety: Local
State: Uttar Pradesh
District: Kannuj
Market: Chhibramau(Kannuj)
Arrival Date: 04/03/2019
Minimum Price: ₹450
Maximum Price: ₹500
Modal Price: ₹480"
"What is the price of Green Chilli in Chhibramau(Kannuj) market of Kannuj, Uttar Pradesh?","Commodity: Green Chilli
Variety: Green Chilly
State: Uttar Pradesh
District: Kannuj
Market: Chhibramau(Kannuj)
Arrival Date: 04/03/2019
Minimum Price: ₹2000
Maximum Price: ₹2200
Modal Price: ₹2100"
"What is the price of Gur(Jaggery) in Chhibramau(Kannuj) market of Kannuj, Uttar Pradesh?","Commodity: Gur(Jaggery)
Variety: Red
State: Uttar Pradesh
District: Kannuj
Market: Chhibramau(Kannuj)
Arrival Date: 04/03/2019
Minimum Price: ₹2300
Maximum Price: ₹2450
Modal Price: ₹2400"
"What is the price of Maize in Chhibramau(Kannuj) market of Kannuj, Uttar Pradesh?","Commodity: Maize
Variety: Yellow
State: Uttar Pradesh
District: Kannuj
Market: Chhibramau(Kannuj)
Arrival Date: 04/03/2019
Minimum Price: ₹1780
Maximum Price: ₹1810
Modal Price: ₹1800"
"What is the price of Mustard in Chhibramau(Kannuj) market of Kannuj, Uttar Pradesh?","Commodity: Mustard
Variety: Lohi Black
State: Uttar Pradesh
District: Kannuj
Market: Chhibramau(Kannuj)
Arrival Date: 04/03/2019
Minimum Price: ₹3300
Maximum Price: ₹3450
Modal Price: ₹3400"
"What is the price of Mustard Oil in Chhibramau(Kannuj) market of Kannuj, Uttar Pradesh?","Commodity: Mustard Oil
Variety: Mustard Oil
State: Uttar Pradesh
District: Kannuj
Market: Chhibramau(Kannuj)
Arrival Date: 04/03/2019
Minimum Price: ₹8900
Maximum Price: ₹9090
Modal Price: ₹9000"
"What is the price of Onion in Chhibramau(Kannuj) market of Kannuj, Uttar Pradesh?","Commodity: Onion
Variety: Red
State: Uttar Pradesh
District: Kannuj
Market: Chhibramau(Kannuj)
Arrival Date: 04/03/2019
Minimum Price: ₹780
Maximum Price: ₹866
Modal Price: ₹800"
"What is the price of Paddy(Dhan)(Common) in Chhibramau(Kannuj) market of Kannuj, Uttar Pradesh?","Commodity: Paddy(Dhan)(Common)
Variety: Fine
State: Uttar Pradesh
District: Kannuj
Market: Chhibramau(Kannuj)
Arrival Date: 04/03/2019
Minimum Price: ₹2300
Maximum Price: ₹2450
Modal Price: ₹2400"
"What is the price of Peas cod in Chhibramau(Kannuj) market of Kannuj, Uttar Pradesh?","Commodity: Peas cod
Variety: Peas cod
State: Uttar Pradesh
District: Kannuj
Market: Chhibramau(Kannuj)
Arrival Date: 04/03/2019
Minimum Price: ₹890
Maximum Price: ₹1090
Modal Price: ₹1000"
"What is the price of Potato in Chhibramau(Kannuj) market of Kannuj, Uttar Pradesh?","Commodity: Potato
Variety: Local
State: Uttar Pradesh
District: Kannuj
Market: Chhibramau(Kannuj)
Arrival Date: 04/03/2019
Minimum Price: ₹450
Maximum Price: ₹500
Modal Price: ₹480"
"What is the price of Rice in Chhibramau(Kannuj) market of Kannuj, Uttar Pradesh?","Commodity: Rice
Variety: III
State: Uttar Pradesh
District: Kannuj
Market: Chhibramau(Kannuj)
Arrival Date: 04/03/2019
Minimum Price: ₹2340
Maximum Price: ₹2540
Modal Price: ₹2500"
"What is the price of Tomato in Chhibramau(Kannuj) market of Kannuj, Uttar Pradesh?","Commodity: Tomato
Variety: Deshi
State: Uttar Pradesh
District: Kannuj
Market: Chhibramau(Kannuj)
Arrival Date: 04/03/2019
Minimum Price: ₹760
Maximum Price: ₹790
Modal Price: ₹780"
"What is the price of Wheat in Chhibramau(Kannuj) market of Kannuj, Uttar Pradesh?","Commodity: Wheat
Variety: Dara
State: Uttar Pradesh
District: Kannuj
Market: Chhibramau(Kannuj)
Arrival Date: 04/03/2019
Minimum Price: ₹2000
Maximum Price: ₹2100
Modal Price: ₹2040"
"What is the price of Apple in Rura market of Kanpur, Uttar Pradesh?","Commodity: Apple
Variety: Apple
State: Uttar Pradesh
District: Kanpur
Market: Rura
Arrival Date: 04/03/2019
Minimum Price: ₹5500
Maximum Price: ₹5800
Modal Price: ₹5800"
"What is the price of Bajra(Pearl Millet/Cumbu) in Rura market of Kanpur, Uttar Pradesh?","Commodity: Bajra(Pearl Millet/Cumbu)
Variety: Deshi
State: Uttar Pradesh
District: Kanpur
Market: Rura
Arrival Date: 04/03/2019
Minimum Price: ₹1300
Maximum Price: ₹1400
Modal Price: ₹1400"
"What is the price of Banana in Rura market of Kanpur, Uttar Pradesh?","Commodity: Banana
Variety: Banana - Ripe
State: Uttar Pradesh
District: Kanpur
Market: Rura
Arrival Date: 04/03/2019
Minimum Price: ₹2200
Maximum Price: ₹2800
Modal Price: ₹2800"
"What is the price of Barley (Jau) in Rura market of Kanpur, Uttar Pradesh?","Commodity: Barley (Jau)
Variety: Dara
State: Uttar Pradesh
District: Kanpur
Market: Rura
Arrival Date: 04/03/2019
Minimum Price: ₹1300
Maximum Price: ₹1400
Modal Price: ₹1400"
"What is the price of Bottle gourd in Rura market of Kanpur, Uttar Pradesh?","Commodity: Bottle gourd
Variety: Bottle Gourd
State: Uttar Pradesh
District: Kanpur
Market: Rura
Arrival Date: 04/03/2019
Minimum Price: ₹800
Maximum Price: ₹900
Modal Price: ₹900"
"What is the price of Brinjal in Rura market of Kanpur, Uttar Pradesh?","Commodity: Brinjal
Variety: Brinjal
State: Uttar Pradesh
District: Kanpur
Market: Rura
Arrival Date: 04/03/2019
Minimum Price: ₹950
Maximum Price: ₹1000
Modal Price: ₹1000"
"What is the price of Cabbage in Rura market of Kanpur, Uttar Pradesh?","Commodity: Cabbage
Variety: Cabbage
State: Uttar Pradesh
District: Kanpur
Market: Rura
Arrival Date: 04/03/2019
Minimum Price: ₹800
Maximum Price: ₹900
Modal Price: ₹900"
"What is the price of Cauliflower in Rura market of Kanpur, Uttar Pradesh?","Commodity: Cauliflower
Variety: African Sarson
State: Uttar Pradesh
District: Kanpur
Market: Rura
Arrival Date: 04/03/2019
Minimum Price: ₹800
Maximum Price: ₹900
Modal Price: ₹900"
"What is the price of Ghee in Rura market of Kanpur, Uttar Pradesh?","Commodity: Ghee
Variety: Ghee
State: Uttar Pradesh
District: Kanpur
Market: Rura
Arrival Date: 04/03/2019
Minimum Price: ₹28000
Maximum Price: ₹29000
Modal Price: ₹29000"
"What is the price of Green Chilli in Rura market of Kanpur, Uttar Pradesh?","Commodity: Green Chilli
Variety: Green Chilly
State: Uttar Pradesh
District: Kanpur
Market: Rura
Arrival Date: 04/03/2019
Minimum Price: ₹400
Maximum Price: ₹500
Modal Price: ₹500"
"What is the price of Green Gram (Moong)(Whole) in Rura market of Kanpur, Uttar Pradesh?","Commodity: Green Gram (Moong)(Whole)
Variety: Ankola
State: Uttar Pradesh
District: Kanpur
Market: Rura
Arrival Date: 04/03/2019
Minimum Price: ₹5500
Maximum Price: ₹5800
Modal Price: ₹5800"
"What is the price of Guava in Rura market of Kanpur, Uttar Pradesh?","Commodity: Guava
Variety: Guava
State: Uttar Pradesh
District: Kanpur
Market: Rura
Arrival Date: 04/03/2019
Minimum Price: ₹800
Maximum Price: ₹900
Modal Price: ₹900"
"What is the price of Jowar(Sorghum) in Rura market of Kanpur, Uttar Pradesh?","Commodity: Jowar(Sorghum)
Variety: Annigeri
State: Uttar Pradesh
District: Kanpur
Market: Rura
Arrival Date: 04/03/2019
Minimum Price: ₹1300
Maximum Price: ₹1400
Modal Price: ₹1400"
"What is the price of Maize in Rura market of Kanpur, Uttar Pradesh?","Commodity: Maize
Variety: Hybrid Yellow (Cattle Feed)
State: Uttar Pradesh
District: Kanpur
Market: Rura
Arrival Date: 04/03/2019
Minimum Price: ₹1400
Maximum Price: ₹1500
Modal Price: ₹1500"
"What is the price of Mustard in Rura market of Kanpur, Uttar Pradesh?","Commodity: Mustard
Variety: Sarson(Black)
State: Uttar Pradesh
District: Kanpur
Market: Rura
Arrival Date: 04/03/2019
Minimum Price: ₹3400
Maximum Price: ₹3800
Modal Price: ₹3800"
"What is the price of Onion in Rura market of Kanpur, Uttar Pradesh?","Commodity: Onion
Variety: Red
State: Uttar Pradesh
District: Kanpur
Market: Rura
Arrival Date: 04/03/2019
Minimum Price: ₹800
Maximum Price: ₹900
Modal Price: ₹900"
"What is the price of Paddy(Dhan)(Basmati) in Rura market of Kanpur, Uttar Pradesh?","Commodity: Paddy(Dhan)(Basmati)
Variety: 1121
State: Uttar Pradesh
District: Kanpur
Market: Rura
Arrival Date: 04/03/2019
Minimum Price: ₹1770
Maximum Price: ₹1775
Modal Price: ₹1775"
"What is the price of Paddy(Dhan)(Common) in Rura market of Kanpur, Uttar Pradesh?","Commodity: Paddy(Dhan)(Common)
Variety: Common
State: Uttar Pradesh
District: Kanpur
Market: Rura
Arrival Date: 04/03/2019
Minimum Price: ₹1750
Maximum Price: ₹1752
Modal Price: ₹1752"
"What is the price of Potato in Rura market of Kanpur, Uttar Pradesh?","Commodity: Potato
Variety: Desi
State: Uttar Pradesh
District: Kanpur
Market: Rura
Arrival Date: 04/03/2019
Minimum Price: ₹800
Maximum Price: ₹900
Modal Price: ₹900"
"What is the price of Pumpkin in Rura market of Kanpur, Uttar Pradesh?","Commodity: Pumpkin
Variety: Other
State: Uttar Pradesh
District: Kanpur
Market: Rura
Arrival Date: 04/03/2019
Minimum Price: ₹1300
Maximum Price: ₹1400
Modal Price: ₹1400"
"What is the price of Raddish in Rura market of Kanpur, Uttar Pradesh?","Commodity: Raddish
Variety: Other
State: Uttar Pradesh
District: Kanpur
Market: Rura
Arrival Date: 04/03/2019
Minimum Price: ₹800
Maximum Price: ₹900
Modal Price: ₹900"
"What is the price of Tomato in Rura market of Kanpur, Uttar Pradesh?","Commodity: Tomato
Variety: Deshi
State: Uttar Pradesh
District: Kanpur
Market: Rura
Arrival Date: 04/03/2019
Minimum Price: ₹800
Maximum Price: ₹900
Modal Price: ₹900"
"What is the price of Wheat in Rura market of Kanpur, Uttar Pradesh?","Commodity: Wheat
Variety: Dara
State: Uttar Pradesh
District: Kanpur
Market: Rura
Arrival Date: 04/03/2019
Minimum Price: ₹1755
Maximum Price: ₹1800
Modal Price: ₹1800"
"What is the price of Wood in Rura market of Kanpur, Uttar Pradesh?","Commodity: Wood
Variety: Beete (Rose)
State: Uttar Pradesh
District: Kanpur
Market: Rura
Arrival Date: 04/03/2019
Minimum Price: ₹400
Maximum Price: ₹500
Modal Price: ₹500"
"What is the price of Onion in Mohammdi market of Khiri (Lakhimpur), Uttar Pradesh?","Commodity: Onion
Variety: Red
State: Uttar Pradesh
District: Khiri (Lakhimpur)
Market: Mohammdi
Arrival Date: 04/03/2019
Minimum Price: ₹890
Maximum Price: ₹900
Modal Price: ₹900"
"What is the price of Potato in Mohammdi market of Khiri (Lakhimpur), Uttar Pradesh?","Commodity: Potato
Variety: F.A.Q.
State: Uttar Pradesh
District: Khiri (Lakhimpur)
Market: Mohammdi
Arrival Date: 04/03/2019
Minimum Price: ₹430
Maximum Price: ₹440
Modal Price: ₹440"
"What is the price of Tomato in Mohammdi market of Khiri (Lakhimpur), Uttar Pradesh?","Commodity: Tomato
Variety: Local
State: Uttar Pradesh
District: Khiri (Lakhimpur)
Market: Mohammdi
Arrival Date: 04/03/2019
Minimum Price: ₹840
Maximum Price: ₹850
Modal Price: ₹850"
"What is the price of Gur(Jaggery) in Tikonia market of Khiri (Lakhimpur), Uttar Pradesh?","Commodity: Gur(Jaggery)
Variety: Khandsari
State: Uttar Pradesh
District: Khiri (Lakhimpur)
Market: Tikonia
Arrival Date: 04/03/2019
Minimum Price: ₹3000
Maximum Price: ₹3200
Modal Price: ₹3100"
"What is the price of Gur(Jaggery) in Tikonia market of Khiri (Lakhimpur), Uttar Pradesh?","Commodity: Gur(Jaggery)
Variety: Other
State: Uttar Pradesh
District: Khiri (Lakhimpur)
Market: Tikonia
Arrival Date: 04/03/2019
Minimum Price: ₹475
Maximum Price: ₹525
Modal Price: ₹500"
"What is the price of Gur(Jaggery) in Tikonia market of Khiri (Lakhimpur), Uttar Pradesh?","Commodity: Gur(Jaggery)
Variety: Pathari
State: Uttar Pradesh
District: Khiri (Lakhimpur)
Market: Tikonia
Arrival Date: 04/03/2019
Minimum Price: ₹2050
Maximum Price: ₹2150
Modal Price: ₹2100"
"What is the price of Pumpkin in Tikonia market of Khiri (Lakhimpur), Uttar Pradesh?","Commodity: Pumpkin
Variety: Pumpkin
State: Uttar Pradesh
District: Khiri (Lakhimpur)
Market: Tikonia
Arrival Date: 04/03/2019
Minimum Price: ₹320
Maximum Price: ₹380
Modal Price: ₹350"
"What is the price of White Pumpkin in Tikonia market of Khiri (Lakhimpur), Uttar Pradesh?","Commodity: White Pumpkin
Variety: White Pumpkin
State: Uttar Pradesh
District: Khiri (Lakhimpur)
Market: Tikonia
Arrival Date: 04/03/2019
Minimum Price: ₹280
Maximum Price: ₹340
Modal Price: ₹310"
"What is the price of Apple in Paliakala market of Lakhimpur, Uttar Pradesh?","Commodity: Apple
Variety: Kasmir/Shimla - II
State: Uttar Pradesh
District: Lakhimpur
Market: Paliakala
Arrival Date: 04/03/2019
Minimum Price: ₹6390
Maximum Price: ₹6435
Modal Price: ₹6410"
"What is the price of Arhar Dal(Tur Dal) in Paliakala market of Lakhimpur, Uttar Pradesh?","Commodity: Arhar Dal(Tur Dal)
Variety: Arhar Dal(Tur)
State: Uttar Pradesh
District: Lakhimpur
Market: Paliakala
Arrival Date: 04/03/2019
Minimum Price: ₹6350
Maximum Price: ₹6410
Modal Price: ₹6380"
"What is the price of Banana in Paliakala market of Lakhimpur, Uttar Pradesh?","Commodity: Banana
Variety: Banana - Ripe
State: Uttar Pradesh
District: Lakhimpur
Market: Paliakala
Arrival Date: 04/03/2019
Minimum Price: ₹1750
Maximum Price: ₹1800
Modal Price: ₹1785"
"What is the price of Banana - Green in Paliakala market of Lakhimpur, Uttar Pradesh?","Commodity: Banana - Green
Variety: Banana - Green
State: Uttar Pradesh
District: Lakhimpur
Market: Paliakala
Arrival Date: 04/03/2019
Minimum Price: ₹620
Maximum Price: ₹730
Modal Price: ₹670"
"What is the price of Bottle gourd in Paliakala market of Lakhimpur, Uttar Pradesh?","Commodity: Bottle gourd
Variety: Bottle Gourd
State: Uttar Pradesh
District: Lakhimpur
Market: Paliakala
Arrival Date: 04/03/2019
Minimum Price: ₹1020
Maximum Price: ₹1080
Modal Price: ₹1050"
"What is the price of Brinjal in Paliakala market of Lakhimpur, Uttar Pradesh?","Commodity: Brinjal
Variety: Brinjal
State: Uttar Pradesh
District: Lakhimpur
Market: Paliakala
Arrival Date: 04/03/2019
Minimum Price: ₹930
Maximum Price: ₹1000
Modal Price: ₹960"
"What is the price of Cabbage in Paliakala market of Lakhimpur, Uttar Pradesh?","Commodity: Cabbage
Variety: Cabbage
State: Uttar Pradesh
District: Lakhimpur
Market: Paliakala
Arrival Date: 04/03/2019
Minimum Price: ₹660
Maximum Price: ₹730
Modal Price: ₹700"
"What is the price of Capsicum in Paliakala market of Lakhimpur, Uttar Pradesh?","Commodity: Capsicum
Variety: Capsicum
State: Uttar Pradesh
District: Lakhimpur
Market: Paliakala
Arrival Date: 04/03/2019
Minimum Price: ₹1690
Maximum Price: ₹1750
Modal Price: ₹1720"
"What is the price of Cauliflower in Paliakala market of Lakhimpur, Uttar Pradesh?","Commodity: Cauliflower
Variety: Cauliflower
State: Uttar Pradesh
District: Lakhimpur
Market: Paliakala
Arrival Date: 04/03/2019
Minimum Price: ₹650
Maximum Price: ₹740
Modal Price: ₹710"
"What is the price of Field Pea in Paliakala market of Lakhimpur, Uttar Pradesh?","Commodity: Field Pea
Variety: Field Pea
State: Uttar Pradesh
District: Lakhimpur
Market: Paliakala
Arrival Date: 04/03/2019
Minimum Price: ₹820
Maximum Price: ₹890
Modal Price: ₹860"
"What is the price of Garlic in Paliakala market of Lakhimpur, Uttar Pradesh?","Commodity: Garlic
Variety: Garlic
State: Uttar Pradesh
District: Lakhimpur
Market: Paliakala
Arrival Date: 04/03/2019
Minimum Price: ₹2510
Maximum Price: ₹2560
Modal Price: ₹2540"
"What is the price of Ginger(Green) in Paliakala market of Lakhimpur, Uttar Pradesh?","Commodity: Ginger(Green)
Variety: Green Ginger
State: Uttar Pradesh
District: Lakhimpur
Market: Paliakala
Arrival Date: 04/03/2019
Minimum Price: ₹3500
Maximum Price: ₹3600
Modal Price: ₹3540"
"What is the price of Grapes in Paliakala market of Lakhimpur, Uttar Pradesh?","Commodity: Grapes
Variety: Annabesahai
State: Uttar Pradesh
District: Lakhimpur
Market: Paliakala
Arrival Date: 04/03/2019
Minimum Price: ₹4210
Maximum Price: ₹4260
Modal Price: ₹4240"
"What is the price of Green Chilli in Paliakala market of Lakhimpur, Uttar Pradesh?","Commodity: Green Chilli
Variety: Green Chilly
State: Uttar Pradesh
District: Lakhimpur
Market: Paliakala
Arrival Date: 04/03/2019
Minimum Price: ₹1850
Maximum Price: ₹1930
Modal Price: ₹1890"
"What is the price of Gur(Jaggery) in Paliakala market of Lakhimpur, Uttar Pradesh?","Commodity: Gur(Jaggery)
Variety: Pathari
State: Uttar Pradesh
District: Lakhimpur
Market: Paliakala
Arrival Date: 04/03/2019
Minimum Price: ₹2400
Maximum Price: ₹2460
Modal Price: ₹2430"
"What is the price of Mustard in Paliakala market of Lakhimpur, Uttar Pradesh?","Commodity: Mustard
Variety: Sarson(Black)
State: Uttar Pradesh
District: Lakhimpur
Market: Paliakala
Arrival Date: 04/03/2019
Minimum Price: ₹3050
Maximum Price: ₹3110
Modal Price: ₹3085"
"What is the price of Mustard Oil in Paliakala market of Lakhimpur, Uttar Pradesh?","Commodity: Mustard Oil
Variety: Mustard Oil
State: Uttar Pradesh
District: Lakhimpur
Market: Paliakala
Arrival Date: 04/03/2019
Minimum Price: ₹9220
Maximum Price: ₹9300
Modal Price: ₹9245"
"What is the price of Onion in Paliakala market of Lakhimpur, Uttar Pradesh?","Commodity: Onion
Variety: Red
State: Uttar Pradesh
District: Lakhimpur
Market: Paliakala
Arrival Date: 04/03/2019
Minimum Price: ₹800
Maximum Price: ₹870
Modal Price: ₹850"
"What is the price of Orange in Paliakala market of Lakhimpur, Uttar Pradesh?","Commodity: Orange
Variety: Nagpuri
State: Uttar Pradesh
District: Lakhimpur
Market: Paliakala
Arrival Date: 04/03/2019
Minimum Price: ₹1710
Maximum Price: ₹1790
Modal Price: ₹1750"
"What is the price of Pomegranate in Paliakala market of Lakhimpur, Uttar Pradesh?","Commodity: Pomegranate
Variety: Pomogranate
State: Uttar Pradesh
District: Lakhimpur
Market: Paliakala
Arrival Date: 04/03/2019
Minimum Price: ₹4110
Maximum Price: ₹4160
Modal Price: ₹4140"
"What is the price of Potato in Paliakala market of Lakhimpur, Uttar Pradesh?","Commodity: Potato
Variety: Potato
State: Uttar Pradesh
District: Lakhimpur
Market: Paliakala
Arrival Date: 04/03/2019
Minimum Price: ₹490
Maximum Price: ₹530
Modal Price: ₹500"
"What is the price of Pumpkin in Paliakala market of Lakhimpur, Uttar Pradesh?","Commodity: Pumpkin
Variety: Pumpkin
State: Uttar Pradesh
District: Lakhimpur
Market: Paliakala
Arrival Date: 04/03/2019
Minimum Price: ₹1090
Maximum Price: ₹1150
Modal Price: ₹1120"
"What is the price of Rice in Paliakala market of Lakhimpur, Uttar Pradesh?","Commodity: Rice
Variety: Coarse
State: Uttar Pradesh
District: Lakhimpur
Market: Paliakala
Arrival Date: 04/03/2019
Minimum Price: ₹2230
Maximum Price: ₹2300
Modal Price: ₹2250"
"What is the price of Sugar in Paliakala market of Lakhimpur, Uttar Pradesh?","Commodity: Sugar
Variety: Chini
State: Uttar Pradesh
District: Lakhimpur
Market: Paliakala
Arrival Date: 04/03/2019
Minimum Price: ₹3415
Maximum Price: ₹3470
Modal Price: ₹3440"
"What is the price of Tomato in Paliakala market of Lakhimpur, Uttar Pradesh?","Commodity: Tomato
Variety: Tomato
State: Uttar Pradesh
District: Lakhimpur
Market: Paliakala
Arrival Date: 04/03/2019
Minimum Price: ₹650
Maximum Price: ₹730
Modal Price: ₹690"
"What is the price of Wheat in Paliakala market of Lakhimpur, Uttar Pradesh?","Commodity: Wheat
Variety: Dara
State: Uttar Pradesh
District: Lakhimpur
Market: Paliakala
Arrival Date: 04/03/2019
Minimum Price: ₹1820
Maximum Price: ₹1860
Modal Price: ₹1845"
"What is the price of Bengal Gram(Gram)(Whole) in Charkhari market of Mahoba, Uttar Pradesh?","Commodity: Bengal Gram(Gram)(Whole)
Variety: 999
State: Uttar Pradesh
District: Mahoba
Market: Charkhari
Arrival Date: 04/03/2019
Minimum Price: ₹4000
Maximum Price: ₹4100
Modal Price: ₹4050"
"What is the price of Black Gram (Urd Beans)(Whole) in Charkhari market of Mahoba, Uttar Pradesh?","Commodity: Black Gram (Urd Beans)(Whole)
Variety: Black Gram (Whole)
State: Uttar Pradesh
District: Mahoba
Market: Charkhari
Arrival Date: 04/03/2019
Minimum Price: ₹3700
Maximum Price: ₹3800
Modal Price: ₹3750"
"What is the price of Mustard in Charkhari market of Mahoba, Uttar Pradesh?","Commodity: Mustard
Variety: Big 100 Kg
State: Uttar Pradesh
District: Mahoba
Market: Charkhari
Arrival Date: 04/03/2019
Minimum Price: ₹3400
Maximum Price: ₹3500
Modal Price: ₹3450"
"What is the price of Wheat in Charkhari market of Mahoba, Uttar Pradesh?","Commodity: Wheat
Variety: 147 Average
State: Uttar Pradesh
District: Mahoba
Market: Charkhari
Arrival Date: 04/03/2019
Minimum Price: ₹1800
Maximum Price: ₹1850
Modal Price: ₹1825"
"What is the price of Arhar Dal(Tur Dal) in Doharighat market of Mau(Maunathbhanjan), Uttar Pradesh?","Commodity: Arhar Dal(Tur Dal)
Variety: Arhar Dal(Tur)
State: Uttar Pradesh
District: Mau(Maunathbhanjan)
Market: Doharighat
Arrival Date: 04/03/2019
Minimum Price: ₹5800
Maximum Price: ₹6500
Modal Price: ₹6200"
"What is the price of Rice in Doharighat market of Mau(Maunathbhanjan), Uttar Pradesh?","Commodity: Rice
Variety: 1009 Kar
State: Uttar Pradesh
District: Mau(Maunathbhanjan)
Market: Doharighat
Arrival Date: 04/03/2019
Minimum Price: ₹1800
Maximum Price: ₹2300
Modal Price: ₹2000"
"What is the price of Wheat in Doharighat market of Mau(Maunathbhanjan), Uttar Pradesh?","Commodity: Wheat
Variety: Dara
State: Uttar Pradesh
District: Mau(Maunathbhanjan)
Market: Doharighat
Arrival Date: 04/03/2019
Minimum Price: ₹1650
Maximum Price: ₹1800
Modal Price: ₹1735"
"What is the price of Apple in Mirzapur market of Mirzapur, Uttar Pradesh?","Commodity: Apple
Variety: Delicious
State: Uttar Pradesh
District: Mirzapur
Market: Mirzapur
Arrival Date: 04/03/2019
Minimum Price: ₹6200
Maximum Price: ₹6290
Modal Price: ₹6250"
"What is the price of Arhar Dal(Tur Dal) in Mirzapur market of Mirzapur, Uttar Pradesh?","Commodity: Arhar Dal(Tur Dal)
Variety: Arhar Dal(Tur)
State: Uttar Pradesh
District: Mirzapur
Market: Mirzapur
Arrival Date: 04/03/2019
Minimum Price: ₹6840
Maximum Price: ₹6910
Modal Price: ₹6875"
"What is the price of Bengal Gram Dal (Chana Dal) in Mirzapur market of Mirzapur, Uttar Pradesh?","Commodity: Bengal Gram Dal (Chana Dal)
Variety: Bengal Gram Dal
State: Uttar Pradesh
District: Mirzapur
Market: Mirzapur
Arrival Date: 04/03/2019
Minimum Price: ₹5400
Maximum Price: ₹5470
Modal Price: ₹5430"
"What is the price of Bengal Gram(Gram)(Whole) in Mirzapur market of Mirzapur, Uttar Pradesh?","Commodity: Bengal Gram(Gram)(Whole)
Variety: Desi (Whole)
State: Uttar Pradesh
District: Mirzapur
Market: Mirzapur
Arrival Date: 04/03/2019
Minimum Price: ₹4960
Maximum Price: ₹5060
Modal Price: ₹5010"
"What is the price of Black Gram Dal (Urd Dal) in Mirzapur market of Mirzapur, Uttar Pradesh?","Commodity: Black Gram Dal (Urd Dal)
Variety: Black Gram Dal
State: Uttar Pradesh
District: Mirzapur
Market: Mirzapur
Arrival Date: 04/03/2019
Minimum Price: ₹6390
Maximum Price: ₹6470
Modal Price: ₹6430"
"What is the price of Bottle gourd in Mirzapur market of Mirzapur, Uttar Pradesh?","Commodity: Bottle gourd
Variety: Bottle Gourd
State: Uttar Pradesh
District: Mirzapur
Market: Mirzapur
Arrival Date: 04/03/2019
Minimum Price: ₹945
Maximum Price: ₹1010
Modal Price: ₹980"
"What is the price of Brinjal in Mirzapur market of Mirzapur, Uttar Pradesh?","Commodity: Brinjal
Variety: Brinjal
State: Uttar Pradesh
District: Mirzapur
Market: Mirzapur
Arrival Date: 04/03/2019
Minimum Price: ₹790
Maximum Price: ₹850
Modal Price: ₹820"
"What is the price of Garlic in Mirzapur market of Mirzapur, Uttar Pradesh?","Commodity: Garlic
Variety: Desi
State: Uttar Pradesh
District: Mirzapur
Market: Mirzapur
Arrival Date: 04/03/2019
Minimum Price: ₹1960
Maximum Price: ₹2050
Modal Price: ₹2000"
"What is the price of Ginger(Green) in Mirzapur market of Mirzapur, Uttar Pradesh?","Commodity: Ginger(Green)
Variety: Green Ginger
State: Uttar Pradesh
District: Mirzapur
Market: Mirzapur
Arrival Date: 04/03/2019
Minimum Price: ₹5300
Maximum Price: ₹5400
Modal Price: ₹5360"
"What is the price of Green Chilli in Mirzapur market of Mirzapur, Uttar Pradesh?","Commodity: Green Chilli
Variety: Green Chilly
State: Uttar Pradesh
District: Mirzapur
Market: Mirzapur
Arrival Date: 04/03/2019
Minimum Price: ₹1460
Maximum Price: ₹1545
Modal Price: ₹1500"
"What is the price of Gur(Jaggery) in Mirzapur market of Mirzapur, Uttar Pradesh?","Commodity: Gur(Jaggery)
Variety: Red
State: Uttar Pradesh
District: Mirzapur
Market: Mirzapur
Arrival Date: 04/03/2019
Minimum Price: ₹3145
Maximum Price: ₹3200
Modal Price: ₹3170"
"What is the price of Lentil (Masur)(Whole) in Mirzapur market of Mirzapur, Uttar Pradesh?","Commodity: Lentil (Masur)(Whole)
Variety: Masoor Gola
State: Uttar Pradesh
District: Mirzapur
Market: Mirzapur
Arrival Date: 04/03/2019
Minimum Price: ₹4375
Maximum Price: ₹4445
Modal Price: ₹4410"
"What is the price of Mustard in Mirzapur market of Mirzapur, Uttar Pradesh?","Commodity: Mustard
Variety: Sarson(Black)
State: Uttar Pradesh
District: Mirzapur
Market: Mirzapur
Arrival Date: 04/03/2019
Minimum Price: ₹4065
Maximum Price: ₹4120
Modal Price: ₹4090"
"What is the price of Mustard Oil in Mirzapur market of Mirzapur, Uttar Pradesh?","Commodity: Mustard Oil
Variety: Mustard Oil
State: Uttar Pradesh
District: Mirzapur
Market: Mirzapur
Arrival Date: 04/03/2019
Minimum Price: ₹9830
Maximum Price: ₹9940
Modal Price: ₹9880"
"What is the price of Onion in Mirzapur market of Mirzapur, Uttar Pradesh?","Commodity: Onion
Variety: Red
State: Uttar Pradesh
District: Mirzapur
Market: Mirzapur
Arrival Date: 04/03/2019
Minimum Price: ₹830
Maximum Price: ₹885
Modal Price: ₹860"
"What is the price of Peas(Dry) in Mirzapur market of Mirzapur, Uttar Pradesh?","Commodity: Peas(Dry)
Variety: Peas(Dry)
State: Uttar Pradesh
District: Mirzapur
Market: Mirzapur
Arrival Date: 04/03/2019
Minimum Price: ₹4845
Maximum Price: ₹4910
Modal Price: ₹4880"
"What is the price of Potato in Mirzapur market of Mirzapur, Uttar Pradesh?","Commodity: Potato
Variety: Potato
State: Uttar Pradesh
District: Mirzapur
Market: Mirzapur
Arrival Date: 04/03/2019
Minimum Price: ₹580
Maximum Price: ₹625
Modal Price: ₹600"
"What is the price of Rice in Mirzapur market of Mirzapur, Uttar Pradesh?","Commodity: Rice
Variety: Coarse
State: Uttar Pradesh
District: Mirzapur
Market: Mirzapur
Arrival Date: 04/03/2019
Minimum Price: ₹2300
Maximum Price: ₹2345
Modal Price: ₹2320"
"What is the price of Tomato in Mirzapur market of Mirzapur, Uttar Pradesh?","Commodity: Tomato
Variety: Tomato
State: Uttar Pradesh
District: Mirzapur
Market: Mirzapur
Arrival Date: 04/03/2019
Minimum Price: ₹475
Maximum Price: ₹530
Modal Price: ₹500"
"What is the price of Wheat in Mirzapur market of Mirzapur, Uttar Pradesh?","Commodity: Wheat
Variety: Dara
State: Uttar Pradesh
District: Mirzapur
Market: Mirzapur
Arrival Date: 04/03/2019
Minimum Price: ₹1925
Maximum Price: ₹1970
Modal Price: ₹1950"
"What is the price of Apple in Sambhal market of Muradabad, Uttar Pradesh?","Commodity: Apple
Variety: Delicious
State: Uttar Pradesh
District: Muradabad
Market: Sambhal
Arrival Date: 04/03/2019
Minimum Price: ₹3900
Maximum Price: ₹4260
Modal Price: ₹4130"
"What is the price of Banana - Green in Sambhal market of Muradabad, Uttar Pradesh?","Commodity: Banana - Green
Variety: Banana - Green
State: Uttar Pradesh
District: Muradabad
Market: Sambhal
Arrival Date: 04/03/2019
Minimum Price: ₹300
Maximum Price: ₹420
Modal Price: ₹360"
"What is the price of Brinjal in Sambhal market of Muradabad, Uttar Pradesh?","Commodity: Brinjal
Variety: Other
State: Uttar Pradesh
District: Muradabad
Market: Sambhal
Arrival Date: 04/03/2019
Minimum Price: ₹390
Maximum Price: ₹520
Modal Price: ₹460"
"What is the price of Cabbage in Sambhal market of Muradabad, Uttar Pradesh?","Commodity: Cabbage
Variety: Other
State: Uttar Pradesh
District: Muradabad
Market: Sambhal
Arrival Date: 04/03/2019
Minimum Price: ₹200
Maximum Price: ₹470
Modal Price: ₹260"
"What is the price of Onion in Sambhal market of Muradabad, Uttar Pradesh?","Commodity: Onion
Variety: Red
State: Uttar Pradesh
District: Muradabad
Market: Sambhal
Arrival Date: 04/03/2019
Minimum Price: ₹470
Maximum Price: ₹610
Modal Price: ₹530"
"What is the price of Paddy(Dhan)(Common) in Sambhal market of Muradabad, Uttar Pradesh?","Commodity: Paddy(Dhan)(Common)
Variety: Paddy
State: Uttar Pradesh
District: Muradabad
Market: Sambhal
Arrival Date: 04/03/2019
Minimum Price: ₹1928
Maximum Price: ₹1945
Modal Price: ₹1932"
"What is the price of Peas(Dry) in Sambhal market of Muradabad, Uttar Pradesh?","Commodity: Peas(Dry)
Variety: Other
State: Uttar Pradesh
District: Muradabad
Market: Sambhal
Arrival Date: 04/03/2019
Minimum Price: ₹360
Maximum Price: ₹560
Modal Price: ₹400"
"What is the price of Potato in Sambhal market of Muradabad, Uttar Pradesh?","Commodity: Potato
Variety: Desi
State: Uttar Pradesh
District: Muradabad
Market: Sambhal
Arrival Date: 04/03/2019
Minimum Price: ₹410
Maximum Price: ₹500
Modal Price: ₹460"
"What is the price of Tomato in Sambhal market of Muradabad, Uttar Pradesh?","Commodity: Tomato
Variety: Deshi
State: Uttar Pradesh
District: Muradabad
Market: Sambhal
Arrival Date: 04/03/2019
Minimum Price: ₹360
Maximum Price: ₹535
Modal Price: ₹450"
"What is the price of Apple in Muzzafarnagar market of Muzaffarnagar, Uttar Pradesh?","Commodity: Apple
Variety: Delicious
State: Uttar Pradesh
District: Muzaffarnagar
Market: Muzzafarnagar
Arrival Date: 04/03/2019
Minimum Price: ₹5800
Maximum Price: ₹5850
Modal Price: ₹5820"
"What is the price of Banana - Green in Muzzafarnagar market of Muzaffarnagar, Uttar Pradesh?","Commodity: Banana - Green
Variety: Banana - Green
State: Uttar Pradesh
District: Muzaffarnagar
Market: Muzzafarnagar
Arrival Date: 04/03/2019
Minimum Price: ₹1260
Maximum Price: ₹1340
Modal Price: ₹1310"
"What is the price of Barley (Jau) in Muzzafarnagar market of Muzaffarnagar, Uttar Pradesh?","Commodity: Barley (Jau)
Variety: Dara
State: Uttar Pradesh
District: Muzaffarnagar
Market: Muzzafarnagar
Arrival Date: 04/03/2019
Minimum Price: ₹1450
Maximum Price: ₹1950
Modal Price: ₹1940"
"What is the price of Bottle gourd in Muzzafarnagar market of Muzaffarnagar, Uttar Pradesh?","Commodity: Bottle gourd
Variety: Bottle Gourd
State: Uttar Pradesh
District: Muzaffarnagar
Market: Muzzafarnagar
Arrival Date: 04/03/2019
Minimum Price: ₹1250
Maximum Price: ₹1300
Modal Price: ₹1280"
"What is the price of Brinjal in Muzzafarnagar market of Muzaffarnagar, Uttar Pradesh?","Commodity: Brinjal
Variety: Brinjal
State: Uttar Pradesh
District: Muzaffarnagar
Market: Muzzafarnagar
Arrival Date: 04/03/2019
Minimum Price: ₹1000
Maximum Price: ₹1060
Modal Price: ₹1030"
"What is the price of Carrot in Muzzafarnagar market of Muzaffarnagar, Uttar Pradesh?","Commodity: Carrot
Variety: Carrot
State: Uttar Pradesh
District: Muzaffarnagar
Market: Muzzafarnagar
Arrival Date: 04/03/2019
Minimum Price: ₹600
Maximum Price: ₹660
Modal Price: ₹630"
"What is the price of Cauliflower in Muzzafarnagar market of Muzaffarnagar, Uttar Pradesh?","Commodity: Cauliflower
Variety: Cauliflower
State: Uttar Pradesh
District: Muzaffarnagar
Market: Muzzafarnagar
Arrival Date: 04/03/2019
Minimum Price: ₹650
Maximum Price: ₹720
Modal Price: ₹700"
"What is the price of Garlic in Muzzafarnagar market of Muzaffarnagar, Uttar Pradesh?","Commodity: Garlic
Variety: Garlic
State: Uttar Pradesh
District: Muzaffarnagar
Market: Muzzafarnagar
Arrival Date: 04/03/2019
Minimum Price: ₹2050
Maximum Price: ₹2100
Modal Price: ₹2090"
"What is the price of Green Chilli in Muzzafarnagar market of Muzaffarnagar, Uttar Pradesh?","Commodity: Green Chilli
Variety: Green Chilly
State: Uttar Pradesh
District: Muzaffarnagar
Market: Muzzafarnagar
Arrival Date: 04/03/2019
Minimum Price: ₹2230
Maximum Price: ₹2300
Modal Price: ₹2260"
"What is the price of Gur(Jaggery) in Muzzafarnagar market of Muzaffarnagar, Uttar Pradesh?","Commodity: Gur(Jaggery)
Variety: Yellow
State: Uttar Pradesh
District: Muzaffarnagar
Market: Muzzafarnagar
Arrival Date: 04/03/2019
Minimum Price: ₹2400
Maximum Price: ₹2600
Modal Price: ₹2510"
"What is the price of Lemon in Muzzafarnagar market of Muzaffarnagar, Uttar Pradesh?","Commodity: Lemon
Variety: Lemon
State: Uttar Pradesh
District: Muzaffarnagar
Market: Muzzafarnagar
Arrival Date: 04/03/2019
Minimum Price: ₹2620
Maximum Price: ₹2700
Modal Price: ₹2660"
"What is the price of Maize in Muzzafarnagar market of Muzaffarnagar, Uttar Pradesh?","Commodity: Maize
Variety: Yellow
State: Uttar Pradesh
District: Muzaffarnagar
Market: Muzzafarnagar
Arrival Date: 04/03/2019
Minimum Price: ₹1700
Maximum Price: ₹1950
Modal Price: ₹1930"
"What is the price of Mousambi(Sweet Lime) in Muzzafarnagar market of Muzaffarnagar, Uttar Pradesh?","Commodity: Mousambi(Sweet Lime)
Variety: Mousambi
State: Uttar Pradesh
District: Muzaffarnagar
Market: Muzzafarnagar
Arrival Date: 04/03/2019
Minimum Price: ₹2560
Maximum Price: ₹2650
Modal Price: ₹2610"
"What is the price of Mustard in Muzzafarnagar market of Muzaffarnagar, Uttar Pradesh?","Commodity: Mustard
Variety: Mustard
State: Uttar Pradesh
District: Muzaffarnagar
Market: Muzzafarnagar
Arrival Date: 04/03/2019
Minimum Price: ₹4050
Maximum Price: ₹4130
Modal Price: ₹4100"
"What is the price of Mustard Oil in Muzzafarnagar market of Muzaffarnagar, Uttar Pradesh?","Commodity: Mustard Oil
Variety: Mustard Oil
State: Uttar Pradesh
District: Muzaffarnagar
Market: Muzzafarnagar
Arrival Date: 04/03/2019
Minimum Price: ₹9230
Maximum Price: ₹9285
Modal Price: ₹9270"
"What is the price of Onion in Muzzafarnagar market of Muzaffarnagar, Uttar Pradesh?","Commodity: Onion
Variety: Red
State: Uttar Pradesh
District: Muzaffarnagar
Market: Muzzafarnagar
Arrival Date: 04/03/2019
Minimum Price: ₹830
Maximum Price: ₹920
Modal Price: ₹890"
"What is the price of Papaya in Muzzafarnagar market of Muzaffarnagar, Uttar Pradesh?","Commodity: Papaya
Variety: Papaya
State: Uttar Pradesh
District: Muzaffarnagar
Market: Muzzafarnagar
Arrival Date: 04/03/2019
Minimum Price: ₹1130
Maximum Price: ₹1200
Modal Price: ₹1170"
"What is the price of Potato in Muzzafarnagar market of Muzaffarnagar, Uttar Pradesh?","Commodity: Potato
Variety: Desi
State: Uttar Pradesh
District: Muzaffarnagar
Market: Muzzafarnagar
Arrival Date: 04/03/2019
Minimum Price: ₹600
Maximum Price: ₹650
Modal Price: ₹615"
"What is the price of Pumpkin in Muzzafarnagar market of Muzaffarnagar, Uttar Pradesh?","Commodity: Pumpkin
Variety: Pumpkin
State: Uttar Pradesh
District: Muzaffarnagar
Market: Muzzafarnagar
Arrival Date: 04/03/2019
Minimum Price: ₹750
Maximum Price: ₹830
Modal Price: ₹800"
"What is the price of Rice in Muzzafarnagar market of Muzaffarnagar, Uttar Pradesh?","Commodity: Rice
Variety: III
State: Uttar Pradesh
District: Muzaffarnagar
Market: Muzzafarnagar
Arrival Date: 04/03/2019
Minimum Price: ₹2650
Maximum Price: ₹2725
Modal Price: ₹2700"
"What is the price of Tomato in Muzzafarnagar market of Muzaffarnagar, Uttar Pradesh?","Commodity: Tomato
Variety: Tomato
State: Uttar Pradesh
District: Muzaffarnagar
Market: Muzzafarnagar
Arrival Date: 04/03/2019
Minimum Price: ₹1030
Maximum Price: ₹1100
Modal Price: ₹1070"
"What is the price of Wheat in Muzzafarnagar market of Muzaffarnagar, Uttar Pradesh?","Commodity: Wheat
Variety: Dara
State: Uttar Pradesh
District: Muzaffarnagar
Market: Muzzafarnagar
Arrival Date: 04/03/2019
Minimum Price: ₹1750
Maximum Price: ₹1980
Modal Price: ₹1965"
"What is the price of Apple in Shahpur market of Muzaffarnagar, Uttar Pradesh?","Commodity: Apple
Variety: Apple
State: Uttar Pradesh
District: Muzaffarnagar
Market: Shahpur
Arrival Date: 04/03/2019
Minimum Price: ₹0
Maximum Price: ₹0
Modal Price: ₹2600"
"What is the price of Bottle gourd in Shahpur market of Muzaffarnagar, Uttar Pradesh?","Commodity: Bottle gourd
Variety: Bottle Gourd
State: Uttar Pradesh
District: Muzaffarnagar
Market: Shahpur
Arrival Date: 04/03/2019
Minimum Price: ₹0
Maximum Price: ₹0
Modal Price: ₹420"
"What is the price of Carrot in Shahpur market of Muzaffarnagar, Uttar Pradesh?","Commodity: Carrot
Variety: Carrot
State: Uttar Pradesh
District: Muzaffarnagar
Market: Shahpur
Arrival Date: 04/03/2019
Minimum Price: ₹0
Maximum Price: ₹0
Modal Price: ₹490"
"What is the price of Green Chilli in Shahpur market of Muzaffarnagar, Uttar Pradesh?","Commodity: Green Chilli
Variety: Green Chilly
State: Uttar Pradesh
District: Muzaffarnagar
Market: Shahpur
Arrival Date: 04/03/2019
Minimum Price: ₹0
Maximum Price: ₹0
Modal Price: ₹1005"
"What is the price of Gur(Jaggery) in Shahpur market of Muzaffarnagar, Uttar Pradesh?","Commodity: Gur(Jaggery)
Variety: Yellow
State: Uttar Pradesh
District: Muzaffarnagar
Market: Shahpur
Arrival Date: 04/03/2019
Minimum Price: ₹0
Maximum Price: ₹0
Modal Price: ₹2240"
"What is the price of Onion in Shahpur market of Muzaffarnagar, Uttar Pradesh?","Commodity: Onion
Variety: Onion
State: Uttar Pradesh
District: Muzaffarnagar
Market: Shahpur
Arrival Date: 04/03/2019
Minimum Price: ₹0
Maximum Price: ₹0
Modal Price: ₹980"
"What is the price of Plum in Shahpur market of Muzaffarnagar, Uttar Pradesh?","Commodity: Plum
Variety: Plum
State: Uttar Pradesh
District: Muzaffarnagar
Market: Shahpur
Arrival Date: 04/03/2019
Minimum Price: ₹0
Maximum Price: ₹0
Modal Price: ₹570"
"What is the price of Pumpkin in Shahpur market of Muzaffarnagar, Uttar Pradesh?","Commodity: Pumpkin
Variety: Pumpkin
State: Uttar Pradesh
District: Muzaffarnagar
Market: Shahpur
Arrival Date: 04/03/2019
Minimum Price: ₹0
Maximum Price: ₹0
Modal Price: ₹400"
"What is the price of Raddish in Shahpur market of Muzaffarnagar, Uttar Pradesh?","Commodity: Raddish
Variety: Raddish
State: Uttar Pradesh
District: Muzaffarnagar
Market: Shahpur
Arrival Date: 04/03/2019
Minimum Price: ₹0
Maximum Price: ₹0
Modal Price: ₹330"
"What is the price of Rice in Shahpur market of Muzaffarnagar, Uttar Pradesh?","Commodity: Rice
Variety: Common
State: Uttar Pradesh
District: Muzaffarnagar
Market: Shahpur
Arrival Date: 04/03/2019
Minimum Price: ₹0
Maximum Price: ₹0
Modal Price: ₹3900"
"What is the price of Wheat in Shahpur market of Muzaffarnagar, Uttar Pradesh?","Commodity: Wheat
Variety: Other
State: Uttar Pradesh
District: Muzaffarnagar
Market: Shahpur
Arrival Date: 04/03/2019
Minimum Price: ₹0
Maximum Price: ₹0
Modal Price: ₹1900"
"What is the price of Ber(Zizyphus/Borehannu) in Thanabhawan market of Muzaffarnagar, Uttar Pradesh?","Commodity: Ber(Zizyphus/Borehannu)
Variety: Other
State: Uttar Pradesh
District: Muzaffarnagar
Market: Thanabhawan
Arrival Date: 04/03/2019
Minimum Price: ₹1000
Maximum Price: ₹1200
Modal Price: ₹1150"
"What is the price of Bhindi(Ladies Finger) in Thanabhawan market of Muzaffarnagar, Uttar Pradesh?","Commodity: Bhindi(Ladies Finger)
Variety: Bhindi
State: Uttar Pradesh
District: Muzaffarnagar
Market: Thanabhawan
Arrival Date: 04/03/2019
Minimum Price: ₹1000
Maximum Price: ₹1200
Modal Price: ₹1150"
"What is the price of Brinjal in Thanabhawan market of Muzaffarnagar, Uttar Pradesh?","Commodity: Brinjal
Variety: Brinjal
State: Uttar Pradesh
District: Muzaffarnagar
Market: Thanabhawan
Arrival Date: 04/03/2019
Minimum Price: ₹400
Maximum Price: ₹500
Modal Price: ₹440"
"What is the price of Carrot in Thanabhawan market of Muzaffarnagar, Uttar Pradesh?","Commodity: Carrot
Variety: Carrot
State: Uttar Pradesh
District: Muzaffarnagar
Market: Thanabhawan
Arrival Date: 04/03/2019
Minimum Price: ₹400
Maximum Price: ₹500
Modal Price: ₹440"
"What is the price of Cauliflower in Thanabhawan market of Muzaffarnagar, Uttar Pradesh?","Commodity: Cauliflower
Variety: Local
State: Uttar Pradesh
District: Muzaffarnagar
Market: Thanabhawan
Arrival Date: 04/03/2019
Minimum Price: ₹300
Maximum Price: ₹400
Modal Price: ₹340"
"What is the price of Cucumbar(Kheera) in Thanabhawan market of Muzaffarnagar, Uttar Pradesh?","Commodity: Cucumbar(Kheera)
Variety: Cucumbar
State: Uttar Pradesh
District: Muzaffarnagar
Market: Thanabhawan
Arrival Date: 04/03/2019
Minimum Price: ₹800
Maximum Price: ₹1000
Modal Price: ₹900"
"What is the price of Green Chilli in Thanabhawan market of Muzaffarnagar, Uttar Pradesh?","Commodity: Green Chilli
Variety: Green Chilly
State: Uttar Pradesh
District: Muzaffarnagar
Market: Thanabhawan
Arrival Date: 04/03/2019
Minimum Price: ₹1000
Maximum Price: ₹1200
Modal Price: ₹1100"
"What is the price of Green Peas in Thanabhawan market of Muzaffarnagar, Uttar Pradesh?","Commodity: Green Peas
Variety: Green Peas
State: Uttar Pradesh
District: Muzaffarnagar
Market: Thanabhawan
Arrival Date: 04/03/2019
Minimum Price: ₹1000
Maximum Price: ₹1200
Modal Price: ₹1100"
"What is the price of Lemon in Thanabhawan market of Muzaffarnagar, Uttar Pradesh?","Commodity: Lemon
Variety: Lemon
State: Uttar Pradesh
District: Muzaffarnagar
Market: Thanabhawan
Arrival Date: 04/03/2019
Minimum Price: ₹3000
Maximum Price: ₹3200
Modal Price: ₹3100"
"What is the price of Onion in Thanabhawan market of Muzaffarnagar, Uttar Pradesh?","Commodity: Onion
Variety: Red
State: Uttar Pradesh
District: Muzaffarnagar
Market: Thanabhawan
Arrival Date: 04/03/2019
Minimum Price: ₹1000
Maximum Price: ₹1200
Modal Price: ₹1100"
"What is the price of Papaya in Thanabhawan market of Muzaffarnagar, Uttar Pradesh?","Commodity: Papaya
Variety: Papaya
State: Uttar Pradesh
District: Muzaffarnagar
Market: Thanabhawan
Arrival Date: 04/03/2019
Minimum Price: ₹800
Maximum Price: ₹1000
Modal Price: ₹900"
"What is the price of Potato in Thanabhawan market of Muzaffarnagar, Uttar Pradesh?","Commodity: Potato
Variety: Local
State: Uttar Pradesh
District: Muzaffarnagar
Market: Thanabhawan
Arrival Date: 04/03/2019
Minimum Price: ₹400
Maximum Price: ₹500
Modal Price: ₹440"
"What is the price of Pumpkin in Thanabhawan market of Muzaffarnagar, Uttar Pradesh?","Commodity: Pumpkin
Variety: Pumpkin
State: Uttar Pradesh
District: Muzaffarnagar
Market: Thanabhawan
Arrival Date: 04/03/2019
Minimum Price: ₹400
Maximum Price: ₹500
Modal Price: ₹470"
"What is the price of Raddish in Thanabhawan market of Muzaffarnagar, Uttar Pradesh?","Commodity: Raddish
Variety: Raddish
State: Uttar Pradesh
District: Muzaffarnagar
Market: Thanabhawan
Arrival Date: 04/03/2019
Minimum Price: ₹250
Maximum Price: ₹300
Modal Price: ₹260"
"What is the price of Tomato in Thanabhawan market of Muzaffarnagar, Uttar Pradesh?","Commodity: Tomato
Variety: Local
State: Uttar Pradesh
District: Muzaffarnagar
Market: Thanabhawan
Arrival Date: 04/03/2019
Minimum Price: ₹800
Maximum Price: ₹1000
Modal Price: ₹900"
"What is the price of Wood in Thanabhawan market of Muzaffarnagar, Uttar Pradesh?","Commodity: Wood
Variety: Other
State: Uttar Pradesh
District: Muzaffarnagar
Market: Thanabhawan
Arrival Date: 04/03/2019
Minimum Price: ₹250
Maximum Price: ₹300
Modal Price: ₹295"
"What is the price of Paddy(Dhan)(Common) in Lalganj market of Raebarelli, Uttar Pradesh?","Commodity: Paddy(Dhan)(Common)
Variety: Common
State: Uttar Pradesh
District: Raebarelli
Market: Lalganj
Arrival Date: 04/03/2019
Minimum Price: ₹1750
Maximum Price: ₹1750
Modal Price: ₹1750"
"What is the price of Potato in Lalganj market of Raebarelli, Uttar Pradesh?","Commodity: Potato
Variety: Desi
State: Uttar Pradesh
District: Raebarelli
Market: Lalganj
Arrival Date: 04/03/2019
Minimum Price: ₹450
Maximum Price: ₹550
Modal Price: ₹500"
"What is the price of Mustard in Milak market of Rampur, Uttar Pradesh?","Commodity: Mustard
Variety: Mustard
State: Uttar Pradesh
District: Rampur
Market: Milak
Arrival Date: 04/03/2019
Minimum Price: ₹3300
Maximum Price: ₹3400
Modal Price: ₹3350"
"What is the price of Potato in Milak market of Rampur, Uttar Pradesh?","Commodity: Potato
Variety: Desi
State: Uttar Pradesh
District: Rampur
Market: Milak
Arrival Date: 04/03/2019
Minimum Price: ₹480
Maximum Price: ₹510
Modal Price: ₹495"
"What is the price of Wheat in Milak market of Rampur, Uttar Pradesh?","Commodity: Wheat
Variety: Other
State: Uttar Pradesh
District: Rampur
Market: Milak
Arrival Date: 04/03/2019
Minimum Price: ₹1900
Maximum Price: ₹1910
Modal Price: ₹1905"
"What is the price of Apple in Chutmalpur market of Saharanpur, Uttar Pradesh?","Commodity: Apple
Variety: Apple
State: Uttar Pradesh
District: Saharanpur
Market: Chutmalpur
Arrival Date: 04/03/2019
Minimum Price: ₹3850
Maximum Price: ₹4100
Modal Price: ₹3950"
"What is the price of Banana in Chutmalpur market of Saharanpur, Uttar Pradesh?","Commodity: Banana
Variety: Banana - Ripe
State: Uttar Pradesh
District: Saharanpur
Market: Chutmalpur
Arrival Date: 04/03/2019
Minimum Price: ₹1150
Maximum Price: ₹1250
Modal Price: ₹1200"
"What is the price of Cabbage in Chutmalpur market of Saharanpur, Uttar Pradesh?","Commodity: Cabbage
Variety: Cabbage
State: Uttar Pradesh
District: Saharanpur
Market: Chutmalpur
Arrival Date: 04/03/2019
Minimum Price: ₹480
Maximum Price: ₹600
Modal Price: ₹520"
"What is the price of Carrot in Chutmalpur market of Saharanpur, Uttar Pradesh?","Commodity: Carrot
Variety: Carrot
State: Uttar Pradesh
District: Saharanpur
Market: Chutmalpur
Arrival Date: 04/03/2019
Minimum Price: ₹450
Maximum Price: ₹600
Modal Price: ₹500"
"What is the price of Ginger(Green) in Chutmalpur market of Saharanpur, Uttar Pradesh?","Commodity: Ginger(Green)
Variety: Green Ginger
State: Uttar Pradesh
District: Saharanpur
Market: Chutmalpur
Arrival Date: 04/03/2019
Minimum Price: ₹3700
Maximum Price: ₹3900
Modal Price: ₹3800"
"What is the price of Green Chilli in Chutmalpur market of Saharanpur, Uttar Pradesh?","Commodity: Green Chilli
Variety: Green Chilly
State: Uttar Pradesh
District: Saharanpur
Market: Chutmalpur
Arrival Date: 04/03/2019
Minimum Price: ₹2150
Maximum Price: ₹2350
Modal Price: ₹2250"
"What is the price of Onion in Chutmalpur market of Saharanpur, Uttar Pradesh?","Commodity: Onion
Variety: Onion
State: Uttar Pradesh
District: Saharanpur
Market: Chutmalpur
Arrival Date: 04/03/2019
Minimum Price: ₹920
Maximum Price: ₹1130
Modal Price: ₹1050"
"What is the price of Peas cod in Chutmalpur market of Saharanpur, Uttar Pradesh?","Commodity: Peas cod
Variety: Peas cod
State: Uttar Pradesh
District: Saharanpur
Market: Chutmalpur
Arrival Date: 04/03/2019
Minimum Price: ₹820
Maximum Price: ₹980
Modal Price: ₹900"
"What is the price of Potato in Chutmalpur market of Saharanpur, Uttar Pradesh?","Commodity: Potato
Variety: Potato
State: Uttar Pradesh
District: Saharanpur
Market: Chutmalpur
Arrival Date: 04/03/2019
Minimum Price: ₹480
Maximum Price: ₹620
Modal Price: ₹560"
"What is the price of Raddish in Chutmalpur market of Saharanpur, Uttar Pradesh?","Commodity: Raddish
Variety: Raddish
State: Uttar Pradesh
District: Saharanpur
Market: Chutmalpur
Arrival Date: 04/03/2019
Minimum Price: ₹360
Maximum Price: ₹480
Modal Price: ₹420"
"What is the price of Tomato in Chutmalpur market of Saharanpur, Uttar Pradesh?","Commodity: Tomato
Variety: Tomato
State: Uttar Pradesh
District: Saharanpur
Market: Chutmalpur
Arrival Date: 04/03/2019
Minimum Price: ₹980
Maximum Price: ₹1260
Modal Price: ₹1120"
"What is the price of Bottle gourd in Devband market of Saharanpur, Uttar Pradesh?","Commodity: Bottle gourd
Variety: Bottle Gourd
State: Uttar Pradesh
District: Saharanpur
Market: Devband
Arrival Date: 04/03/2019
Minimum Price: ₹500
Maximum Price: ₹650
Modal Price: ₹600"
"What is the price of Brinjal in Devband market of Saharanpur, Uttar Pradesh?","Commodity: Brinjal
Variety: Arkasheela Mattigulla
State: Uttar Pradesh
District: Saharanpur
Market: Devband
Arrival Date: 04/03/2019
Minimum Price: ₹450
Maximum Price: ₹540
Modal Price: ₹500"
"What is the price of Carrot in Devband market of Saharanpur, Uttar Pradesh?","Commodity: Carrot
Variety: Carrot
State: Uttar Pradesh
District: Saharanpur
Market: Devband
Arrival Date: 04/03/2019
Minimum Price: ₹300
Maximum Price: ₹450
Modal Price: ₹360"
"What is the price of Cauliflower in Devband market of Saharanpur, Uttar Pradesh?","Commodity: Cauliflower
Variety: African Sarson
State: Uttar Pradesh
District: Saharanpur
Market: Devband
Arrival Date: 04/03/2019
Minimum Price: ₹200
Maximum Price: ₹300
Modal Price: ₹250"
"What is the price of Cucumbar(Kheera) in Devband market of Saharanpur, Uttar Pradesh?","Commodity: Cucumbar(Kheera)
Variety: Cucumbar
State: Uttar Pradesh
District: Saharanpur
Market: Devband
Arrival Date: 04/03/2019
Minimum Price: ₹600
Maximum Price: ₹750
Modal Price: ₹700"
"What is the price of Ginger(Green) in Devband market of Saharanpur, Uttar Pradesh?","Commodity: Ginger(Green)
Variety: Green Ginger
State: Uttar Pradesh
District: Saharanpur
Market: Devband
Arrival Date: 04/03/2019
Minimum Price: ₹3100
Maximum Price: ₹3300
Modal Price: ₹3200"
"What is the price of Green Chilli in Devband market of Saharanpur, Uttar Pradesh?","Commodity: Green Chilli
Variety: Green Chilly
State: Uttar Pradesh
District: Saharanpur
Market: Devband
Arrival Date: 04/03/2019
Minimum Price: ₹1200
Maximum Price: ₹1350
Modal Price: ₹1300"
"What is the price of Onion in Devband market of Saharanpur, Uttar Pradesh?","Commodity: Onion
Variety: Red
State: Uttar Pradesh
District: Saharanpur
Market: Devband
Arrival Date: 04/03/2019
Minimum Price: ₹450
Maximum Price: ₹600
Modal Price: ₹500"
"What is the price of Papaya (Raw) in Devband market of Saharanpur, Uttar Pradesh?","Commodity: Papaya (Raw)
Variety: Other
State: Uttar Pradesh
District: Saharanpur
Market: Devband
Arrival Date: 04/03/2019
Minimum Price: ₹600
Maximum Price: ₹800
Modal Price: ₹700"
"What is the price of Potato in Devband market of Saharanpur, Uttar Pradesh?","Commodity: Potato
Variety: Desi
State: Uttar Pradesh
District: Saharanpur
Market: Devband
Arrival Date: 04/03/2019
Minimum Price: ₹250
Maximum Price: ₹300
Modal Price: ₹280"
"What is the price of Tomato in Devband market of Saharanpur, Uttar Pradesh?","Commodity: Tomato
Variety: Deshi
State: Uttar Pradesh
District: Saharanpur
Market: Devband
Arrival Date: 04/03/2019
Minimum Price: ₹450
Maximum Price: ₹550
Modal Price: ₹500"
"What is the price of Apple in Gangoh market of Saharanpur, Uttar Pradesh?","Commodity: Apple
Variety: Kasmir/Shimla - II
State: Uttar Pradesh
District: Saharanpur
Market: Gangoh
Arrival Date: 04/03/2019
Minimum Price: ₹6445
Maximum Price: ₹6500
Modal Price: ₹6475"
"What is the price of Banana in Gangoh market of Saharanpur, Uttar Pradesh?","Commodity: Banana
Variety: Medium
State: Uttar Pradesh
District: Saharanpur
Market: Gangoh
Arrival Date: 04/03/2019
Minimum Price: ₹1140
Maximum Price: ₹1180
Modal Price: ₹1165"
"What is the price of Brinjal in Gangoh market of Saharanpur, Uttar Pradesh?","Commodity: Brinjal
Variety: Round/Long
State: Uttar Pradesh
District: Saharanpur
Market: Gangoh
Arrival Date: 04/03/2019
Minimum Price: ₹645
Maximum Price: ₹670
Modal Price: ₹660"
"What is the price of Cabbage in Gangoh market of Saharanpur, Uttar Pradesh?","Commodity: Cabbage
Variety: Cabbage
State: Uttar Pradesh
District: Saharanpur
Market: Gangoh
Arrival Date: 04/03/2019
Minimum Price: ₹435
Maximum Price: ₹465
Modal Price: ₹450"
"What is the price of Carrot in Gangoh market of Saharanpur, Uttar Pradesh?","Commodity: Carrot
Variety: Carrot
State: Uttar Pradesh
District: Saharanpur
Market: Gangoh
Arrival Date: 04/03/2019
Minimum Price: ₹440
Maximum Price: ₹455
Modal Price: ₹445"
"What is the price of Field Pea in Gangoh market of Saharanpur, Uttar Pradesh?","Commodity: Field Pea
Variety: Field Pea
State: Uttar Pradesh
District: Saharanpur
Market: Gangoh
Arrival Date: 04/03/2019
Minimum Price: ₹1345
Maximum Price: ₹1370
Modal Price: ₹1360"
"What is the price of Garlic in Gangoh market of Saharanpur, Uttar Pradesh?","Commodity: Garlic
Variety: Garlic
State: Uttar Pradesh
District: Saharanpur
Market: Gangoh
Arrival Date: 04/03/2019
Minimum Price: ₹1875
Maximum Price: ₹1910
Modal Price: ₹1890"
"What is the price of Ginger(Green) in Gangoh market of Saharanpur, Uttar Pradesh?","Commodity: Ginger(Green)
Variety: Green Ginger
State: Uttar Pradesh
District: Saharanpur
Market: Gangoh
Arrival Date: 04/03/2019
Minimum Price: ₹2730
Maximum Price: ₹2755
Modal Price: ₹2745"
"What is the price of Green Chilli in Gangoh market of Saharanpur, Uttar Pradesh?","Commodity: Green Chilli
Variety: Green Chilly
State: Uttar Pradesh
District: Saharanpur
Market: Gangoh
Arrival Date: 04/03/2019
Minimum Price: ₹2025
Maximum Price: ₹2055
Modal Price: ₹2040"
"What is the price of Guava in Gangoh market of Saharanpur, Uttar Pradesh?","Commodity: Guava
Variety: Guava
State: Uttar Pradesh
District: Saharanpur
Market: Gangoh
Arrival Date: 04/03/2019
Minimum Price: ₹1855
Maximum Price: ₹1955
Modal Price: ₹1945"
"What is the price of Gur(Jaggery) in Gangoh market of Saharanpur, Uttar Pradesh?","Commodity: Gur(Jaggery)
Variety: Disara
State: Uttar Pradesh
District: Saharanpur
Market: Gangoh
Arrival Date: 04/03/2019
Minimum Price: ₹2425
Maximum Price: ₹2475
Modal Price: ₹2450"
"What is the price of Onion in Gangoh market of Saharanpur, Uttar Pradesh?","Commodity: Onion
Variety: Red
State: Uttar Pradesh
District: Saharanpur
Market: Gangoh
Arrival Date: 04/03/2019
Minimum Price: ₹1430
Maximum Price: ₹1455
Modal Price: ₹1440"
"What is the price of Papaya in Gangoh market of Saharanpur, Uttar Pradesh?","Commodity: Papaya
Variety: Papaya
State: Uttar Pradesh
District: Saharanpur
Market: Gangoh
Arrival Date: 04/03/2019
Minimum Price: ₹1730
Maximum Price: ₹1755
Modal Price: ₹1745"
"What is the price of Potato in Gangoh market of Saharanpur, Uttar Pradesh?","Commodity: Potato
Variety: Desi
State: Uttar Pradesh
District: Saharanpur
Market: Gangoh
Arrival Date: 04/03/2019
Minimum Price: ₹530
Maximum Price: ₹555
Modal Price: ₹545"
"What is the price of Pumpkin in Gangoh market of Saharanpur, Uttar Pradesh?","Commodity: Pumpkin
Variety: Pumpkin
State: Uttar Pradesh
District: Saharanpur
Market: Gangoh
Arrival Date: 04/03/2019
Minimum Price: ₹645
Maximum Price: ₹660
Modal Price: ₹650"
"What is the price of Raddish in Gangoh market of Saharanpur, Uttar Pradesh?","Commodity: Raddish
Variety: Raddish
State: Uttar Pradesh
District: Saharanpur
Market: Gangoh
Arrival Date: 04/03/2019
Minimum Price: ₹285
Maximum Price: ₹310
Modal Price: ₹295"
"What is the price of Sweet Potato in Gangoh market of Saharanpur, Uttar Pradesh?","Commodity: Sweet Potato
Variety: Sweet Potato
State: Uttar Pradesh
District: Saharanpur
Market: Gangoh
Arrival Date: 04/03/2019
Minimum Price: ₹1125
Maximum Price: ₹1160
Modal Price: ₹1145"
"What is the price of Tomato in Gangoh market of Saharanpur, Uttar Pradesh?","Commodity: Tomato
Variety: Deshi
State: Uttar Pradesh
District: Saharanpur
Market: Gangoh
Arrival Date: 04/03/2019
Minimum Price: ₹1325
Maximum Price: ₹1350
Modal Price: ₹1340"
"What is the price of Wheat in Gangoh market of Saharanpur, Uttar Pradesh?","Commodity: Wheat
Variety: Dara
State: Uttar Pradesh
District: Saharanpur
Market: Gangoh
Arrival Date: 04/03/2019
Minimum Price: ₹1745
Maximum Price: ₹1770
Modal Price: ₹1760"
"What is the price of Wood in Gangoh market of Saharanpur, Uttar Pradesh?","Commodity: Wood
Variety: Beete (Rose)
State: Uttar Pradesh
District: Saharanpur
Market: Gangoh
Arrival Date: 04/03/2019
Minimum Price: ₹415
Maximum Price: ₹450
Modal Price: ₹440"
"What is the price of Banana - Green in Nakud market of Saharanpur, Uttar Pradesh?","Commodity: Banana - Green
Variety: Banana - Green
State: Uttar Pradesh
District: Saharanpur
Market: Nakud
Arrival Date: 04/03/2019
Minimum Price: ₹1000
Maximum Price: ₹1200
Modal Price: ₹1100"
"What is the price of Cabbage in Nakud market of Saharanpur, Uttar Pradesh?","Commodity: Cabbage
Variety: Cabbage
State: Uttar Pradesh
District: Saharanpur
Market: Nakud
Arrival Date: 04/03/2019
Minimum Price: ₹400
Maximum Price: ₹500
Modal Price: ₹450"
"What is the price of Cauliflower in Nakud market of Saharanpur, Uttar Pradesh?","Commodity: Cauliflower
Variety: Cauliflower
State: Uttar Pradesh
District: Saharanpur
Market: Nakud
Arrival Date: 04/03/2019
Minimum Price: ₹400
Maximum Price: ₹500
Modal Price: ₹440"
"What is the price of Green Peas in Nakud market of Saharanpur, Uttar Pradesh?","Commodity: Green Peas
Variety: Other
State: Uttar Pradesh
District: Saharanpur
Market: Nakud
Arrival Date: 04/03/2019
Minimum Price: ₹1100
Maximum Price: ₹1200
Modal Price: ₹1150"
"What is the price of Onion in Nakud market of Saharanpur, Uttar Pradesh?","Commodity: Onion
Variety: 1st Sort
State: Uttar Pradesh
District: Saharanpur
Market: Nakud
Arrival Date: 04/03/2019
Minimum Price: ₹1000
Maximum Price: ₹1200
Modal Price: ₹1120"
"What is the price of Potato in Nakud market of Saharanpur, Uttar Pradesh?","Commodity: Potato
Variety: Other
State: Uttar Pradesh
District: Saharanpur
Market: Nakud
Arrival Date: 04/03/2019
Minimum Price: ₹500
Maximum Price: ₹600
Modal Price: ₹540"
"What is the price of Raddish in Nakud market of Saharanpur, Uttar Pradesh?","Commodity: Raddish
Variety: Other
State: Uttar Pradesh
District: Saharanpur
Market: Nakud
Arrival Date: 04/03/2019
Minimum Price: ₹300
Maximum Price: ₹400
Modal Price: ₹360"
"What is the price of Wood in Nakud market of Saharanpur, Uttar Pradesh?","Commodity: Wood
Variety: Other
State: Uttar Pradesh
District: Saharanpur
Market: Nakud
Arrival Date: 04/03/2019
Minimum Price: ₹250
Maximum Price: ₹300
Modal Price: ₹280"
"What is the price of Apple in Nanuta market of Saharanpur, Uttar Pradesh?","Commodity: Apple
Variety: Apple
State: Uttar Pradesh
District: Saharanpur
Market: Nanuta
Arrival Date: 04/03/2019
Minimum Price: ₹4700
Maximum Price: ₹5000
Modal Price: ₹4900"
"What is the price of Banana in Nanuta market of Saharanpur, Uttar Pradesh?","Commodity: Banana
Variety: Medium
State: Uttar Pradesh
District: Saharanpur
Market: Nanuta
Arrival Date: 04/03/2019
Minimum Price: ₹1200
Maximum Price: ₹1400
Modal Price: ₹1300"
"What is the price of Banana - Green in Nanuta market of Saharanpur, Uttar Pradesh?","Commodity: Banana - Green
Variety: Banana - Green
State: Uttar Pradesh
District: Saharanpur
Market: Nanuta
Arrival Date: 04/03/2019
Minimum Price: ₹900
Maximum Price: ₹1100
Modal Price: ₹1000"
"What is the price of Bottle gourd in Nanuta market of Saharanpur, Uttar Pradesh?","Commodity: Bottle gourd
Variety: Bottle Gourd
State: Uttar Pradesh
District: Saharanpur
Market: Nanuta
Arrival Date: 04/03/2019
Minimum Price: ₹800
Maximum Price: ₹900
Modal Price: ₹850"
"What is the price of Brinjal in Nanuta market of Saharanpur, Uttar Pradesh?","Commodity: Brinjal
Variety: Round/Long
State: Uttar Pradesh
District: Saharanpur
Market: Nanuta
Arrival Date: 04/03/2019
Minimum Price: ₹900
Maximum Price: ₹1000
Modal Price: ₹950"
"What is the price of Cabbage in Nanuta market of Saharanpur, Uttar Pradesh?","Commodity: Cabbage
Variety: Cabbage
State: Uttar Pradesh
District: Saharanpur
Market: Nanuta
Arrival Date: 04/03/2019
Minimum Price: ₹300
Maximum Price: ₹500
Modal Price: ₹400"
"What is the price of Carrot in Nanuta market of Saharanpur, Uttar Pradesh?","Commodity: Carrot
Variety: Carrot
State: Uttar Pradesh
District: Saharanpur
Market: Nanuta
Arrival Date: 04/03/2019
Minimum Price: ₹400
Maximum Price: ₹550
Modal Price: ₹500"
"What is the price of Green Chilli in Nanuta market of Saharanpur, Uttar Pradesh?","Commodity: Green Chilli
Variety: Green Chilly
State: Uttar Pradesh
District: Saharanpur
Market: Nanuta
Arrival Date: 04/03/2019
Minimum Price: ₹1200
Maximum Price: ₹1300
Modal Price: ₹1250"
"What is the price of Groundnut in Nanuta market of Saharanpur, Uttar Pradesh?","Commodity: Groundnut
Variety: Hybrid
State: Uttar Pradesh
District: Saharanpur
Market: Nanuta
Arrival Date: 04/03/2019
Minimum Price: ₹4800
Maximum Price: ₹5000
Modal Price: ₹4900"
"What is the price of Guava in Nanuta market of Saharanpur, Uttar Pradesh?","Commodity: Guava
Variety: Guava
State: Uttar Pradesh
District: Saharanpur
Market: Nanuta
Arrival Date: 04/03/2019
Minimum Price: ₹1300
Maximum Price: ₹1450
Modal Price: ₹1400"
"What is the price of Mustard in Nanuta market of Saharanpur, Uttar Pradesh?","Commodity: Mustard
Variety: Sarson(Black)
State: Uttar Pradesh
District: Saharanpur
Market: Nanuta
Arrival Date: 04/03/2019
Minimum Price: ₹3800
Maximum Price: ₹4100
Modal Price: ₹4000"
"What is the price of Onion in Nanuta market of Saharanpur, Uttar Pradesh?","Commodity: Onion
Variety: Red
State: Uttar Pradesh
District: Saharanpur
Market: Nanuta
Arrival Date: 04/03/2019
Minimum Price: ₹1000
Maximum Price: ₹1200
Modal Price: ₹1100"
"What is the price of Papaya in Nanuta market of Saharanpur, Uttar Pradesh?","Commodity: Papaya
Variety: Papaya
State: Uttar Pradesh
District: Saharanpur
Market: Nanuta
Arrival Date: 04/03/2019
Minimum Price: ₹1200
Maximum Price: ₹1500
Modal Price: ₹1300"
"What is the price of Peas Wet in Nanuta market of Saharanpur, Uttar Pradesh?","Commodity: Peas Wet
Variety: Other
State: Uttar Pradesh
District: Saharanpur
Market: Nanuta
Arrival Date: 04/03/2019
Minimum Price: ₹900
Maximum Price: ₹1050
Modal Price: ₹1000"
"What is the price of Potato in Nanuta market of Saharanpur, Uttar Pradesh?","Commodity: Potato
Variety: Desi
State: Uttar Pradesh
District: Saharanpur
Market: Nanuta
Arrival Date: 04/03/2019
Minimum Price: ₹400
Maximum Price: ₹600
Modal Price: ₹500"
"What is the price of Pumpkin in Nanuta market of Saharanpur, Uttar Pradesh?","Commodity: Pumpkin
Variety: Pumpkin
State: Uttar Pradesh
District: Saharanpur
Market: Nanuta
Arrival Date: 04/03/2019
Minimum Price: ₹350
Maximum Price: ₹500
Modal Price: ₹400"
"What is the price of Raddish in Nanuta market of Saharanpur, Uttar Pradesh?","Commodity: Raddish
Variety: Raddish
State: Uttar Pradesh
District: Saharanpur
Market: Nanuta
Arrival Date: 04/03/2019
Minimum Price: ₹300
Maximum Price: ₹450
Modal Price: ₹400"
"What is the price of Tomato in Nanuta market of Saharanpur, Uttar Pradesh?","Commodity: Tomato
Variety: Tomato
State: Uttar Pradesh
District: Saharanpur
Market: Nanuta
Arrival Date: 04/03/2019
Minimum Price: ₹900
Maximum Price: ₹1050
Modal Price: ₹1000"
"What is the price of Wheat in Nanuta market of Saharanpur, Uttar Pradesh?","Commodity: Wheat
Variety: Dara
State: Uttar Pradesh
District: Saharanpur
Market: Nanuta
Arrival Date: 04/03/2019
Minimum Price: ₹1800
Maximum Price: ₹2000
Modal Price: ₹1900"
"What is the price of Wood in Nanuta market of Saharanpur, Uttar Pradesh?","Commodity: Wood
Variety: Other
State: Uttar Pradesh
District: Saharanpur
Market: Nanuta
Arrival Date: 04/03/2019
Minimum Price: ₹350
Maximum Price: ₹500
Modal Price: ₹450"
"What is the price of Banana - Green in Sultanpurchilkana market of Saharanpur, Uttar Pradesh?","Commodity: Banana - Green
Variety: Banana - Green
State: Uttar Pradesh
District: Saharanpur
Market: Sultanpurchilkana
Arrival Date: 04/03/2019
Minimum Price: ₹600
Maximum Price: ₹800
Modal Price: ₹700"
"What is the price of Bottle gourd in Sultanpurchilkana market of Saharanpur, Uttar Pradesh?","Commodity: Bottle gourd
Variety: Bottle Gourd
State: Uttar Pradesh
District: Saharanpur
Market: Sultanpurchilkana
Arrival Date: 04/03/2019
Minimum Price: ₹700
Maximum Price: ₹900
Modal Price: ₹800"
"What is the price of Brinjal in Sultanpurchilkana market of Saharanpur, Uttar Pradesh?","Commodity: Brinjal
Variety: Brinjal
State: Uttar Pradesh
District: Saharanpur
Market: Sultanpurchilkana
Arrival Date: 04/03/2019
Minimum Price: ₹600
Maximum Price: ₹800
Modal Price: ₹700"
"What is the price of Carrot in Sultanpurchilkana market of Saharanpur, Uttar Pradesh?","Commodity: Carrot
Variety: Carrot
State: Uttar Pradesh
District: Saharanpur
Market: Sultanpurchilkana
Arrival Date: 04/03/2019
Minimum Price: ₹400
Maximum Price: ₹500
Modal Price: ₹450"
"What is the price of Cauliflower in Sultanpurchilkana market of Saharanpur, Uttar Pradesh?","Commodity: Cauliflower
Variety: Cauliflower
State: Uttar Pradesh
District: Saharanpur
Market: Sultanpurchilkana
Arrival Date: 04/03/2019
Minimum Price: ₹400
Maximum Price: ₹600
Modal Price: ₹500"
"What is the price of Green Chilli in Sultanpurchilkana market of Saharanpur, Uttar Pradesh?","Commodity: Green Chilli
Variety: Green Chilly
State: Uttar Pradesh
District: Saharanpur
Market: Sultanpurchilkana
Arrival Date: 04/03/2019
Minimum Price: ₹1100
Maximum Price: ₹1300
Modal Price: ₹1200"
"What is the price of Green Peas in Sultanpurchilkana market of Saharanpur, Uttar Pradesh?","Commodity: Green Peas
Variety: Green Peas
State: Uttar Pradesh
District: Saharanpur
Market: Sultanpurchilkana
Arrival Date: 04/03/2019
Minimum Price: ₹700
Maximum Price: ₹900
Modal Price: ₹800"
"What is the price of Onion in Sultanpurchilkana market of Saharanpur, Uttar Pradesh?","Commodity: Onion
Variety: Red
State: Uttar Pradesh
District: Saharanpur
Market: Sultanpurchilkana
Arrival Date: 04/03/2019
Minimum Price: ₹600
Maximum Price: ₹800
Modal Price: ₹700"
"What is the price of Papaya in Sultanpurchilkana market of Saharanpur, Uttar Pradesh?","Commodity: Papaya
Variety: Papaya
State: Uttar Pradesh
District: Saharanpur
Market: Sultanpurchilkana
Arrival Date: 04/03/2019
Minimum Price: ₹700
Maximum Price: ₹900
Modal Price: ₹800"
"What is the price of Brinjal in Jalalabad market of Shahjahanpur, Uttar Pradesh?","Commodity: Brinjal
Variety: Round/Long
State: Uttar Pradesh
District: Shahjahanpur
Market: Jalalabad
Arrival Date: 04/03/2019
Minimum Price: ₹460
Maximum Price: ₹480
Modal Price: ₹470"
"What is the price of Cauliflower in Jalalabad market of Shahjahanpur, Uttar Pradesh?","Commodity: Cauliflower
Variety: Cauliflower
State: Uttar Pradesh
District: Shahjahanpur
Market: Jalalabad
Arrival Date: 04/03/2019
Minimum Price: ₹390
Maximum Price: ₹410
Modal Price: ₹400"
"What is the price of Colacasia in Jalalabad market of Shahjahanpur, Uttar Pradesh?","Commodity: Colacasia
Variety: Colacasia
State: Uttar Pradesh
District: Shahjahanpur
Market: Jalalabad
Arrival Date: 04/03/2019
Minimum Price: ₹1500
Maximum Price: ₹1600
Modal Price: ₹1550"
"What is the price of Potato in Jalalabad market of Shahjahanpur, Uttar Pradesh?","Commodity: Potato
Variety: Potato
State: Uttar Pradesh
District: Shahjahanpur
Market: Jalalabad
Arrival Date: 04/03/2019
Minimum Price: ₹440
Maximum Price: ₹480
Modal Price: ₹460"
"What is the price of Raddish in Jalalabad market of Shahjahanpur, Uttar Pradesh?","Commodity: Raddish
Variety: Raddish
State: Uttar Pradesh
District: Shahjahanpur
Market: Jalalabad
Arrival Date: 04/03/2019
Minimum Price: ₹300
Maximum Price: ₹340
Modal Price: ₹320"
"What is the price of Tomato in Jalalabad market of Shahjahanpur, Uttar Pradesh?","Commodity: Tomato
Variety: Tomato
State: Uttar Pradesh
District: Shahjahanpur
Market: Jalalabad
Arrival Date: 04/03/2019
Minimum Price: ₹680
Maximum Price: ₹720
Modal Price: ₹700"
"What is the price of Gur(Jaggery) in Viswan market of Sitapur, Uttar Pradesh?","Commodity: Gur(Jaggery)
Variety: Other
State: Uttar Pradesh
District: Sitapur
Market: Viswan
Arrival Date: 04/03/2019
Minimum Price: ₹2000
Maximum Price: ₹2100
Modal Price: ₹2050"
"What is the price of Lentil (Masur)(Whole) in Viswan market of Sitapur, Uttar Pradesh?","Commodity: Lentil (Masur)(Whole)
Variety: Other
State: Uttar Pradesh
District: Sitapur
Market: Viswan
Arrival Date: 04/03/2019
Minimum Price: ₹4200
Maximum Price: ₹4300
Modal Price: ₹4250"
"What is the price of Onion in Viswan market of Sitapur, Uttar Pradesh?","Commodity: Onion
Variety: Other
State: Uttar Pradesh
District: Sitapur
Market: Viswan
Arrival Date: 04/03/2019
Minimum Price: ₹600
Maximum Price: ₹800
Modal Price: ₹700"
"What is the price of Potato in Viswan market of Sitapur, Uttar Pradesh?","Commodity: Potato
Variety: Desi
State: Uttar Pradesh
District: Sitapur
Market: Viswan
Arrival Date: 04/03/2019
Minimum Price: ₹500
Maximum Price: ₹700
Modal Price: ₹600"
"What is the price of Wheat in Viswan market of Sitapur, Uttar Pradesh?","Commodity: Wheat
Variety: Other
State: Uttar Pradesh
District: Sitapur
Market: Viswan
Arrival Date: 04/03/2019
Minimum Price: ₹1700
Maximum Price: ₹1800
Modal Price: ₹1750"
"What is the price of Wood in Viswan market of Sitapur, Uttar Pradesh?","Commodity: Wood
Variety: Other
State: Uttar Pradesh
District: Sitapur
Market: Viswan
Arrival Date: 04/03/2019
Minimum Price: ₹200
Maximum Price: ₹380
Modal Price: ₹240"
"What is the price of Cauliflower in Dudhi market of Sonbhadra, Uttar Pradesh?","Commodity: Cauliflower
Variety: Cauliflower
State: Uttar Pradesh
District: Sonbhadra
Market: Dudhi
Arrival Date: 04/03/2019
Minimum Price: ₹400
Maximum Price: ₹500
Modal Price: ₹500"
"What is the price of Peas Wet in Dudhi market of Sonbhadra, Uttar Pradesh?","Commodity: Peas Wet
Variety: Peas Wet
State: Uttar Pradesh
District: Sonbhadra
Market: Dudhi
Arrival Date: 04/03/2019
Minimum Price: ₹700
Maximum Price: ₹800
Modal Price: ₹800"
"What is the price of Raddish in Dudhi market of Sonbhadra, Uttar Pradesh?","Commodity: Raddish
Variety: Raddish
State: Uttar Pradesh
District: Sonbhadra
Market: Dudhi
Arrival Date: 04/03/2019
Minimum Price: ₹500
Maximum Price: ₹600
Modal Price: ₹600"
"What is the price of Arhar Dal(Tur Dal) in Robertsganj market of Sonbhadra, Uttar Pradesh?","Commodity: Arhar Dal(Tur Dal)
Variety: Arhar Dal(Tur)
State: Uttar Pradesh
District: Sonbhadra
Market: Robertsganj
Arrival Date: 04/03/2019
Minimum Price: ₹6700
Maximum Price: ₹6730
Modal Price: ₹6715"
"What is the price of Barley (Jau) in Robertsganj market of Sonbhadra, Uttar Pradesh?","Commodity: Barley (Jau)
Variety: Dara
State: Uttar Pradesh
District: Sonbhadra
Market: Robertsganj
Arrival Date: 04/03/2019
Minimum Price: ₹1650
Maximum Price: ₹1750
Modal Price: ₹1700"
"What is the price of Bengal Gram(Gram)(Whole) in Robertsganj market of Sonbhadra, Uttar Pradesh?","Commodity: Bengal Gram(Gram)(Whole)
Variety: Desi (Whole)
State: Uttar Pradesh
District: Sonbhadra
Market: Robertsganj
Arrival Date: 04/03/2019
Minimum Price: ₹5050
Maximum Price: ₹5100
Modal Price: ₹5075"
"What is the price of Bottle gourd in Robertsganj market of Sonbhadra, Uttar Pradesh?","Commodity: Bottle gourd
Variety: Bottle Gourd
State: Uttar Pradesh
District: Sonbhadra
Market: Robertsganj
Arrival Date: 04/03/2019
Minimum Price: ₹850
Maximum Price: ₹900
Modal Price: ₹885"
"What is the price of Brinjal in Robertsganj market of Sonbhadra, Uttar Pradesh?","Commodity: Brinjal
Variety: Brinjal
State: Uttar Pradesh
District: Sonbhadra
Market: Robertsganj
Arrival Date: 04/03/2019
Minimum Price: ₹750
Maximum Price: ₹800
Modal Price: ₹785"
"What is the price of Cauliflower in Robertsganj market of Sonbhadra, Uttar Pradesh?","Commodity: Cauliflower
Variety: Cauliflower
State: Uttar Pradesh
District: Sonbhadra
Market: Robertsganj
Arrival Date: 04/03/2019
Minimum Price: ₹450
Maximum Price: ₹530
Modal Price: ₹490"
"What is the price of Garlic in Robertsganj market of Sonbhadra, Uttar Pradesh?","Commodity: Garlic
Variety: Garlic
State: Uttar Pradesh
District: Sonbhadra
Market: Robertsganj
Arrival Date: 04/03/2019
Minimum Price: ₹1750
Maximum Price: ₹1840
Modal Price: ₹1810"
"What is the price of Green Chilli in Robertsganj market of Sonbhadra, Uttar Pradesh?","Commodity: Green Chilli
Variety: Green Chilly
State: Uttar Pradesh
District: Sonbhadra
Market: Robertsganj
Arrival Date: 04/03/2019
Minimum Price: ₹1600
Maximum Price: ₹1700
Modal Price: ₹1650"
"What is the price of Gur(Jaggery) in Robertsganj market of Sonbhadra, Uttar Pradesh?","Commodity: Gur(Jaggery)
Variety: Red
State: Uttar Pradesh
District: Sonbhadra
Market: Robertsganj
Arrival Date: 04/03/2019
Minimum Price: ₹3200
Maximum Price: ₹3240
Modal Price: ₹3220"
"What is the price of Mustard in Robertsganj market of Sonbhadra, Uttar Pradesh?","Commodity: Mustard
Variety: Lohi Black
State: Uttar Pradesh
District: Sonbhadra
Market: Robertsganj
Arrival Date: 04/03/2019
Minimum Price: ₹4000
Maximum Price: ₹4070
Modal Price: ₹4035"
"What is the price of Onion in Robertsganj market of Sonbhadra, Uttar Pradesh?","Commodity: Onion
Variety: Red
State: Uttar Pradesh
District: Sonbhadra
Market: Robertsganj
Arrival Date: 04/03/2019
Minimum Price: ₹800
Maximum Price: ₹850
Modal Price: ₹815"
"What is the price of Potato in Robertsganj market of Sonbhadra, Uttar Pradesh?","Commodity: Potato
Variety: Potato
State: Uttar Pradesh
District: Sonbhadra
Market: Robertsganj
Arrival Date: 04/03/2019
Minimum Price: ₹640
Maximum Price: ₹700
Modal Price: ₹660"
"What is the price of Rice in Robertsganj market of Sonbhadra, Uttar Pradesh?","Commodity: Rice
Variety: III
State: Uttar Pradesh
District: Sonbhadra
Market: Robertsganj
Arrival Date: 04/03/2019
Minimum Price: ₹2220
Maximum Price: ₹2260
Modal Price: ₹2240"
"What is the price of Tomato in Robertsganj market of Sonbhadra, Uttar Pradesh?","Commodity: Tomato
Variety: Hybrid
State: Uttar Pradesh
District: Sonbhadra
Market: Robertsganj
Arrival Date: 04/03/2019
Minimum Price: ₹450
Maximum Price: ₹500
Modal Price: ₹475"
"What is the price of Wheat in Robertsganj market of Sonbhadra, Uttar Pradesh?","Commodity: Wheat
Variety: Dara
State: Uttar Pradesh
District: Sonbhadra
Market: Robertsganj
Arrival Date: 04/03/2019
Minimum Price: ₹1880
Maximum Price: ₹1930
Modal Price: ₹1910"
"What is the price of Apple in Dehradoon market of Dehradoon, Uttrakhand?","Commodity: Apple
Variety: Apple
State: Uttrakhand
District: Dehradoon
Market: Dehradoon
Arrival Date: 04/03/2019
Minimum Price: ₹2800
Maximum Price: ₹4250
Modal Price: ₹3050"
"What is the price of Banana in Dehradoon market of Dehradoon, Uttrakhand?","Commodity: Banana
Variety: Other
State: Uttrakhand
District: Dehradoon
Market: Dehradoon
Arrival Date: 04/03/2019
Minimum Price: ₹700
Maximum Price: ₹800
Modal Price: ₹750"
"What is the price of Cabbage in Dehradoon market of Dehradoon, Uttrakhand?","Commodity: Cabbage
Variety: Other
State: Uttrakhand
District: Dehradoon
Market: Dehradoon
Arrival Date: 04/03/2019
Minimum Price: ₹350
Maximum Price: ₹500
Modal Price: ₹400"
"What is the price of Carrot in Dehradoon market of Dehradoon, Uttrakhand?","Commodity: Carrot
Variety: Other
State: Uttrakhand
District: Dehradoon
Market: Dehradoon
Arrival Date: 04/03/2019
Minimum Price: ₹600
Maximum Price: ₹800
Modal Price: ₹700"
"What is the price of Cauliflower in Dehradoon market of Dehradoon, Uttrakhand?","Commodity: Cauliflower
Variety: Other
State: Uttrakhand
District: Dehradoon
Market: Dehradoon
Arrival Date: 04/03/2019
Minimum Price: ₹400
Maximum Price: ₹600
Modal Price: ₹550"
"What is the price of Garlic in Dehradoon market of Dehradoon, Uttrakhand?","Commodity: Garlic
Variety: Other
State: Uttrakhand
District: Dehradoon
Market: Dehradoon
Arrival Date: 04/03/2019
Minimum Price: ₹1200
Maximum Price: ₹1400
Modal Price: ₹1350"
"What is the price of Grapes in Dehradoon market of Dehradoon, Uttrakhand?","Commodity: Grapes
Variety: Other
State: Uttrakhand
District: Dehradoon
Market: Dehradoon
Arrival Date: 04/03/2019
Minimum Price: ₹1650
Maximum Price: ₹2350
Modal Price: ₹1800"
"What is the price of Green Chilli in Dehradoon market of Dehradoon, Uttrakhand?","Commodity: Green Chilli
Variety: Other
State: Uttrakhand
District: Dehradoon
Market: Dehradoon
Arrival Date: 04/03/2019
Minimum Price: ₹600
Maximum Price: ₹1050
Modal Price: ₹850"
"What is the price of Kinnow in Dehradoon market of Dehradoon, Uttrakhand?","Commodity: Kinnow
Variety: Other
State: Uttrakhand
District: Dehradoon
Market: Dehradoon
Arrival Date: 04/03/2019
Minimum Price: ₹600
Maximum Price: ₹800
Modal Price: ₹750"
"What is the price of Lemon in Dehradoon market of Dehradoon, Uttrakhand?","Commodity: Lemon
Variety: Other
State: Uttrakhand
District: Dehradoon
Market: Dehradoon
Arrival Date: 04/03/2019
Minimum Price: ₹1200
Maximum Price: ₹1400
Modal Price: ₹1350"
"What is the price of Onion in Dehradoon market of Dehradoon, Uttrakhand?","Commodity: Onion
Variety: Other
State: Uttrakhand
District: Dehradoon
Market: Dehradoon
Arrival Date: 04/03/2019
Minimum Price: ₹1050
Maximum Price: ₹1400
Modal Price: ₹1150"
"What is the price of Orange in Dehradoon market of Dehradoon, Uttrakhand?","Commodity: Orange
Variety: Other
State: Uttrakhand
District: Dehradoon
Market: Dehradoon
Arrival Date: 04/03/2019
Minimum Price: ₹1200
Maximum Price: ₹2050
Modal Price: ₹1800"
"What is the price of Papaya in Dehradoon market of Dehradoon, Uttrakhand?","Commodity: Papaya
Variety: Other
State: Uttrakhand
District: Dehradoon
Market: Dehradoon
Arrival Date: 04/03/2019
Minimum Price: ₹600
Maximum Price: ₹800
Modal Price: ₹700"
"What is the price of Peas Wet in Dehradoon market of Dehradoon, Uttrakhand?","Commodity: Peas Wet
Variety: Other
State: Uttrakhand
District: Dehradoon
Market: Dehradoon
Arrival Date: 04/03/2019
Minimum Price: ₹1000
Maximum Price: ₹1250
Modal Price: ₹1150"
"What is the price of Pomegranate in Dehradoon market of Dehradoon, Uttrakhand?","Commodity: Pomegranate
Variety: Other
State: Uttrakhand
District: Dehradoon
Market: Dehradoon
Arrival Date: 04/03/2019
Minimum Price: ₹2800
Maximum Price: ₹4050
Modal Price: ₹3500"
"What is the price of Potato in Dehradoon market of Dehradoon, Uttrakhand?","Commodity: Potato
Variety: Other
State: Uttrakhand
District: Dehradoon
Market: Dehradoon
Arrival Date: 04/03/2019
Minimum Price: ₹450
Maximum Price: ₹600
Modal Price: ₹550"
"What is the price of Pumpkin in Dehradoon market of Dehradoon, Uttrakhand?","Commodity: Pumpkin
Variety: Other
State: Uttrakhand
District: Dehradoon
Market: Dehradoon
Arrival Date: 04/03/2019
Minimum Price: ₹400
Maximum Price: ₹600
Modal Price: ₹450"
"What is the price of Raddish in Dehradoon market of Dehradoon, Uttrakhand?","Commodity: Raddish
Variety: Other
State: Uttrakhand
District: Dehradoon
Market: Dehradoon
Arrival Date: 04/03/2019
Minimum Price: ₹250
Maximum Price: ₹350
Modal Price: ₹300"
"What is the price of Tomato in Dehradoon market of Dehradoon, Uttrakhand?","Commodity: Tomato
Variety: Other
State: Uttrakhand
District: Dehradoon
Market: Dehradoon
Arrival Date: 04/03/2019
Minimum Price: ₹400
Maximum Price: ₹600
Modal Price: ₹500"
"What is the price of Onion in Kashipur market of UdhamSinghNagar, Uttrakhand?","Commodity: Onion
Variety: Other
State: Uttrakhand
District: UdhamSinghNagar
Market: Kashipur
Arrival Date: 04/03/2019
Minimum Price: ₹900
Maximum Price: ₹1000
Modal Price: ₹975"
"What is the price of Potato in Kashipur market of UdhamSinghNagar, Uttrakhand?","Commodity: Potato
Variety: Other
State: Uttrakhand
District: UdhamSinghNagar
Market: Kashipur
Arrival Date: 04/03/2019
Minimum Price: ₹500
Maximum Price: ₹700
Modal Price: ₹600"
"What is the price of Mustard in Bishnupur(Bankura) market of Bankura, West Bengal?","Commodity: Mustard
Variety: Mustard
State: West Bengal
District: Bankura
Market: Bishnupur(Bankura)
Arrival Date: 04/03/2019
Minimum Price: ₹4100
Maximum Price: ₹4300
Modal Price: ₹4200"
"What is the price of Onion in Bishnupur(Bankura) market of Bankura, West Bengal?","Commodity: Onion
Variety: Nasik
State: West Bengal
District: Bankura
Market: Bishnupur(Bankura)
Arrival Date: 04/03/2019
Minimum Price: ₹1100
Maximum Price: ₹1200
Modal Price: ₹1150"
"What is the price of Potato in Bishnupur(Bankura) market of Bankura, West Bengal?","Commodity: Potato
Variety: Jyoti
State: West Bengal
District: Bankura
Market: Bishnupur(Bankura)
Arrival Date: 04/03/2019
Minimum Price: ₹360
Maximum Price: ₹400
Modal Price: ₹380"
"What is the price of Rice in Bishnupur(Bankura) market of Bankura, West Bengal?","Commodity: Rice
Variety: Common
State: West Bengal
District: Bankura
Market: Bishnupur(Bankura)
Arrival Date: 04/03/2019
Minimum Price: ₹2600
Maximum Price: ₹2700
Modal Price: ₹2650"
"What is the price of Rice in Bishnupur(Bankura) market of Bankura, West Bengal?","Commodity: Rice
Variety: Fine
State: West Bengal
District: Bankura
Market: Bishnupur(Bankura)
Arrival Date: 04/03/2019
Minimum Price: ₹2800
Maximum Price: ₹2900
Modal Price: ₹2850"
"What is the price of Wheat in Bishnupur(Bankura) market of Bankura, West Bengal?","Commodity: Wheat
Variety: Sonalika
State: West Bengal
District: Bankura
Market: Bishnupur(Bankura)
Arrival Date: 04/03/2019
Minimum Price: ₹1650
Maximum Price: ₹1750
Modal Price: ₹1700"
"What is the price of Brinjal in Khatra market of Bankura, West Bengal?","Commodity: Brinjal
Variety: Round/Long
State: West Bengal
District: Bankura
Market: Khatra
Arrival Date: 04/03/2019
Minimum Price: ₹400
Maximum Price: ₹800
Modal Price: ₹500"
"What is the price of Cucumbar(Kheera) in Khatra market of Bankura, West Bengal?","Commodity: Cucumbar(Kheera)
Variety: Cucumbar
State: West Bengal
District: Bankura
Market: Khatra
Arrival Date: 04/03/2019
Minimum Price: ₹2300
Maximum Price: ₹3000
Modal Price: ₹2500"
"What is the price of Mustard in Khatra market of Bankura, West Bengal?","Commodity: Mustard
Variety: Mustard
State: West Bengal
District: Bankura
Market: Khatra
Arrival Date: 04/03/2019
Minimum Price: ₹4100
Maximum Price: ₹4300
Modal Price: ₹4200"
"What is the price of Paddy(Dhan)(Common) in Khatra market of Bankura, West Bengal?","Commodity: Paddy(Dhan)(Common)
Variety: Swarna Masuri (New)
State: West Bengal
District: Bankura
Market: Khatra
Arrival Date: 04/03/2019
Minimum Price: ₹1750
Maximum Price: ₹1770
Modal Price: ₹1750"
"What is the price of Potato in Khatra market of Bankura, West Bengal?","Commodity: Potato
Variety: Jyoti
State: West Bengal
District: Bankura
Market: Khatra
Arrival Date: 04/03/2019
Minimum Price: ₹350
Maximum Price: ₹400
Modal Price: ₹370"
"What is the price of Rice in Khatra market of Bankura, West Bengal?","Commodity: Rice
Variety: Common
State: West Bengal
District: Bankura
Market: Khatra
Arrival Date: 04/03/2019
Minimum Price: ₹2600
Maximum Price: ₹2700
Modal Price: ₹2650"
"What is the price of Sweet Pumpkin in Khatra market of Bankura, West Bengal?","Commodity: Sweet Pumpkin
Variety: Sweet Pumpkin
State: West Bengal
District: Bankura
Market: Khatra
Arrival Date: 04/03/2019
Minimum Price: ₹800
Maximum Price: ₹1000
Modal Price: ₹900"
"What is the price of Tomato in Khatra market of Bankura, West Bengal?","Commodity: Tomato
Variety: Tomato
State: West Bengal
District: Bankura
Market: Khatra
Arrival Date: 04/03/2019
Minimum Price: ₹400
Maximum Price: ₹700
Modal Price: ₹500"
"What is the price of Wheat in Khatra market of Bankura, West Bengal?","Commodity: Wheat
Variety: Sonalika
State: West Bengal
District: Bankura
Market: Khatra
Arrival Date: 04/03/2019
Minimum Price: ₹1650
Maximum Price: ₹1750
Modal Price: ₹1700"
"What is the price of Arhar (Tur/Red Gram)(Whole) in Asansol market of Burdwan, West Bengal?","Commodity: Arhar (Tur/Red Gram)(Whole)
Variety: Other
State: West Bengal
District: Burdwan
Market: Asansol
Arrival Date: 04/03/2019
Minimum Price: ₹6300
Maximum Price: ₹6500
Modal Price: ₹6400"
"What is the price of Black Gram (Urd Beans)(Whole) in Asansol market of Burdwan, West Bengal?","Commodity: Black Gram (Urd Beans)(Whole)
Variety: Black Gram Dal
State: West Bengal
District: Burdwan
Market: Asansol
Arrival Date: 04/03/2019
Minimum Price: ₹6000
Maximum Price: ₹6200
Modal Price: ₹6100"
"What is the price of Black Gram (Urd Beans)(Whole) in Asansol market of Burdwan, West Bengal?","Commodity: Black Gram (Urd Beans)(Whole)
Variety: Other
State: West Bengal
District: Burdwan
Market: Asansol
Arrival Date: 04/03/2019
Minimum Price: ₹5800
Maximum Price: ₹6000
Modal Price: ₹5900"
"What is the price of Brinjal in Asansol market of Burdwan, West Bengal?","Commodity: Brinjal
Variety: Other
State: West Bengal
District: Burdwan
Market: Asansol
Arrival Date: 04/03/2019
Minimum Price: ₹1030
Maximum Price: ₹1150
Modal Price: ₹1100"
"What is the price of Ginger(Dry) in Asansol market of Burdwan, West Bengal?","Commodity: Ginger(Dry)
Variety: Other
State: West Bengal
District: Burdwan
Market: Asansol
Arrival Date: 04/03/2019
Minimum Price: ₹7200
Maximum Price: ₹7500
Modal Price: ₹7360"
"What is the price of Green Gram (Moong)(Whole) in Asansol market of Burdwan, West Bengal?","Commodity: Green Gram (Moong)(Whole)
Variety: Green Gram Dhall-I
State: West Bengal
District: Burdwan
Market: Asansol
Arrival Date: 04/03/2019
Minimum Price: ₹7300
Maximum Price: ₹7700
Modal Price: ₹7500"
"What is the price of Green Gram (Moong)(Whole) in Asansol market of Burdwan, West Bengal?","Commodity: Green Gram (Moong)(Whole)
Variety: Other
State: West Bengal
District: Burdwan
Market: Asansol
Arrival Date: 04/03/2019
Minimum Price: ₹6900
Maximum Price: ₹7200
Modal Price: ₹7000"
"What is the price of Lentil (Masur)(Whole) in Asansol market of Burdwan, West Bengal?","Commodity: Lentil (Masur)(Whole)
Variety: Masur Dal
State: West Bengal
District: Burdwan
Market: Asansol
Arrival Date: 04/03/2019
Minimum Price: ₹6000
Maximum Price: ₹6200
Modal Price: ₹6100"
"What is the price of Mustard in Asansol market of Burdwan, West Bengal?","Commodity: Mustard
Variety: Other
State: West Bengal
District: Burdwan
Market: Asansol
Arrival Date: 04/03/2019
Minimum Price: ₹4300
Maximum Price: ₹4400
Modal Price: ₹4350"
"What is the price of Onion in Asansol market of Burdwan, West Bengal?","Commodity: Onion
Variety: Nasik
State: West Bengal
District: Burdwan
Market: Asansol
Arrival Date: 04/03/2019
Minimum Price: ₹1000
Maximum Price: ₹1060
Modal Price: ₹1020"
"What is the price of Peas(Dry) in Asansol market of Burdwan, West Bengal?","Commodity: Peas(Dry)
Variety: Other
State: West Bengal
District: Burdwan
Market: Asansol
Arrival Date: 04/03/2019
Minimum Price: ₹4800
Maximum Price: ₹5000
Modal Price: ₹4900"
"What is the price of Peas(Dry) in Asansol market of Burdwan, West Bengal?","Commodity: Peas(Dry)
Variety: Peas(Dry)
State: West Bengal
District: Burdwan
Market: Asansol
Arrival Date: 04/03/2019
Minimum Price: ₹4500
Maximum Price: ₹4700
Modal Price: ₹4600"
"What is the price of Potato in Asansol market of Burdwan, West Bengal?","Commodity: Potato
Variety: Jyoti
State: West Bengal
District: Burdwan
Market: Asansol
Arrival Date: 04/03/2019
Minimum Price: ₹540
Maximum Price: ₹580
Modal Price: ₹560"
"What is the price of Rice in Asansol market of Burdwan, West Bengal?","Commodity: Rice
Variety: Fine
State: West Bengal
District: Burdwan
Market: Asansol
Arrival Date: 04/03/2019
Minimum Price: ₹3000
Maximum Price: ₹3100
Modal Price: ₹3000"
"What is the price of Sweet Pumpkin in Asansol market of Burdwan, West Bengal?","Commodity: Sweet Pumpkin
Variety: Other
State: West Bengal
District: Burdwan
Market: Asansol
Arrival Date: 04/03/2019
Minimum Price: ₹880
Maximum Price: ₹940
Modal Price: ₹910"
"What is the price of Tomato in Asansol market of Burdwan, West Bengal?","Commodity: Tomato
Variety: Hybrid
State: West Bengal
District: Burdwan
Market: Asansol
Arrival Date: 04/03/2019
Minimum Price: ₹520
Maximum Price: ₹600
Modal Price: ₹560"
"What is the price of Wheat in Asansol market of Burdwan, West Bengal?","Commodity: Wheat
Variety: Kalyan
State: West Bengal
District: Burdwan
Market: Asansol
Arrival Date: 04/03/2019
Minimum Price: ₹1960
Maximum Price: ₹2040
Modal Price: ₹2000"
"What is the price of Cucumbar(Kheera) in Burdwan market of Burdwan, West Bengal?","Commodity: Cucumbar(Kheera)
Variety: Cucumbar
State: West Bengal
District: Burdwan
Market: Burdwan
Arrival Date: 04/03/2019
Minimum Price: ₹3900
Maximum Price: ₹4100
Modal Price: ₹4000"
"What is the price of Green Chilli in Burdwan market of Burdwan, West Bengal?","Commodity: Green Chilli
Variety: Green Chilly
State: West Bengal
District: Burdwan
Market: Burdwan
Arrival Date: 04/03/2019
Minimum Price: ₹6900
Maximum Price: ₹7100
Modal Price: ₹7000"
"What is the price of Gur(Jaggery) in Burdwan market of Burdwan, West Bengal?","Commodity: Gur(Jaggery)
Variety: Other
State: West Bengal
District: Burdwan
Market: Burdwan
Arrival Date: 04/03/2019
Minimum Price: ₹3050
Maximum Price: ₹3150
Modal Price: ₹3100"
"What is the price of Mustard in Burdwan market of Burdwan, West Bengal?","Commodity: Mustard
Variety: Sarson(Black)
State: West Bengal
District: Burdwan
Market: Burdwan
Arrival Date: 04/03/2019
Minimum Price: ₹4250
Maximum Price: ₹4350
Modal Price: ₹4300"
"What is the price of Onion in Burdwan market of Burdwan, West Bengal?","Commodity: Onion
Variety: Nasik
State: West Bengal
District: Burdwan
Market: Burdwan
Arrival Date: 04/03/2019
Minimum Price: ₹950
Maximum Price: ₹1050
Modal Price: ₹1000"
"What is the price of Paddy(Dhan)(Common) in Burdwan market of Burdwan, West Bengal?","Commodity: Paddy(Dhan)(Common)
Variety: Common
State: West Bengal
District: Burdwan
Market: Burdwan
Arrival Date: 04/03/2019
Minimum Price: ₹1750
Maximum Price: ₹1770
Modal Price: ₹1750"
"What is the price of Potato in Burdwan market of Burdwan, West Bengal?","Commodity: Potato
Variety: Jyoti
State: West Bengal
District: Burdwan
Market: Burdwan
Arrival Date: 04/03/2019
Minimum Price: ₹580
Maximum Price: ₹620
Modal Price: ₹600"
"What is the price of Rice in Burdwan market of Burdwan, West Bengal?","Commodity: Rice
Variety: Common
State: West Bengal
District: Burdwan
Market: Burdwan
Arrival Date: 04/03/2019
Minimum Price: ₹2250
Maximum Price: ₹2350
Modal Price: ₹2300"
"What is the price of Sweet Pumpkin in Burdwan market of Burdwan, West Bengal?","Commodity: Sweet Pumpkin
Variety: Sweet Pumpkin
State: West Bengal
District: Burdwan
Market: Burdwan
Arrival Date: 04/03/2019
Minimum Price: ₹950
Maximum Price: ₹1050
Modal Price: ₹1000"
"What is the price of Tomato in Burdwan market of Burdwan, West Bengal?","Commodity: Tomato
Variety: Other
State: West Bengal
District: Burdwan
Market: Burdwan
Arrival Date: 04/03/2019
Minimum Price: ₹700
Maximum Price: ₹900
Modal Price: ₹800"
"What is the price of Brinjal in Guskara(Burdwan) market of Burdwan, West Bengal?","Commodity: Brinjal
Variety: Other
State: West Bengal
District: Burdwan
Market: Guskara(Burdwan)
Arrival Date: 04/03/2019
Minimum Price: ₹700
Maximum Price: ₹900
Modal Price: ₹800"
"What is the price of Mustard in Guskara(Burdwan) market of Burdwan, West Bengal?","Commodity: Mustard
Variety: Yellow (Black)
State: West Bengal
District: Burdwan
Market: Guskara(Burdwan)
Arrival Date: 04/03/2019
Minimum Price: ₹3750
Maximum Price: ₹3850
Modal Price: ₹3800"
"What is the price of Paddy(Dhan)(Common) in Guskara(Burdwan) market of Burdwan, West Bengal?","Commodity: Paddy(Dhan)(Common)
Variety: Fine
State: West Bengal
District: Burdwan
Market: Guskara(Burdwan)
Arrival Date: 04/03/2019
Minimum Price: ₹1750
Maximum Price: ₹1770
Modal Price: ₹1750"
"What is the price of Potato in Guskara(Burdwan) market of Burdwan, West Bengal?","Commodity: Potato
Variety: Jyoti
State: West Bengal
District: Burdwan
Market: Guskara(Burdwan)
Arrival Date: 04/03/2019
Minimum Price: ₹480
Maximum Price: ₹520
Modal Price: ₹500"
"What is the price of Rice in Guskara(Burdwan) market of Burdwan, West Bengal?","Commodity: Rice
Variety: Fine
State: West Bengal
District: Burdwan
Market: Guskara(Burdwan)
Arrival Date: 04/03/2019
Minimum Price: ₹2250
Maximum Price: ₹2350
Modal Price: ₹2300"
"What is the price of Sesamum(Sesame,Gingelly,Til) in Guskara(Burdwan) market of Burdwan, West Bengal?","Commodity: Sesamum(Sesame,Gingelly,Til)
Variety: Other
State: West Bengal
District: Burdwan
Market: Guskara(Burdwan)
Arrival Date: 04/03/2019
Minimum Price: ₹6950
Maximum Price: ₹7050
Modal Price: ₹7000"
"What is the price of Brinjal in Kalna market of Burdwan, West Bengal?","Commodity: Brinjal
Variety: Other
State: West Bengal
District: Burdwan
Market: Kalna
Arrival Date: 04/03/2019
Minimum Price: ₹800
Maximum Price: ₹900
Modal Price: ₹900"
"What is the price of Cucumbar(Kheera) in Kalna market of Burdwan, West Bengal?","Commodity: Cucumbar(Kheera)
Variety: Other
State: West Bengal
District: Burdwan
Market: Kalna
Arrival Date: 04/03/2019
Minimum Price: ₹3500
Maximum Price: ₹3600
Modal Price: ₹3600"
"What is the price of Green Chilli in Kalna market of Burdwan, West Bengal?","Commodity: Green Chilli
Variety: Other
State: West Bengal
District: Burdwan
Market: Kalna
Arrival Date: 04/03/2019
Minimum Price: ₹3600
Maximum Price: ₹4000
Modal Price: ₹3800"
"What is the price of Jute in Kalna market of Burdwan, West Bengal?","Commodity: Jute
Variety: TD-5
State: West Bengal
District: Burdwan
Market: Kalna
Arrival Date: 04/03/2019
Minimum Price: ₹3900
Maximum Price: ₹4000
Modal Price: ₹3900"
"What is the price of Onion in Kalna market of Burdwan, West Bengal?","Commodity: Onion
Variety: Local
State: West Bengal
District: Burdwan
Market: Kalna
Arrival Date: 04/03/2019
Minimum Price: ₹1000
Maximum Price: ₹1100
Modal Price: ₹1100"
"What is the price of Paddy(Dhan)(Common) in Kalna market of Burdwan, West Bengal?","Commodity: Paddy(Dhan)(Common)
Variety: Ratna
State: West Bengal
District: Burdwan
Market: Kalna
Arrival Date: 04/03/2019
Minimum Price: ₹1770
Maximum Price: ₹1770
Modal Price: ₹1770"
"What is the price of Paddy(Dhan)(Common) in Kalna market of Burdwan, West Bengal?","Commodity: Paddy(Dhan)(Common)
Variety: Swarna Masuri (New)
State: West Bengal
District: Burdwan
Market: Kalna
Arrival Date: 04/03/2019
Minimum Price: ₹1750
Maximum Price: ₹1770
Modal Price: ₹1750"
"What is the price of Potato in Kalna market of Burdwan, West Bengal?","Commodity: Potato
Variety: Jyoti
State: West Bengal
District: Burdwan
Market: Kalna
Arrival Date: 04/03/2019
Minimum Price: ₹510
Maximum Price: ₹520
Modal Price: ₹510"
"What is the price of Rice in Kalna market of Burdwan, West Bengal?","Commodity: Rice
Variety: Fine
State: West Bengal
District: Burdwan
Market: Kalna
Arrival Date: 04/03/2019
Minimum Price: ₹2970
Maximum Price: ₹3000
Modal Price: ₹3000"
"What is the price of Rice in Kalna market of Burdwan, West Bengal?","Commodity: Rice
Variety: Other
State: West Bengal
District: Burdwan
Market: Kalna
Arrival Date: 04/03/2019
Minimum Price: ₹2230
Maximum Price: ₹2250
Modal Price: ₹2250"
"What is the price of Sweet Pumpkin in Kalna market of Burdwan, West Bengal?","Commodity: Sweet Pumpkin
Variety: Other
State: West Bengal
District: Burdwan
Market: Kalna
Arrival Date: 04/03/2019
Minimum Price: ₹1000
Maximum Price: ₹1100
Modal Price: ₹1100"
"What is the price of Tomato in Kalna market of Burdwan, West Bengal?","Commodity: Tomato
Variety: Other
State: West Bengal
District: Burdwan
Market: Kalna
Arrival Date: 04/03/2019
Minimum Price: ₹1000
Maximum Price: ₹1100
Modal Price: ₹1050"
"What is the price of Ginger(Dry) in Katwa market of Burdwan, West Bengal?","Commodity: Ginger(Dry)
Variety: Other
State: West Bengal
District: Burdwan
Market: Katwa
Arrival Date: 04/03/2019
Minimum Price: ₹7900
Maximum Price: ₹8100
Modal Price: ₹8000"
"What is the price of Jute in Katwa market of Burdwan, West Bengal?","Commodity: Jute
Variety: TD-5
State: West Bengal
District: Burdwan
Market: Katwa
Arrival Date: 04/03/2019
Minimum Price: ₹3800
Maximum Price: ₹4000
Modal Price: ₹3900"
"What is the price of Mustard in Katwa market of Burdwan, West Bengal?","Commodity: Mustard
Variety: Yellow (Black)
State: West Bengal
District: Burdwan
Market: Katwa
Arrival Date: 04/03/2019
Minimum Price: ₹3750
Maximum Price: ₹3850
Modal Price: ₹3800"
"What is the price of Mustard Oil in Katwa market of Burdwan, West Bengal?","Commodity: Mustard Oil
Variety: Other
State: West Bengal
District: Burdwan
Market: Katwa
Arrival Date: 04/03/2019
Minimum Price: ₹9025
Maximum Price: ₹10025
Modal Price: ₹9925"
"What is the price of Onion in Katwa market of Burdwan, West Bengal?","Commodity: Onion
Variety: Other
State: West Bengal
District: Burdwan
Market: Katwa
Arrival Date: 04/03/2019
Minimum Price: ₹950
Maximum Price: ₹1050
Modal Price: ₹1000"
"What is the price of Paddy(Dhan)(Common) in Katwa market of Burdwan, West Bengal?","Commodity: Paddy(Dhan)(Common)
Variety: Other
State: West Bengal
District: Burdwan
Market: Katwa
Arrival Date: 04/03/2019
Minimum Price: ₹1750
Maximum Price: ₹1770
Modal Price: ₹1750"
"What is the price of Potato in Katwa market of Burdwan, West Bengal?","Commodity: Potato
Variety: Jyoti
State: West Bengal
District: Burdwan
Market: Katwa
Arrival Date: 04/03/2019
Minimum Price: ₹480
Maximum Price: ₹520
Modal Price: ₹500"
"What is the price of Rice in Katwa market of Burdwan, West Bengal?","Commodity: Rice
Variety: Other
State: West Bengal
District: Burdwan
Market: Katwa
Arrival Date: 04/03/2019
Minimum Price: ₹2250
Maximum Price: ₹2350
Modal Price: ₹2300"
"What is the price of Sesamum(Sesame,Gingelly,Til) in Katwa market of Burdwan, West Bengal?","Commodity: Sesamum(Sesame,Gingelly,Til)
Variety: Other
State: West Bengal
District: Burdwan
Market: Katwa
Arrival Date: 04/03/2019
Minimum Price: ₹7050
Maximum Price: ₹7150
Modal Price: ₹7100"
"What is the price of Bitter gourd in Memari market of Burdwan, West Bengal?","Commodity: Bitter gourd
Variety: Bitter Gourd
State: West Bengal
District: Burdwan
Market: Memari
Arrival Date: 04/03/2019
Minimum Price: ₹4800
Maximum Price: ₹5200
Modal Price: ₹5000"
"What is the price of Brinjal in Memari market of Burdwan, West Bengal?","Commodity: Brinjal
Variety: Arkasheela Mattigulla
State: West Bengal
District: Burdwan
Market: Memari
Arrival Date: 04/03/2019
Minimum Price: ₹1000
Maximum Price: ₹1300
Modal Price: ₹1200"
"What is the price of Cucumbar(Kheera) in Memari market of Burdwan, West Bengal?","Commodity: Cucumbar(Kheera)
Variety: Cucumbar
State: West Bengal
District: Burdwan
Market: Memari
Arrival Date: 04/03/2019
Minimum Price: ₹3000
Maximum Price: ₹3500
Modal Price: ₹3200"
"What is the price of Potato in Pandua market of Hooghly, West Bengal?","Commodity: Potato
Variety: Other
State: West Bengal
District: Hooghly
Market: Pandua
Arrival Date: 04/03/2019
Minimum Price: ₹460
Maximum Price: ₹490
Modal Price: ₹480"
"What is the price of Rice in Pandua market of Hooghly, West Bengal?","Commodity: Rice
Variety: Ratnachudi (718 5-749)
State: West Bengal
District: Hooghly
Market: Pandua
Arrival Date: 04/03/2019
Minimum Price: ₹2800
Maximum Price: ₹2900
Modal Price: ₹2850"
"What is the price of Bitter gourd in Dhupguri market of Jalpaiguri, West Bengal?","Commodity: Bitter gourd
Variety: Bitter Gourd
State: West Bengal
District: Jalpaiguri
Market: Dhupguri
Arrival Date: 04/03/2019
Minimum Price: ₹4850
Maximum Price: ₹5000
Modal Price: ₹4900"
"What is the price of Brinjal in Dhupguri market of Jalpaiguri, West Bengal?","Commodity: Brinjal
Variety: Other
State: West Bengal
District: Jalpaiguri
Market: Dhupguri
Arrival Date: 04/03/2019
Minimum Price: ₹700
Maximum Price: ₹850
Modal Price: ₹750"
"What is the price of Cabbage in Dhupguri market of Jalpaiguri, West Bengal?","Commodity: Cabbage
Variety: Cabbage
State: West Bengal
District: Jalpaiguri
Market: Dhupguri
Arrival Date: 04/03/2019
Minimum Price: ₹450
Maximum Price: ₹550
Modal Price: ₹500"
"What is the price of Cauliflower in Dhupguri market of Jalpaiguri, West Bengal?","Commodity: Cauliflower
Variety: Other
State: West Bengal
District: Jalpaiguri
Market: Dhupguri
Arrival Date: 04/03/2019
Minimum Price: ₹550
Maximum Price: ₹700
Modal Price: ₹650"
"What is the price of Cucumbar(Kheera) in Dhupguri market of Jalpaiguri, West Bengal?","Commodity: Cucumbar(Kheera)
Variety: Other
State: West Bengal
District: Jalpaiguri
Market: Dhupguri
Arrival Date: 04/03/2019
Minimum Price: ₹3000
Maximum Price: ₹3400
Modal Price: ₹3200"
"What is the price of Green Chilli in Dhupguri market of Jalpaiguri, West Bengal?","Commodity: Green Chilli
Variety: Green Chilly
State: West Bengal
District: Jalpaiguri
Market: Dhupguri
Arrival Date: 04/03/2019
Minimum Price: ₹2500
Maximum Price: ₹2700
Modal Price: ₹2600"
"What is the price of Potato in Dhupguri market of Jalpaiguri, West Bengal?","Commodity: Potato
Variety: Jyoti
State: West Bengal
District: Jalpaiguri
Market: Dhupguri
Arrival Date: 04/03/2019
Minimum Price: ₹475
Maximum Price: ₹575
Modal Price: ₹525"
"What is the price of Sweet Pumpkin in Dhupguri market of Jalpaiguri, West Bengal?","Commodity: Sweet Pumpkin
Variety: Sweet Pumpkin
State: West Bengal
District: Jalpaiguri
Market: Dhupguri
Arrival Date: 04/03/2019
Minimum Price: ₹1100
Maximum Price: ₹1300
Modal Price: ₹1200"
"What is the price of Tomato in Dhupguri market of Jalpaiguri, West Bengal?","Commodity: Tomato
Variety: Other
State: West Bengal
District: Jalpaiguri
Market: Dhupguri
Arrival Date: 04/03/2019
Minimum Price: ₹850
Maximum Price: ₹1000
Modal Price: ₹900"
"What is the price of Jute in Samsi market of Malda, West Bengal?","Commodity: Jute
Variety: TD-5
State: West Bengal
District: Malda
Market: Samsi
Arrival Date: 04/03/2019
Minimum Price: ₹3750
Maximum Price: ₹3850
Modal Price: ₹3800"
"What is the price of Mustard in Samsi market of Malda, West Bengal?","Commodity: Mustard
Variety: Sarson(Black)
State: West Bengal
District: Malda
Market: Samsi
Arrival Date: 04/03/2019
Minimum Price: ₹3950
Maximum Price: ₹4050
Modal Price: ₹4000"
"What is the price of Mustard in Samsi market of Malda, West Bengal?","Commodity: Mustard
Variety: Yellow (Black)
State: West Bengal
District: Malda
Market: Samsi
Arrival Date: 04/03/2019
Minimum Price: ₹4050
Maximum Price: ₹4150
Modal Price: ₹4100"
"What is the price of Onion in Samsi market of Malda, West Bengal?","Commodity: Onion
Variety: Onion
State: West Bengal
District: Malda
Market: Samsi
Arrival Date: 04/03/2019
Minimum Price: ₹700
Maximum Price: ₹800
Modal Price: ₹750"
"What is the price of Potato in Samsi market of Malda, West Bengal?","Commodity: Potato
Variety: Jyoti
State: West Bengal
District: Malda
Market: Samsi
Arrival Date: 04/03/2019
Minimum Price: ₹450
Maximum Price: ₹500
Modal Price: ₹475"
"What is the price of Rice in Samsi market of Malda, West Bengal?","Commodity: Rice
Variety: Fine
State: West Bengal
District: Malda
Market: Samsi
Arrival Date: 04/03/2019
Minimum Price: ₹3150
Maximum Price: ₹3250
Modal Price: ₹3200"
"What is the price of Rice in Samsi market of Malda, West Bengal?","Commodity: Rice
Variety: H.Y.V.
State: West Bengal
District: Malda
Market: Samsi
Arrival Date: 04/03/2019
Minimum Price: ₹2650
Maximum Price: ₹2750
Modal Price: ₹2700"
"What is the price of Gur(Jaggery) in Ghatal market of Medinipur(W), West Bengal?","Commodity: Gur(Jaggery)
Variety: Other
State: West Bengal
District: Medinipur(W)
Market: Ghatal
Arrival Date: 04/03/2019
Minimum Price: ₹2900
Maximum Price: ₹3000
Modal Price: ₹2950"
"What is the price of Jute in Ghatal market of Medinipur(W), West Bengal?","Commodity: Jute
Variety: TD-5
State: West Bengal
District: Medinipur(W)
Market: Ghatal
Arrival Date: 04/03/2019
Minimum Price: ₹4000
Maximum Price: ₹4200
Modal Price: ₹4100"
"What is the price of Mustard in Ghatal market of Medinipur(W), West Bengal?","Commodity: Mustard
Variety: Yellow (Black)
State: West Bengal
District: Medinipur(W)
Market: Ghatal
Arrival Date: 04/03/2019
Minimum Price: ₹4100
Maximum Price: ₹4300
Modal Price: ₹4200"
"What is the price of Potato in Ghatal market of Medinipur(W), West Bengal?","Commodity: Potato
Variety: Jyoti
State: West Bengal
District: Medinipur(W)
Market: Ghatal
Arrival Date: 04/03/2019
Minimum Price: ₹300
Maximum Price: ₹400
Modal Price: ₹350"
"What is the price of Rice in Ghatal market of Medinipur(W), West Bengal?","Commodity: Rice
Variety: Fine
State: West Bengal
District: Medinipur(W)
Market: Ghatal
Arrival Date: 04/03/2019
Minimum Price: ₹2500
Maximum Price: ₹2600
Modal Price: ₹2550"
"What is the price of Rice in Ghatal market of Medinipur(W), West Bengal?","Commodity: Rice
Variety: Masuri
State: West Bengal
District: Medinipur(W)
Market: Ghatal
Arrival Date: 04/03/2019
Minimum Price: ₹2350
Maximum Price: ₹2450
Modal Price: ₹2400"
"What is the price of Sesamum(Sesame,Gingelly,Til) in Ghatal market of Medinipur(W), West Bengal?","Commodity: Sesamum(Sesame,Gingelly,Til)
Variety: Red
State: West Bengal
District: Medinipur(W)
Market: Ghatal
Arrival Date: 04/03/2019
Minimum Price: ₹8500
Maximum Price: ₹8700
Modal Price: ₹8600"
"What is the price of Jute in Beldanga market of Murshidabad, West Bengal?","Commodity: Jute
Variety: TD-5
State: West Bengal
District: Murshidabad
Market: Beldanga
Arrival Date: 04/03/2019
Minimum Price: ₹4250
Maximum Price: ₹4320
Modal Price: ₹4300"
"What is the price of Potato in Beldanga market of Murshidabad, West Bengal?","Commodity: Potato
Variety: Jyoti
State: West Bengal
District: Murshidabad
Market: Beldanga
Arrival Date: 04/03/2019
Minimum Price: ₹390
Maximum Price: ₹410
Modal Price: ₹400"
"What is the price of Rice in Beldanga market of Murshidabad, West Bengal?","Commodity: Rice
Variety: Other
State: West Bengal
District: Murshidabad
Market: Beldanga
Arrival Date: 04/03/2019
Minimum Price: ₹2650
Maximum Price: ₹2800
Modal Price: ₹2700"
"What is the price of Jute in Jangipur market of Murshidabad, West Bengal?","Commodity: Jute
Variety: TD-5
State: West Bengal
District: Murshidabad
Market: Jangipur
Arrival Date: 04/03/2019
Minimum Price: ₹3750
Maximum Price: ₹3850
Modal Price: ₹3800"
"What is the price of Onion in Jangipur market of Murshidabad, West Bengal?","Commodity: Onion
Variety: Red
State: West Bengal
District: Murshidabad
Market: Jangipur
Arrival Date: 04/03/2019
Minimum Price: ₹850
Maximum Price: ₹880
Modal Price: ₹860"
"What is the price of Paddy(Dhan)(Common) in Jangipur market of Murshidabad, West Bengal?","Commodity: Paddy(Dhan)(Common)
Variety: Common
State: West Bengal
District: Murshidabad
Market: Jangipur
Arrival Date: 04/03/2019
Minimum Price: ₹1760
Maximum Price: ₹1795
Modal Price: ₹1780"
"What is the price of Potato in Jangipur market of Murshidabad, West Bengal?","Commodity: Potato
Variety: Jyoti
State: West Bengal
District: Murshidabad
Market: Jangipur
Arrival Date: 04/03/2019
Minimum Price: ₹500
Maximum Price: ₹560
Modal Price: ₹530"
"What is the price of Rice in Jangipur market of Murshidabad, West Bengal?","Commodity: Rice
Variety: Fine
State: West Bengal
District: Murshidabad
Market: Jangipur
Arrival Date: 04/03/2019
Minimum Price: ₹2890
Maximum Price: ₹2935
Modal Price: ₹2900"
"What is the price of Turmeric in Jangipur market of Murshidabad, West Bengal?","Commodity: Turmeric
Variety: Finger
State: West Bengal
District: Murshidabad
Market: Jangipur
Arrival Date: 04/03/2019
Minimum Price: ₹7250
Maximum Price: ₹7400
Modal Price: ₹7325"
"What is the price of Wheat in Jangipur market of Murshidabad, West Bengal?","Commodity: Wheat
Variety: Sonalika
State: West Bengal
District: Murshidabad
Market: Jangipur
Arrival Date: 04/03/2019
Minimum Price: ₹1975
Maximum Price: ₹2015
Modal Price: ₹2000"
"What is the price of Brinjal in Nadia market of Nadia, West Bengal?","Commodity: Brinjal
Variety: Round/Long
State: West Bengal
District: Nadia
Market: Nadia
Arrival Date: 04/03/2019
Minimum Price: ₹1400
Maximum Price: ₹1600
Modal Price: ₹1500"
"What is the price of Green Chilli in Nadia market of Nadia, West Bengal?","Commodity: Green Chilli
Variety: Other
State: West Bengal
District: Nadia
Market: Nadia
Arrival Date: 04/03/2019
Minimum Price: ₹4900
Maximum Price: ₹5100
Modal Price: ₹5000"
"What is the price of Jute in Nadia market of Nadia, West Bengal?","Commodity: Jute
Variety: TD-5
State: West Bengal
District: Nadia
Market: Nadia
Arrival Date: 04/03/2019
Minimum Price: ₹4250
Maximum Price: ₹4350
Modal Price: ₹4300"
"What is the price of Mustard in Nadia market of Nadia, West Bengal?","Commodity: Mustard
Variety: Yellow (Black)
State: West Bengal
District: Nadia
Market: Nadia
Arrival Date: 04/03/2019
Minimum Price: ₹4000
Maximum Price: ₹4150
Modal Price: ₹4100"
"What is the price of Onion in Nadia market of Nadia, West Bengal?","Commodity: Onion
Variety: Other
State: West Bengal
District: Nadia
Market: Nadia
Arrival Date: 04/03/2019
Minimum Price: ₹1100
Maximum Price: ₹1300
Modal Price: ₹1200"
"What is the price of Paddy(Dhan)(Common) in Nadia market of Nadia, West Bengal?","Commodity: Paddy(Dhan)(Common)
Variety: Fine
State: West Bengal
District: Nadia
Market: Nadia
Arrival Date: 04/03/2019
Minimum Price: ₹1750
Maximum Price: ₹1780
Modal Price: ₹1770"
"What is the price of Potato in Nadia market of Nadia, West Bengal?","Commodity: Potato
Variety: Other
State: West Bengal
District: Nadia
Market: Nadia
Arrival Date: 04/03/2019
Minimum Price: ₹570
Maximum Price: ₹590
Modal Price: ₹580"
"What is the price of Rice in Nadia market of Nadia, West Bengal?","Commodity: Rice
Variety: Fine
State: West Bengal
District: Nadia
Market: Nadia
Arrival Date: 04/03/2019
Minimum Price: ₹3700
Maximum Price: ₹3900
Modal Price: ₹3800"
"What is the price of Sweet Pumpkin in Nadia market of Nadia, West Bengal?","Commodity: Sweet Pumpkin
Variety: Sweet Pumpkin
State: West Bengal
District: Nadia
Market: Nadia
Arrival Date: 04/03/2019
Minimum Price: ₹1300
Maximum Price: ₹1500
Modal Price: ₹1400"
"What is the price of Bitter gourd in Habra market of North 24 Parganas, West Bengal?","Commodity: Bitter gourd
Variety: Other
State: West Bengal
District: North 24 Parganas
Market: Habra
Arrival Date: 04/03/2019
Minimum Price: ₹6400
Maximum Price: ₹6700
Modal Price: ₹6500"
"What is the price of Brinjal in Habra market of North 24 Parganas, West Bengal?","Commodity: Brinjal
Variety: Other
State: West Bengal
District: North 24 Parganas
Market: Habra
Arrival Date: 04/03/2019
Minimum Price: ₹1400
Maximum Price: ₹1800
Modal Price: ₹1600"
"What is the price of Green Chilli in Habra market of North 24 Parganas, West Bengal?","Commodity: Green Chilli
Variety: Other
State: West Bengal
District: North 24 Parganas
Market: Habra
Arrival Date: 04/03/2019
Minimum Price: ₹5400
Maximum Price: ₹5900
Modal Price: ₹5600"
"What is the price of Onion in Habra market of North 24 Parganas, West Bengal?","Commodity: Onion
Variety: Other
State: West Bengal
District: North 24 Parganas
Market: Habra
Arrival Date: 04/03/2019
Minimum Price: ₹1000
Maximum Price: ₹1100
Modal Price: ₹1000"
"What is the price of Papaya (Raw) in Habra market of North 24 Parganas, West Bengal?","Commodity: Papaya (Raw)
Variety: Other
State: West Bengal
District: North 24 Parganas
Market: Habra
Arrival Date: 04/03/2019
Minimum Price: ₹700
Maximum Price: ₹900
Modal Price: ₹800"
"What is the price of Potato in Habra market of North 24 Parganas, West Bengal?","Commodity: Potato
Variety: Other
State: West Bengal
District: North 24 Parganas
Market: Habra
Arrival Date: 04/03/2019
Minimum Price: ₹550
Maximum Price: ₹580
Modal Price: ₹560"
"What is the price of Pumpkin in Habra market of North 24 Parganas, West Bengal?","Commodity: Pumpkin
Variety: Other
State: West Bengal
District: North 24 Parganas
Market: Habra
Arrival Date: 04/03/2019
Minimum Price: ₹1300
Maximum Price: ₹1700
Modal Price: ₹1500"
"What is the price of Tomato in Habra market of North 24 Parganas, West Bengal?","Commodity: Tomato
Variety: Other
State: West Bengal
District: North 24 Parganas
Market: Habra
Arrival Date: 04/03/2019
Minimum Price: ₹1300
Maximum Price: ₹1600
Modal Price: ₹1400"
"What is the price of Bhindi(Ladies Finger) in Balarampur market of Puruliya, West Bengal?","Commodity: Bhindi(Ladies Finger)
Variety: Other
State: West Bengal
District: Puruliya
Market: Balarampur
Arrival Date: 04/03/2019
Minimum Price: ₹3200
Maximum Price: ₹3400
Modal Price: ₹3300"
"What is the price of Brinjal in Balarampur market of Puruliya, West Bengal?","Commodity: Brinjal
Variety: Other
State: West Bengal
District: Puruliya
Market: Balarampur
Arrival Date: 04/03/2019
Minimum Price: ₹1200
Maximum Price: ₹1400
Modal Price: ₹1300"
"What is the price of Lentil (Masur)(Whole) in Balarampur market of Puruliya, West Bengal?","Commodity: Lentil (Masur)(Whole)
Variety: Other
State: West Bengal
District: Puruliya
Market: Balarampur
Arrival Date: 04/03/2019
Minimum Price: ₹5440
Maximum Price: ₹5480
Modal Price: ₹5450"
"What is the price of Mustard Oil in Balarampur market of Puruliya, West Bengal?","Commodity: Mustard Oil
Variety: Other
State: West Bengal
District: Puruliya
Market: Balarampur
Arrival Date: 04/03/2019
Minimum Price: ₹9900
Maximum Price: ₹9980
Modal Price: ₹9940"
"What is the price of Onion in Balarampur market of Puruliya, West Bengal?","Commodity: Onion
Variety: Other
State: West Bengal
District: Puruliya
Market: Balarampur
Arrival Date: 04/03/2019
Minimum Price: ₹900
Maximum Price: ₹1100
Modal Price: ₹1000"
"What is the price of Potato in Balarampur market of Puruliya, West Bengal?","Commodity: Potato
Variety: Other
State: West Bengal
District: Puruliya
Market: Balarampur
Arrival Date: 04/03/2019
Minimum Price: ₹360
Maximum Price: ₹400
Modal Price: ₹380"
"What is the price of Rice in Balarampur market of Puruliya, West Bengal?","Commodity: Rice
Variety: Other
State: West Bengal
District: Puruliya
Market: Balarampur
Arrival Date: 04/03/2019
Minimum Price: ₹2620
Maximum Price: ₹2660
Modal Price: ₹2640"
"What is the price of Ridgeguard(Tori) in Balarampur market of Puruliya, West Bengal?","Commodity: Ridgeguard(Tori)
Variety: Other
State: West Bengal
District: Puruliya
Market: Balarampur
Arrival Date: 04/03/2019
Minimum Price: ₹3200
Maximum Price: ₹3400
Modal Price: ₹3300"
"What is the price of Tomato in Balarampur market of Puruliya, West Bengal?","Commodity: Tomato
Variety: Other
State: West Bengal
District: Puruliya
Market: Balarampur
Arrival Date: 04/03/2019
Minimum Price: ₹250
Maximum Price: ₹350
Modal Price: ₹300"
"What is the price of Arhar Dal(Tur Dal) in Purulia market of Puruliya, West Bengal?","Commodity: Arhar Dal(Tur Dal)
Variety: Arhar Dal(Tur)
State: West Bengal
District: Puruliya
Market: Purulia
Arrival Date: 04/03/2019
Minimum Price: ₹5900
Maximum Price: ₹6000
Modal Price: ₹6000"
"What is the price of Brinjal in Purulia market of Puruliya, West Bengal?","Commodity: Brinjal
Variety: Other
State: West Bengal
District: Puruliya
Market: Purulia
Arrival Date: 04/03/2019
Minimum Price: ₹1000
Maximum Price: ₹1400
Modal Price: ₹1200"
"What is the price of Gur(Jaggery) in Purulia market of Puruliya, West Bengal?","Commodity: Gur(Jaggery)
Variety: Other
State: West Bengal
District: Puruliya
Market: Purulia
Arrival Date: 04/03/2019
Minimum Price: ₹2550
Maximum Price: ₹2625
Modal Price: ₹2600"
"What is the price of Masur Dal in Purulia market of Puruliya, West Bengal?","Commodity: Masur Dal
Variety: Masur Dal
State: West Bengal
District: Puruliya
Market: Purulia
Arrival Date: 04/03/2019
Minimum Price: ₹6200
Maximum Price: ₹6400
Modal Price: ₹6300"
"What is the price of Moath Dal in Purulia market of Puruliya, West Bengal?","Commodity: Moath Dal
Variety: Moath Dal
State: West Bengal
District: Puruliya
Market: Purulia
Arrival Date: 04/03/2019
Minimum Price: ₹7300
Maximum Price: ₹7400
Modal Price: ₹7400"
"What is the price of Mustard Oil in Purulia market of Puruliya, West Bengal?","Commodity: Mustard Oil
Variety: Mustard Oil
State: West Bengal
District: Puruliya
Market: Purulia
Arrival Date: 04/03/2019
Minimum Price: ₹10400
Maximum Price: ₹10530
Modal Price: ₹10530"
"What is the price of Onion in Purulia market of Puruliya, West Bengal?","Commodity: Onion
Variety: Other
State: West Bengal
District: Puruliya
Market: Purulia
Arrival Date: 04/03/2019
Minimum Price: ₹900
Maximum Price: ₹1100
Modal Price: ₹1000"
"What is the price of Potato in Purulia market of Puruliya, West Bengal?","Commodity: Potato
Variety: Jyoti
State: West Bengal
District: Puruliya
Market: Purulia
Arrival Date: 04/03/2019
Minimum Price: ₹400
Maximum Price: ₹430
Modal Price: ₹420"
"What is the price of Pumpkin in Purulia market of Puruliya, West Bengal?","Commodity: Pumpkin
Variety: Other
State: West Bengal
District: Puruliya
Market: Purulia
Arrival Date: 04/03/2019
Minimum Price: ₹750
Maximum Price: ₹1100
Modal Price: ₹900"
"What is the price of Rice in Purulia market of Puruliya, West Bengal?","Commodity: Rice
Variety: Other
State: West Bengal
District: Puruliya
Market: Purulia
Arrival Date: 04/03/2019
Minimum Price: ₹2580
Maximum Price: ₹2620
Modal Price: ₹2600"
"What is the price of Tomato in Purulia market of Puruliya, West Bengal?","Commodity: Tomato
Variety: Other
State: West Bengal
District: Puruliya
Market: Purulia
Arrival Date: 04/03/2019
Minimum Price: ₹800
Maximum Price: ₹1000
Modal Price: ₹900"
"What is the price of Bitter gourd in Baruipur(Canning) market of Sounth 24 Parganas, West Bengal?","Commodity: Bitter gourd
Variety: Bitter Gourd
State: West Bengal
District: Sounth 24 Parganas
Market: Baruipur(Canning)
Arrival Date: 04/03/2019
Minimum Price: ₹3800
Maximum Price: ₹4100
Modal Price: ₹4000"
"What is the price of Brinjal in Baruipur(Canning) market of Sounth 24 Parganas, West Bengal?","Commodity: Brinjal
Variety: Brinjal
State: West Bengal
District: Sounth 24 Parganas
Market: Baruipur(Canning)
Arrival Date: 04/03/2019
Minimum Price: ₹2200
Maximum Price: ₹2300
Modal Price: ₹2250"
"What is the price of Cucumbar(Kheera) in Baruipur(Canning) market of Sounth 24 Parganas, West Bengal?","Commodity: Cucumbar(Kheera)
Variety: Cucumbar
State: West Bengal
District: Sounth 24 Parganas
Market: Baruipur(Canning)
Arrival Date: 04/03/2019
Minimum Price: ₹5200
Maximum Price: ₹5500
Modal Price: ₹5400"
"What is the price of Green Chilli in Baruipur(Canning) market of Sounth 24 Parganas, West Bengal?","Commodity: Green Chilli
Variety: Green Chilly
State: West Bengal
District: Sounth 24 Parganas
Market: Baruipur(Canning)
Arrival Date: 04/03/2019
Minimum Price: ₹7400
Maximum Price: ₹7800
Modal Price: ₹7600"
"What is the price of Guava in Baruipur(Canning) market of Sounth 24 Parganas, West Bengal?","Commodity: Guava
Variety: Other
State: West Bengal
District: Sounth 24 Parganas
Market: Baruipur(Canning)
Arrival Date: 04/03/2019
Minimum Price: ₹4600
Maximum Price: ₹4900
Modal Price: ₹4800"
"What is the price of Onion in Baruipur(Canning) market of Sounth 24 Parganas, West Bengal?","Commodity: Onion
Variety: Beelary-Red
State: West Bengal
District: Sounth 24 Parganas
Market: Baruipur(Canning)
Arrival Date: 04/03/2019
Minimum Price: ₹1200
Maximum Price: ₹1350
Modal Price: ₹1300"
"What is the price of Papaya (Raw) in Baruipur(Canning) market of Sounth 24 Parganas, West Bengal?","Commodity: Papaya (Raw)
Variety: Other
State: West Bengal
District: Sounth 24 Parganas
Market: Baruipur(Canning)
Arrival Date: 04/03/2019
Minimum Price: ₹1300
Maximum Price: ₹1450
Modal Price: ₹1400"
"What is the price of Potato in Baruipur(Canning) market of Sounth 24 Parganas, West Bengal?","Commodity: Potato
Variety: Jyoti
State: West Bengal
District: Sounth 24 Parganas
Market: Baruipur(Canning)
Arrival Date: 04/03/2019
Minimum Price: ₹680
Maximum Price: ₹710
Modal Price: ₹700"
"What is the price of Rice in Baruipur(Canning) market of Sounth 24 Parganas, West Bengal?","Commodity: Rice
Variety: Common
State: West Bengal
District: Sounth 24 Parganas
Market: Baruipur(Canning)
Arrival Date: 04/03/2019
Minimum Price: ₹2700
Maximum Price: ₹2900
Modal Price: ₹2800"
"What is the price of Rice in Baruipur(Canning) market of Sounth 24 Parganas, West Bengal?","Commodity: Rice
Variety: Super Fine
State: West Bengal
District: Sounth 24 Parganas
Market: Baruipur(Canning)
Arrival Date: 04/03/2019
Minimum Price: ₹4300
Maximum Price: ₹4500
Modal Price: ₹4400"
"What is the price of Sweet Pumpkin in Baruipur(Canning) market of Sounth 24 Parganas, West Bengal?","Commodity: Sweet Pumpkin
Variety: Sweet Pumpkin
State: West Bengal
District: Sounth 24 Parganas
Market: Baruipur(Canning)
Arrival Date: 04/03/2019
Minimum Price: ₹1400
Maximum Price: ₹1550
Modal Price: ₹1500"
"What is the price of Tomato in Baruipur(Canning) market of Sounth 24 Parganas, West Bengal?","Commodity: Tomato
Variety: Tomato
State: West Bengal
District: Sounth 24 Parganas
Market: Baruipur(Canning)
Arrival Date: 04/03/2019
Minimum Price: ₹1200
Maximum Price: ₹1350
Modal Price: ₹1300"
"What is the price of Jute in Islampur market of Uttar Dinajpur, West Bengal?","Commodity: Jute
Variety: TD-5
State: West Bengal
District: Uttar Dinajpur
Market: Islampur
Arrival Date: 04/03/2019
Minimum Price: ₹4500
Maximum Price: ₹4700
Modal Price: ₹4600"
"What is the price of Potato in Islampur market of Uttar Dinajpur, West Bengal?","Commodity: Potato
Variety: Jyoti
State: West Bengal
District: Uttar Dinajpur
Market: Islampur
Arrival Date: 04/03/2019
Minimum Price: ₹530
Maximum Price: ₹570
Modal Price: ₹550"
"What is the price of Rice in Islampur market of Uttar Dinajpur, West Bengal?","Commodity: Rice
Variety: Other
State: West Bengal
District: Uttar Dinajpur
Market: Islampur
Arrival Date: 04/03/2019
Minimum Price: ₹3550
Maximum Price: ₹3650
Modal Price: ₹3600"
"What is the price of Jute in Raiganj market of Uttar Dinajpur, West Bengal?","Commodity: Jute
Variety: TD-5
State: West Bengal
District: Uttar Dinajpur
Market: Raiganj
Arrival Date: 04/03/2019
Minimum Price: ₹4400
Maximum Price: ₹4600
Modal Price: ₹4500"
"What is the price of Rice in Raiganj market of Uttar Dinajpur, West Bengal?","Commodity: Rice
Variety: Other
State: West Bengal
District: Uttar Dinajpur
Market: Raiganj
Arrival Date: 04/03/2019
Minimum Price: ₹3450
Maximum Price: ₹3550
Modal Price: ₹3500"
"What is the price of Wheat in Raiganj market of Uttar Dinajpur, West Bengal?","Commodity: Wheat
Variety: Kalyan
State: West Bengal
District: Uttar Dinajpur
Market: Raiganj
Arrival Date: 04/03/2019
Minimum Price: ₹2075
Maximum Price: ₹2125
Modal Price: ₹2100"
